date,ENEL.MI,NOVN.SW,SAN.MC,SIE.DE,XLB,XLE,XLF,XLI,XLK,XLV,XLY
2013-01-02,1.619001,,3.199656,46.134552,14.589727,22.250917,10.667716,30.387684,12.555425,32.495094,20.734642
2013-01-03,1.607067,28.320368,3.188535,46.167580,14.483573,22.244814,10.655071,30.403336,12.475408,32.535046,20.785995
2013-01-04,1.609056,28.658089,3.200162,46.206120,14.661777,22.491718,10.781540,30.630402,12.424862,32.678848,20.863071
2013-01-07,1.579222,28.561602,3.196117,46.035454,14.631439,22.317978,10.756244,30.497284,12.408011,32.782734,20.811691
2013-01-08,1.573255,28.730459,3.205219,45.727154,14.654194,22.244814,10.724629,30.262394,12.361685,32.790722,20.751757
2013-01-09,1.596128,28.802830,3.236056,45.820759,14.748978,22.208248,10.711983,30.567753,12.382742,33.150280,20.785995
2013-01-10,1.596128,28.754583,3.277006,45.870296,14.813436,22.409416,10.844776,30.716511,12.445921,33.381985,20.905880
2013-01-11,1.619995,28.875198,3.332113,46.051971,14.790689,22.436859,10.819482,30.606911,12.462769,33.373981,20.923012
2013-01-14,1.599112,28.971689,3.346773,45.831768,14.794476,22.439896,10.787862,30.724344,12.382742,33.405956,20.974384
2013-01-15,1.615023,29.140547,3.327628,45.815247,14.809640,22.540489,10.832129,30.810480,12.302722,33.366005,21.128515
2013-01-16,1.592151,29.333536,3.328663,45.644585,14.703474,22.641075,10.838453,30.685213,12.344839,33.294079,21.081417
2013-01-17,1.593144,29.767750,3.337458,45.611553,14.817228,22.784330,10.832129,31.014057,12.395379,33.589706,21.304049
2013-01-18,1.550382,29.502392,3.332802,45.595036,14.915805,23.009890,10.844776,31.264614,12.378532,33.701576,21.329742
2013-01-21,1.548394,29.381771,3.342116,45.963882,,,,,,,
2013-01-22,1.562316,28.995819,3.328145,46.068489,15.059879,23.229355,10.945950,31.389900,12.412228,33.797459,21.385397
2013-01-23,1.544416,30.177835,3.327111,46.068489,14.976466,23.150105,10.939628,31.397728,12.542795,33.757511,21.402519
2013-01-24,1.565300,30.201960,3.357640,46.650787,15.021967,23.217155,10.996542,31.585630,12.327988,33.973244,21.565212
2013-01-25,1.572261,29.984852,3.383512,46.978027,15.075045,23.436617,11.047126,31.687441,12.340624,34.236900,21.792128
2013-01-28,1.591156,30.250206,3.370058,46.690979,14.930971,23.397001,11.002862,31.710917,12.382742,34.117062,21.689369
2013-01-29,1.612040,30.105467,3.361261,46.863209,15.014376,23.774950,11.047126,31.781378,12.399594,34.484585,21.603748
2013-01-30,1.587178,29.984852,3.311587,46.713940,14.930971,23.656082,10.996542,31.491682,12.361685,34.380718,21.565212
2013-01-31,1.597123,29.912483,3.197233,46.409676,14.794476,23.576830,10.990215,31.382069,12.382742,34.284851,21.462460
2013-02-01,1.559332,29.743626,3.122723,45.870022,14.976466,23.796286,11.135656,31.687441,12.521736,34.556507,21.586620
2013-02-04,1.488725,29.912483,2.944726,44.457756,14.832385,23.570732,11.009185,31.413391,12.357477,34.172974,21.321171
2013-02-05,1.506626,30.033102,3.032172,44.652946,14.908225,23.774950,11.116681,31.703091,12.500679,34.548519,21.548088
2013-02-06,1.483753,30.274330,3.017167,44.216637,14.923385,23.790195,11.135656,31.710917,12.496463,34.540516,21.595182
2013-02-07,1.459886,30.081345,2.998539,44.205162,14.843761,23.729237,11.104041,31.671766,12.496463,34.412689,21.548088
2013-02-08,1.465852,30.129585,3.104613,44.107555,14.930971,23.951736,11.129331,31.797045,12.605971,34.668350,21.715057
2013-02-11,1.467841,30.250206,3.054939,44.314240,14.912018,23.832865,11.179920,31.773563,12.631240,34.596451,21.642273
2013-02-12,1.484747,30.250206,3.108236,44.601273,14.919593,23.896877,11.268450,31.914482,12.589120,34.556507,21.727901
2013-02-13,1.484747,30.346703,3.118584,45.290184,14.972679,23.982224,11.243155,32.086754,12.584914,34.532536,21.775002
2013-02-14,1.453918,30.491438,3.093230,45.077778,14.923385,24.189493,11.281096,32.133739,12.551215,34.604450,21.783560
2013-02-15,1.438007,30.829157,3.049765,44.842396,14.919593,23.912115,11.230505,32.149406,12.542795,34.684345,21.809246
2013-02-18,1.436018,30.829157,3.030104,44.876842,,,,,,,
2013-02-19,1.462869,31.022137,3.088055,45.353340,14.855142,24.189493,11.338007,32.384281,12.627031,34.900074,21.890589
2013-02-20,1.441985,31.263372,3.032172,45.135181,14.438076,23.683519,11.167270,31.961466,12.454343,34.676350,21.556648
2013-02-21,1.387289,30.780910,2.954557,44.342937,14.305371,23.518923,11.078744,31.726580,12.353260,34.516552,21.376833
2013-02-22,1.422096,30.925650,3.024928,45.003147,14.494944,23.765812,11.217864,31.977127,12.504891,34.668350,21.496710
2013-02-25,1.431046,31.359858,3.050800,45.737988,14.161290,23.144007,10.914336,31.319433,12.327988,34.284851,21.162771
2013-02-26,1.347510,31.382610,2.907470,44.934246,14.312948,23.372604,10.971242,31.507339,12.399594,34.372730,21.372543
2013-02-27,1.365411,31.458168,2.988189,45.336121,14.566987,23.729237,11.141978,32.102413,12.504891,34.748249,21.697933
2013-02-28,1.378339,32.062649,3.006817,45.709274,14.593527,23.680466,11.123010,32.078922,12.479619,34.716301,21.804972
2013-03-01,1.352483,32.440456,2.966976,45.737988,14.601101,23.710934,11.154627,32.024124,12.500679,34.979965,21.856342
2013-03-04,1.369388,32.566380,2.978876,45.680569,14.620066,23.659140,11.249478,31.961466,12.538583,35.171715,22.049004
2013-03-05,1.401212,32.843433,3.035794,46.587643,14.718645,23.811535,11.344331,32.415600,12.711268,35.475338,22.271641
2013-03-06,1.377344,32.793064,2.991812,47.092838,14.847554,23.838964,11.420214,32.415600,12.702846,35.547253,22.254501
2013-03-07,1.385300,32.692314,3.001126,47.155987,14.889259,23.960884,11.502416,32.439083,12.732325,35.523285,22.293037
2013-03-08,1.412151,33.019745,3.096851,47.764534,15.010589,24.076714,11.534034,32.744457,12.757598,35.587215,22.528521
2013-03-11,1.411156,32.969372,3.054421,47.758797,15.094001,24.088898,11.622563,32.854061,12.787078,35.770981,22.584181
2013-03-12,1.381322,33.196053,3.035794,47.540634,15.105380,24.116339,11.559327,32.666145,12.740751,35.930782,22.519958
2013-03-13,1.298781,32.893810,3.011992,47.724346,15.067456,24.061472,11.590945,32.822750,12.732325,35.938766,22.644110
2013-03-14,1.317676,32.969372,3.089089,48.195099,15.158463,24.390659,11.666829,32.979351,12.824986,35.970715,22.669794
2013-03-15,1.301764,33.070118,3.088573,47.925278,15.171404,24.371382,11.706167,33.004528,12.771699,35.893696,22.583065
2013-03-18,1.299775,33.120491,3.016649,48.258251,15.064801,24.175434,11.591959,32.800056,12.775929,35.660973,22.411299
2013-03-19,1.290825,33.473103,2.906954,48.608448,15.000082,23.909071,11.528513,32.768600,12.759010,35.685066,22.252409
2013-03-20,1.325631,33.876091,2.958696,49.067726,15.114294,24.043777,11.604652,32.807915,12.822451,35.981953,22.510061
2013-03-21,1.319665,33.674595,2.919371,49.877193,14.855413,23.921303,11.465061,32.477634,12.678658,35.781330,22.321106
2013-03-22,1.340549,33.473103,2.895051,49.664780,14.874453,24.111122,11.534854,32.729294,12.759010,36.054169,22.595943
2013-03-25,1.295798,33.573853,2.801396,49.567188,14.760232,24.019276,11.503134,32.438324,12.729405,35.949852,22.557297
2013-03-26,1.275908,33.951656,2.736199,49.050503,14.863032,24.273409,11.579268,32.603455,12.809759,36.367134,22.668940
2013-03-27,1.262980,33.800529,2.706706,48.499367,14.859217,24.353012,11.522168,32.603455,12.775929,36.551704,22.677530
2013-03-28,1.265963,33.976837,2.712397,48.241028,14.916329,24.282587,11.553893,32.839390,12.801304,36.872688,22.759121
2013-04-01,,,,,14.786892,24.233599,11.496788,32.438324,12.716722,36.968975,22.587358
2013-04-02,1.291820,34.178333,2.787942,49.297356,14.642208,24.095823,11.566581,32.336082,12.767471,37.506615,22.776297
2013-04-03,1.255024,34.077587,2.706188,48.252502,14.520388,23.645752,11.376236,32.139481,12.665975,37.281925,22.565880
2013-04-04,1.258007,33.649418,2.687560,47.965466,14.646024,23.615116,11.477753,32.281052,12.670203,37.450428,22.694714
2013-04-05,1.282869,32.994564,2.681351,46.725426,14.585106,23.667181,11.439684,32.218128,12.572937,37.241798,22.583065
2013-04-08,1.281875,33.573853,2.688077,46.593380,14.630796,23.826391,11.553893,32.406876,12.627911,37.273895,22.840706
2013-04-09,1.297786,33.573853,2.715502,46.271885,14.802118,24.028465,11.585614,32.509098,12.716722,37.394283,22.780588
2013-04-10,1.342538,33.951656,2.854174,47.127289,14.904900,24.157059,11.744235,32.941601,12.940861,38.020180,23.046837
2013-04-11,1.341543,34.253899,2.865558,47.230625,14.969630,24.261160,11.769614,33.028107,12.898567,38.389309,23.240072
2013-04-12,1.317676,34.153149,2.791632,46.380966,14.748812,23.881496,11.718857,32.839390,12.843593,38.461536,23.364605
2013-04-15,1.312703,34.757622,2.792163,45.571491,14.204396,22.907875,11.471409,31.840673,12.632142,37.763409,22.750540
2013-04-16,1.304748,34.153149,2.785249,45.410755,14.463280,23.189552,11.649066,32.273186,12.788614,38.309063,23.076895
2013-04-17,1.291820,33.498295,2.740575,44.767761,14.250080,22.681303,11.433339,31.738428,12.526414,38.132523,22.840706
2013-04-18,1.316682,33.800529,2.749616,44.216637,14.208196,22.874197,11.312790,31.596886,12.395310,37.667103,22.591654
2013-04-19,1.326626,33.901279,2.780463,43.711437,14.375713,22.828260,11.471409,31.754175,12.412231,38.196728,22.862179
2013-04-22,1.362427,34.027214,2.821416,43.831993,14.512768,23.073206,11.484102,31.793480,12.509498,38.429443,22.960945
2013-04-23,1.423090,34.883560,2.967140,44.779240,14.638410,23.339581,11.693479,32.021530,12.644829,38.670174,23.192829
2013-04-24,1.440991,34.757622,2.990008,45.496868,14.859217,23.651876,11.763271,32.351818,12.665975,38.004128,23.210012
2013-04-25,1.456902,34.959126,2.919805,45.818356,15.022926,23.670246,11.833065,32.516949,12.708261,38.156609,23.407549
2013-04-26,1.438007,34.757622,2.879386,45.307407,14.809730,23.630442,11.782304,32.422592,12.704034,38.148575,23.304480
2013-04-29,1.486736,34.808002,2.954375,45.623165,15.034350,23.869246,11.833065,32.587723,12.885884,38.268940,23.386072
2013-04-30,1.459886,34.782818,2.920337,45.525574,15.057186,23.964163,11.864780,32.595600,13.025441,37.980068,23.450480
2013-05-01,,,,,14.790692,23.590635,11.731547,32.170937,12.911257,37.578850,23.325956
2013-05-02,1.459886,34.707245,2.914487,45.818356,14.897292,23.899870,11.833065,32.571999,13.076192,37.996098,23.553541
2013-05-03,1.471819,34.631683,2.969798,46.266151,15.159984,24.331577,11.959959,33.130341,13.198833,38.252888,23.849844
2013-05-06,1.464858,34.631683,2.949589,45.956135,15.201863,24.496904,12.086853,33.342674,13.262269,38.004128,23.927143
2013-05-07,1.480769,34.732437,2.988945,46.122631,15.346539,24.686735,12.150302,33.649353,13.253809,38.124512,24.128965
2013-05-08,1.481764,35.387302,2.994263,46.478565,15.479787,24.726547,12.251821,33.861679,13.359534,38.236855,24.146137
2013-05-09,1.459886,,2.971395,46.668022,15.460743,24.705099,12.162992,33.861679,13.321475,38.284996,24.189083
2013-05-10,1.471819,36.117710,2.925124,46.891918,15.445520,24.576519,12.213752,33.963905,13.359534,38.662144,24.378025
2013-05-13,1.460880,35.991776,2.861303,46.914879,15.335112,24.573446,12.251821,33.830212,13.325703,38.983128,24.382320
2013-05-14,1.468836,36.092518,2.840030,46.679501,15.525464,24.922487,12.461199,34.246998,13.367995,39.376320,24.631384
2013-05-15,1.464858,36.822937,2.887895,46.547455,15.613031,24.852062,12.575404,34.388557,13.410284,39.584957,24.764502
2013-05-16,1.456902,36.369576,2.893214,46.432636,15.540693,24.729605,12.492924,34.215538,13.482176,39.175716,24.476793
2013-05-17,1.461874,36.142899,2.927783,46.426899,15.708204,25.142925,12.657887,34.734550,13.617506,39.400406,24.712971
2013-05-20,1.462869,,2.906510,46.558929,15.723437,25.498091,12.683267,34.836792,13.617506,39.127571,24.639973
2013-05-21,1.444968,36.470322,2.894810,46.633568,15.704411,25.446049,12.714991,34.883972,13.575212,39.552872,24.751627
2013-05-22,1.448946,37.099987,2.908105,47.242107,15.491199,25.152113,12.581751,34.577286,13.427203,39.552872,24.515442
2013-05-23,1.417123,35.991776,2.862899,46.668022,15.498818,25.164371,12.505610,34.482929,13.422970,39.536808,24.463913
2013-05-24,1.420107,35.891029,2.821947,47.333965,15.445520,25.017406,12.518301,34.372822,13.401827,39.416451,24.390909
2013-05-27,1.453918,35.765095,2.877790,47.563602,,,,,,,
2013-05-28,1.491709,35.966587,2.967140,47.862125,15.586377,25.280710,12.645196,34.553692,13.465261,39.817677,24.627089
2013-05-29,1.473808,35.059864,2.972457,47.460258,15.536892,25.225605,12.645196,34.357105,13.431431,39.191772,24.373730
2013-05-30,1.478781,34.984306,2.969266,47.506187,15.586377,25.167437,12.797473,34.561565,13.516009,39.472614,24.373730
2013-05-31,1.450935,34.757622,2.946398,46.851723,15.342728,24.646933,12.588093,34.231266,13.389139,38.605972,24.098902
2013-06-03,1.420107,34.102779,2.924060,46.748386,15.418861,24.885752,12.600786,34.396416,13.456804,38.814613,24.206261
2013-06-04,1.419112,34.379822,2.968734,46.581894,15.399836,24.689795,12.486577,34.207691,13.397594,38.573868,24.120377
2013-06-05,1.393256,33.750156,2.934697,46.317825,15.057186,24.401987,12.283541,33.586449,13.266499,38.012177,23.721020
2013-06-06,1.369388,33.296799,2.890022,45.651867,15.156173,24.585691,12.454856,33.798775,13.296104,38.565849,23.970083
2013-06-07,1.378339,33.850906,2.907573,46.116890,15.297039,24.894934,12.670579,34.435730,13.418740,38.918922,24.408083
2013-06-10,1.373366,34.127964,2.878322,46.553196,15.369374,24.824503,12.676923,34.333504,13.448346,38.975094,24.335079
2013-06-11,1.333587,33.800529,2.817692,46.490044,15.156173,24.447924,12.467543,34.018959,13.308789,38.814613,24.094614
2013-06-12,1.321653,33.825726,2.809183,46.105404,15.080030,24.297895,12.334300,33.783020,13.219975,38.421394,23.828377
2013-06-13,1.334582,33.724968,2.794291,45.427967,15.357954,24.705099,12.569058,34.278454,13.372228,39.015232,24.274961
2013-06-14,1.328615,33.699787,2.812906,45.519829,15.247546,24.466286,12.404091,34.050407,13.270723,38.951015,24.197664
2013-06-17,1.365411,34.127964,2.818756,45.904472,15.376985,24.818386,12.524645,34.317780,13.393367,39.039303,24.330795
2013-06-18,1.365411,33.825726,2.830457,45.921688,15.445520,24.959227,12.607129,34.718819,13.499098,39.368305,24.579847
2013-06-19,1.345521,33.825726,2.792163,45.737988,15.327497,24.729605,12.435817,34.191956,13.342619,38.742390,24.300730
2013-06-20,1.302759,32.843433,2.675691,45.020367,14.931559,24.007032,12.169337,33.413433,13.046588,37.747353,23.665192
2013-06-21,1.273919,32.641945,2.636866,44.354420,14.880918,24.048252,12.180168,33.433971,12.967956,38.119762,23.710865
2013-06-24,1.266525,31.861156,2.576237,43.631065,14.643063,23.691389,11.963575,32.872803,12.810691,37.797325,23.495461
2013-06-25,1.260187,32.415272,2.590064,43.872181,14.731305,23.995955,12.186537,33.244289,12.916948,37.990780,23.706545
2013-06-26,1.298215,33.019745,2.686859,44.228115,14.800354,24.143631,12.307575,33.568363,12.993460,38.538933,24.003794
2013-06-27,1.301384,33.573853,2.640589,44.532394,14.792683,24.189774,12.466833,33.900314,13.057210,38.675953,24.210575
2013-06-28,1.272863,33.800529,2.607083,44.578316,14.712120,24.088249,12.390390,33.702721,13.001960,38.377701,24.296734
2013-07-01,1.288707,33.901279,2.685796,45.715019,14.796518,24.260529,12.428612,34.042595,13.069963,38.482498,24.464737
2013-07-02,1.287651,33.976837,2.691113,45.462418,14.750485,24.312813,12.441351,33.679016,13.091216,38.401905,24.507822
2013-07-03,1.262299,33.674595,2.631016,44.859619,14.754315,24.297449,12.403131,33.694809,13.167722,38.345474,24.619827
2013-07-04,1.308778,34.203518,2.736852,45.261482,,,,,,,
2013-07-05,1.282369,34.052399,2.664522,44.492199,14.854061,24.598934,12.626092,34.224377,13.252730,38.869423,24.886921
2013-07-08,1.307721,34.505760,2.738447,46.299255,14.938459,24.758909,12.721652,34.319233,13.244228,39.087074,25.119555
2013-07-09,1.305609,34.808002,2.738980,46.696186,15.168631,25.011168,12.829946,34.801373,13.295238,39.199909,25.218634
2013-07-10,1.282369,35.185795,2.709728,46.767292,15.164802,24.857347,12.753500,34.793472,13.337739,39.457867,25.244480
2013-07-11,1.277088,35.009491,2.719833,46.998344,15.410319,25.057322,12.874541,35.346760,13.563011,39.965694,25.606354
2013-07-12,1.216878,35.009491,2.675691,47.128674,15.356621,25.198824,12.963724,35.133358,13.571513,40.207539,25.726971
2013-07-15,1.228497,35.059864,2.697070,47.312336,15.394974,25.177298,13.021060,35.259811,13.609763,40.247829,25.662348
2013-07-16,1.231666,34.808002,2.669661,47.401203,15.279891,25.023468,12.970095,35.070118,13.618268,40.014061,25.524496
2013-07-17,1.240117,34.656879,2.707486,47.999573,15.421829,25.134226,13.027428,35.172855,13.631015,40.118835,25.537415
2013-07-18,1.270750,34.430206,2.757370,48.876377,15.429510,25.401867,13.199427,35.528553,13.597013,40.231697,25.683891
2013-07-19,1.261243,34.354645,2.739828,49.433266,15.529254,25.755657,13.205799,35.892136,13.367491,40.763729,25.662348
2013-07-22,1.270750,34.203518,2.751339,49.587307,15.544590,25.672583,13.294981,35.915848,13.405745,40.965248,25.645117
2013-07-23,1.295045,34.153149,2.812189,49.433266,15.590632,25.715664,13.244020,35.892136,13.350487,40.820156,25.610651
2013-07-24,1.318284,34.253899,2.882904,49.539913,15.444850,25.429569,13.148466,35.615498,13.439749,40.755665,25.524496
2013-07-25,1.319341,33.750156,2.960198,46.577705,15.590632,25.598766,13.161203,35.631290,13.448248,40.957172,25.558960
2013-07-26,1.326735,33.347176,2.987607,47.205692,15.533085,25.534161,13.148466,35.512745,13.486502,41.223183,25.640808
2013-07-29,1.313003,33.573853,2.988155,47.075356,15.621320,25.321886,13.052906,35.417889,13.465250,41.102264,25.507265
2013-07-30,1.342580,33.372360,3.011180,47.792210,15.582953,25.272665,13.046539,35.568085,13.533258,41.110336,25.442648
2013-07-31,1.322510,33.548660,3.011728,48.763813,15.529254,25.355734,13.052906,35.694546,13.486502,41.126453,25.576187
2013-08-01,1.354199,,3.033106,50.031643,15.644331,25.767962,13.263134,36.303143,13.631015,41.384415,25.972525
2013-08-02,1.382720,34.027214,3.039685,49.616920,15.732572,25.654137,13.256758,36.374271,13.690521,41.400528,26.157766
2013-08-05,1.385889,33.951656,3.015565,49.759113,15.690372,25.592611,13.231283,36.232010,13.720275,41.344097,26.101759
2013-08-06,1.362650,34.203518,3.015565,49.456974,15.544590,25.435720,13.110242,35.963287,13.648018,41.150650,25.994068
2013-08-07,1.388002,34.279076,3.039137,49.427338,15.552264,25.346498,13.021060,35.907940,13.614014,41.182884,25.765732
2013-08-08,1.414409,34.102779,3.085184,49.261459,15.782444,25.484934,13.052906,36.073917,13.656519,41.182884,25.938057
2013-08-09,1.400677,34.153149,3.108756,49.492519,15.874516,25.408024,13.008317,35.955376,13.588511,41.037788,25.882053
2013-08-12,1.409128,34.203518,3.104919,49.563606,15.851493,25.300348,12.957355,36.002781,13.677773,40.868519,25.847591
2013-08-13,1.412297,34.455387,3.120269,49.504364,15.909031,25.346498,13.021060,36.160870,13.771283,41.021664,25.847591
2013-08-14,1.407015,34.782818,3.154804,49.990166,15.874516,25.229593,12.970095,35.907940,13.758525,40.699234,25.563269
2013-08-15,,34.379822,3.116979,49.468819,15.759427,25.091152,12.778983,35.504845,13.537510,40.014061,25.115244
2013-08-16,1.421803,34.077587,3.190436,49.510288,15.636657,24.989639,12.753500,35.552254,13.524756,39.828659,25.024771
2013-08-19,1.394339,34.102779,3.099437,49.060028,15.513906,24.592794,12.587872,35.362568,13.482254,39.901218,24.917080
2013-08-20,1.370044,34.581314,3.031462,48.663101,15.602136,24.743523,12.708907,35.425793,13.503504,40.014061,25.171251
2013-08-21,1.353143,34.505760,3.011728,48.420185,15.483213,24.608160,12.619722,35.180763,13.473753,39.772240,24.955847
2013-08-22,1.374269,34.858372,3.072577,49.048191,15.667349,24.974251,12.766240,35.662922,13.533258,40.030182,25.205713
2013-08-23,1.386945,34.959126,3.105468,49.000793,15.793953,25.152685,12.778983,35.670822,13.631015,40.134964,25.210020
2013-08-26,1.355256,35.009491,3.080799,49.131134,15.793953,25.109610,12.696167,35.591789,13.567260,40.191395,25.158321
2013-08-27,1.308778,34.505760,2.967324,48.343174,15.517742,24.952719,12.390390,34.872520,13.329239,39.538464,24.749071
2013-08-28,1.325679,34.077587,2.973904,48.135830,15.487046,25.368036,12.409500,34.904137,13.337739,39.707760,24.882612
2013-08-29,1.345749,34.102779,2.976644,48.260239,15.536916,25.103462,12.441351,35.006878,13.409996,39.828659,25.003242
2013-08-30,1.321454,34.178333,2.927308,47.448593,15.510068,25.094231,12.384017,34.809277,13.346238,39.675518,24.848152
2013-09-02,1.345749,35.185795,2.985964,48.426121,,,,,,,
2013-09-03,1.349974,35.286545,2.971162,48.177303,15.602136,25.278812,12.485943,35.030594,13.358992,39.933453,25.024771
2013-09-04,1.320397,35.236172,2.987060,48.698643,15.747910,25.414181,12.581501,35.386272,13.486502,40.392921,25.287561
2013-09-05,1.317228,35.639160,3.004602,50.120506,15.774763,25.500320,12.613350,35.473217,13.495005,40.449345,25.296171
2013-09-06,1.378495,35.815472,3.049004,51.631241,15.755594,25.497240,12.613350,35.457420,13.503504,40.465477,25.266020
2013-09-09,1.394339,35.437664,3.037494,51.394241,15.993437,25.783352,12.759872,35.900028,13.665022,40.715351,25.490036
2013-09-10,1.424973,35.865845,3.113691,52.146656,16.135378,25.792574,12.912762,36.421711,13.750027,40.973282,25.735582
2013-09-11,1.451380,35.840652,3.143840,52.164421,16.235123,25.989470,12.925501,36.571892,13.686271,41.247364,25.925129
2013-09-12,1.460887,35.815472,3.160285,51.720097,16.066328,25.835649,12.829946,36.421711,13.699021,41.182884,25.864822
2013-09-13,1.465112,35.739910,3.160834,51.506821,16.173737,25.826410,12.868169,36.524456,13.711772,41.279606,25.938057
2013-09-16,1.484126,35.210987,3.173991,52.128883,16.354048,25.820267,13.008317,36.998688,13.690521,41.650410,26.054373
2013-09-17,1.491520,35.059864,3.171250,52.478413,16.308010,25.937168,13.072018,37.156765,13.758525,41.674606,26.205151
2013-09-18,1.473564,35.160618,3.222779,53.141956,16.683968,26.250967,13.186686,37.623100,13.932797,41.932545,26.506702
2013-09-19,1.503140,34.933937,3.260056,53.515190,16.626421,26.186352,13.135724,37.749588,13.941294,41.795509,26.498087
2013-09-20,1.492577,35.261364,3.268278,53.420395,16.432104,25.974031,13.066016,37.288227,13.842207,41.716991,26.338232
2013-09-23,1.491520,35.085060,3.235388,53.153797,16.308727,25.847300,12.880544,37.169125,13.884913,41.425613,26.135164
2013-09-24,1.522153,35.110237,3.271019,53.118248,16.301022,25.872036,12.797404,37.304127,13.825120,41.215168,26.204292
2013-09-25,1.539055,35.185795,3.317067,53.426331,16.343428,25.865864,12.867750,37.137371,13.803768,40.891388,26.044428
2013-09-26,1.542224,35.210987,3.332964,53.438175,16.451376,25.912216,12.867750,37.304127,13.855022,41.037098,26.290703
2013-09-27,1.517928,35.085060,3.334060,53.218975,16.254751,25.822586,12.822982,37.065910,13.769605,41.037098,26.295019
2013-09-30,1.495746,35.009491,3.304458,52.762791,16.196918,25.624792,12.733449,36.851528,13.684185,40.948048,26.195654
2013-10-01,1.547506,35.009491,3.379012,54.445320,16.266317,25.788593,12.822982,37.081795,13.803768,41.466072,26.407358
2013-10-02,1.559125,34.530941,3.388332,54.214268,16.308727,25.847300,12.816586,36.907093,13.808042,41.368946,26.398718
2013-10-03,1.550675,34.405010,3.363662,,16.169931,25.621685,12.720658,36.502144,13.688452,41.004719,26.100597
2013-10-04,1.591871,34.505760,3.468914,53.621822,16.405115,25.881310,12.822982,36.740349,13.743977,41.457985,26.346870
2013-10-07,1.606659,34.279076,3.470010,53.183430,16.204626,25.668053,12.675886,36.486267,13.684185,40.996616,25.975302
2013-10-08,1.598208,33.850906,3.433282,53.023468,15.946316,25.392982,12.515999,36.073357,13.466361,40.405750,25.564842
2013-10-09,1.628842,33.548660,3.479877,52.555443,15.969436,25.303354,12.560769,36.057476,13.517615,40.332909,25.448185
2013-10-10,1.672151,33.750156,3.598834,53.728466,16.308727,25.773136,12.918918,36.986507,13.743977,41.271816,26.040115
2013-10-11,1.692221,34.203518,3.576359,54.149094,16.405115,26.051296,12.989266,37.161201,13.859293,41.466072,26.264774
2013-10-14,1.695390,34.253899,3.616376,54.054310,16.462950,26.227461,13.053224,37.304127,13.906271,41.765568,26.372793
2013-10-15,1.697502,34.178333,3.680513,53.485558,16.362707,26.131655,12.957289,36.930916,13.820851,41.498466,26.122200
2013-10-16,1.730248,34.002029,3.756805,53.420395,16.528498,26.524166,13.232296,37.177074,13.953254,42.348328,26.446243
2013-10-17,1.714404,34.052399,3.769707,52.822029,16.744396,26.579805,13.347413,37.462917,13.957529,42.704468,26.640663
2013-10-18,1.711235,34.052399,3.800000,53.864735,16.794519,26.870323,13.372997,37.867886,14.196699,42.534492,26.804852
2013-10-21,1.699615,34.203518,3.784853,53.621822,16.790657,26.749777,13.347413,37.963173,14.273577,42.315956,26.873978
2013-10-22,1.690108,34.883560,3.758488,54.741539,17.033560,26.898134,13.372997,38.217270,14.269305,42.712578,27.055441
2013-10-23,1.649968,35.110237,3.668734,54.806717,16.921751,26.477802,13.264276,38.233150,14.200968,42.631630,26.882614
2013-10-24,1.699615,35.135429,3.709684,55.476170,17.006578,26.604528,13.283463,38.518993,14.235135,42.631630,27.150492
2013-10-25,1.686939,35.437664,3.663125,55.600582,17.056700,26.765236,13.341021,38.717510,14.307744,42.688290,27.353563
2013-10-28,1.698559,35.714722,3.560465,55.416927,16.971872,26.786880,13.309039,38.661938,14.354724,42.833981,27.301714
2013-10-29,1.721798,35.739910,3.640685,55.855339,17.006578,26.975407,13.347413,38.773094,14.448689,43.117268,27.461582
2013-10-30,1.694333,35.739910,3.604221,55.529484,16.902473,26.793053,13.296251,38.598415,14.418789,42.882557,27.327639
2013-10-31,1.716516,35.488037,3.668173,55.796085,16.875486,26.700346,13.155551,38.606346,14.371809,42.712578,27.396767
2013-11-01,1.696446,35.412483,3.637318,55.665756,16.836933,26.604528,13.187528,38.884270,14.376079,42.995869,27.461582
2013-11-04,1.702784,35.311733,3.649660,55.440620,16.906330,26.935223,13.193922,39.027206,14.431604,43.028236,27.556633
2013-11-05,1.661587,35.412483,3.607026,54.747471,16.833078,26.691061,13.123570,38.987495,14.393164,42.882557,27.556633
2013-11-06,1.694333,35.714722,3.647416,54.818565,16.948742,26.771423,13.187528,39.098679,14.538373,42.785423,27.487499
2013-11-07,1.654194,35.588783,3.624978,56.672894,16.725124,26.357267,13.040430,38.685745,14.350459,42.404999,26.917187
2013-11-08,1.713347,35.739910,3.595247,56.649200,17.037418,26.749777,13.341021,39.209824,14.478581,43.028236,27.344921
2013-11-11,1.737642,36.042152,3.622733,56.631432,17.029707,26.799234,13.347413,39.178059,14.495667,43.133453,27.388134
2013-11-12,1.748206,36.117710,3.593004,56.204868,16.975727,26.551991,13.219508,39.193935,14.534105,43.109169,27.340601
2013-11-13,1.745037,36.142899,3.585710,56.400375,17.068260,26.783785,13.334625,39.424210,14.657966,43.352013,27.772659
2013-11-14,1.762995,36.294014,3.582906,57.454922,17.210911,26.944494,13.449748,39.575085,14.619528,43.716232,27.967087
2013-11-15,1.739755,36.394760,3.583466,57.300896,17.322723,27.092850,13.513698,39.710068,14.649420,43.967144,28.062138
2013-11-18,1.780952,36.218456,3.636759,57.413456,17.214773,26.885775,13.507303,39.773582,14.593900,43.772911,27.841789
2013-11-19,1.737642,35.991776,3.563271,56.992821,17.160788,26.932138,13.526489,39.487740,14.542649,43.821465,27.720816
2013-11-20,1.730248,36.243649,3.556539,57.377899,17.021992,26.867228,13.488118,39.313049,14.495667,43.950954,27.578230
2013-11-21,1.745037,36.445129,3.577295,56.838779,17.160788,27.123762,13.679983,39.630676,14.619528,44.129044,27.863388
2013-11-22,1.737642,36.369576,3.605904,57.389755,17.249479,27.269018,13.743939,39.980042,14.589628,44.719925,28.018930
2013-11-25,1.746093,36.646629,3.612635,57.917030,17.141510,27.021769,13.763122,39.892700,14.589628,44.897991,28.044865
2013-11-26,1.762995,36.268826,3.601417,57.822224,17.099106,26.953762,13.750331,39.972099,14.640873,44.768475,28.209034
2013-11-27,1.772501,35.991776,3.655831,58.272488,17.110676,26.771423,13.788711,40.130913,14.756194,44.752277,28.317041
2013-11-28,1.787290,35.865845,3.693416,58.219173,,,,,,,
2013-11-29,1.768276,36.092518,3.670415,57.585258,17.095245,26.715794,13.737541,40.019756,14.815985,44.727997,28.342966
2013-12-02,1.701728,36.294014,3.635075,57.715599,17.052839,26.734322,13.731150,39.852993,14.769010,44.744167,28.209034
2013-12-03,1.657362,35.840652,3.573368,56.394447,16.852354,26.799234,13.590447,39.511559,14.803178,44.355659,27.941158
2013-12-04,1.652081,35.588783,3.548124,55.796085,16.933315,26.712694,13.622422,39.352757,14.815985,44.201881,27.876350
2013-12-05,1.625673,35.336922,3.478004,55.316208,16.836933,26.623070,13.494513,39.368629,14.769010,44.120937,27.906591
2013-12-06,1.641518,35.336922,3.492589,56.092304,17.068260,26.706514,13.679983,39.972099,14.871513,44.695629,28.139908
2013-12-09,1.651024,35.210987,3.525686,56.044910,17.156939,26.743605,13.737541,40.075329,14.918489,44.784660,28.118305
2013-12-10,1.632011,34.833187,3.496516,55.778309,17.207056,26.663252,13.686375,39.987972,14.888597,44.606606,28.135586
2013-12-11,1.619335,34.782818,3.448834,55.576885,16.914042,26.286186,13.500908,39.360680,14.751924,43.837650,27.876350
2013-12-12,1.607715,34.430206,3.398907,55.464325,16.879339,26.397453,13.500908,39.400394,14.653692,43.521969,27.789940
2013-12-13,1.593983,34.405010,3.388248,55.268806,16.960306,26.310911,13.513698,39.519505,14.606709,43.554363,27.859068
2013-12-16,1.634124,34.329456,3.464540,56.874332,17.029707,26.539627,13.596842,39.892700,14.751924,43.635300,28.040535
2013-12-17,1.595040,34.153149,3.410687,56.222649,17.141510,26.388180,13.507303,39.876816,14.747653,43.424843,27.967087
2013-12-18,1.623560,34.480583,3.461175,56.400375,17.349718,26.786880,13.820681,40.543819,14.862967,44.501358,28.381851
2013-12-19,1.648912,35.462856,3.544198,57.703747,17.376696,26.864147,13.801495,40.583511,14.888597,44.404240,28.364582
2013-12-20,1.635179,35.488037,3.574490,58.065132,17.431787,26.911650,13.885670,40.909927,15.004911,44.627750,28.482571
2013-12-23,1.640461,35.437664,3.595807,58.687187,17.517151,26.939602,13.949929,41.069538,15.202346,44.798416,28.608362
2013-12-24,,,3.618807,,17.707256,27.088648,13.975634,41.261097,15.245261,44.717133,28.669098
2013-12-26,,,,,17.804256,27.281145,14.007760,41.548401,15.283893,45.050377,28.881653
2013-12-27,1.675319,36.042152,3.652465,59.392208,17.858572,27.414663,14.001335,41.500519,15.271016,45.009735,28.747175
2013-12-30,1.676376,35.865845,3.646295,58.823460,17.870209,27.219049,13.975634,41.460606,15.240970,45.082882,28.877316
2013-12-31,,,3.649660,,17.932283,27.482979,14.046311,41.708019,15.339691,45.058483,28.990107
2014-01-02,1.655249,,3.571685,58.645729,17.788733,27.091747,13.969202,41.125423,15.189473,44.806545,28.855627
2014-01-03,1.678489,36.092518,3.596368,58.947876,17.746052,26.992380,14.065592,41.237152,15.116506,44.912201,28.777538
2014-01-06,1.682714,36.193260,3.638441,58.764206,17.649065,27.029640,14.078442,40.997730,15.090753,44.725288,28.599697
2014-01-07,1.703841,36.344387,3.775879,59.060436,17.618031,27.234577,14.084865,41.253124,15.228090,45.196655,28.773201
2014-01-08,1.712291,36.596260,3.805049,58.308025,17.722773,27.045174,14.129848,41.181286,15.228090,45.594913,28.695116
2014-01-09,1.700672,36.394760,3.775879,57.917030,17.652935,26.961334,14.181247,41.380814,15.129373,45.936241,28.690781
2014-01-10,1.727079,36.822937,3.789340,58.023663,17.707256,26.983067,14.155541,41.444653,15.159424,46.115070,28.777538
2014-01-13,1.745037,36.848122,3.819633,58.367275,17.466713,26.445890,13.943504,40.941845,14.996325,45.741196,28.200609
2014-01-14,1.751375,36.646629,3.821878,58.491692,17.711140,26.790552,14.059161,41.372833,15.249555,46.318249,28.443525
2014-01-15,1.765107,37.024429,3.918844,60.043888,17.819773,26.712927,14.226228,41.668114,15.434114,46.277596,28.512934
2014-01-16,1.753488,37.276295,3.862042,59.244091,17.862446,26.750177,14.136273,41.564373,15.429816,46.391407,28.361116
2014-01-17,1.777783,37.351849,3.851140,59.569935,17.819773,26.706720,14.091292,41.356865,15.343982,46.342613,28.235319
2014-01-20,1.779895,37.175545,3.847697,59.481060,,,,,,,
2014-01-21,1.790458,37.351849,3.827042,59.226322,17.928402,26.927181,14.104144,41.396774,15.421237,46.610828,28.209276
2014-01-22,1.832711,37.150364,3.795484,58.361370,17.753815,27.051378,14.110564,41.524448,15.404069,46.651482,28.283022
2014-01-23,1.837993,37.125172,3.769090,58.053288,17.489986,26.743969,13.879246,41.029663,15.374020,46.326374,28.083481
2014-01-24,1.785177,36.016956,3.635977,57.069832,17.020538,26.185068,13.564393,39.752701,15.077876,45.237297,27.545586
2014-01-27,1.760882,35.714722,3.593517,57.709671,16.950708,26.091915,13.480865,39.792606,14.936235,44.871563,27.437141
2014-01-28,1.785177,35.916222,3.649746,58.616112,17.047693,26.290625,13.660778,40.167709,14.846109,45.473007,27.628012
2014-01-29,1.755600,35.916222,3.663518,58.161171,17.117531,26.144695,13.500138,39.736736,14.730226,45.058483,27.185535
2014-01-30,1.785177,36.394760,3.689336,57.713634,17.199011,26.228537,13.692901,40.127811,14.910484,45.879364,27.641022
2014-01-31,1.789402,36.168083,3.677861,57.603283,17.086496,25.890083,13.532266,39.928288,14.944823,45.481117,27.250610
2014-02-03,1.737642,35.991776,3.569420,56.843082,16.686872,25.427416,13.191711,38.818958,14.631505,44.587105,26.534855
2014-02-04,1.755600,35.588783,3.596387,56.303593,16.834309,25.688251,13.320223,39.066357,14.687296,45.025982,26.860191
2014-02-05,1.764051,35.790283,3.636550,56.450729,16.853703,25.436739,13.307371,39.050404,14.700173,44.774040,26.894903
2014-02-06,1.842218,35.966587,3.712860,56.996353,17.105898,25.815559,13.512992,39.593094,14.863278,45.025982,27.463167
2014-02-07,1.882358,36.369576,3.758189,57.259964,17.342562,26.095013,13.680056,40.279449,15.064997,45.798107,27.801525
2014-02-10,1.886583,36.268826,3.696795,57.161884,17.427912,25.967709,13.692901,40.024055,15.095035,46.180077,27.784174
2014-02-11,1.882358,36.394760,3.752451,57.676857,17.629660,26.306171,13.834267,40.470989,15.279596,46.805893,27.988050
2014-02-12,1.895034,36.974060,3.736385,57.879166,17.598625,26.244051,13.834267,40.702442,15.339691,46.805893,28.014080
2014-02-13,1.911935,36.999237,3.746714,57.805599,17.749931,26.368267,13.885670,40.734364,15.451280,47.139099,28.100838
2014-02-14,1.956300,37.225922,3.747861,58.277664,17.893484,26.712927,13.904949,40.997730,15.481318,47.309784,28.270006
2014-02-17,1.937287,37.125172,3.763926,58.510624,,,,,,,
2014-02-18,1.955244,36.948872,3.736385,58.075340,17.905121,26.834024,13.930652,40.965801,15.489906,47.748665,28.304708
2014-02-19,1.960526,36.822937,3.727206,58.351223,17.780970,26.868177,13.737883,40.582714,15.438400,47.456097,28.074806
2014-02-20,1.994328,36.797749,3.729501,58.265400,17.967207,27.045174,13.776432,40.965801,15.489906,47.886833,28.226633
2014-02-21,1.984821,37.200733,3.718600,58.148918,17.920637,26.830919,13.802138,41.013691,15.429816,47.797447,28.283022
2014-02-24,1.990103,37.477787,3.769665,58.663879,17.858572,27.234577,13.904949,41.324944,15.489906,48.155048,28.400150
2014-02-25,1.978483,37.704472,3.798353,59.344387,17.924526,27.222151,13.821415,41.189270,15.446990,48.033131,28.599697
2014-02-26,1.959470,37.931152,3.778271,59.276955,18.060314,27.051378,13.802138,41.229172,15.459867,48.033131,28.760193
2014-02-27,1.961582,38.467918,3.773682,58.860073,18.203863,27.079325,13.872814,41.468594,15.584330,48.309479,28.877316
2014-02-28,1.964751,38.494114,3.767371,59.319866,18.265949,27.215952,13.943504,41.548401,15.601499,48.309479,28.994436
2014-03-03,1.893978,37.734188,3.655485,56.996353,18.223257,27.042059,13.834267,41.269073,15.434114,47.951859,28.721148
2014-03-04,1.985877,38.520321,3.753025,58.565792,18.510368,27.337048,14.116992,41.867634,15.635836,48.862141,29.081192
2014-03-05,2.043974,38.756153,3.801222,58.584190,18.553040,27.082436,14.264779,41.923508,15.657294,48.740215,29.202654
2014-03-06,2.040806,38.939594,3.831057,58.492222,18.622881,27.278048,14.309756,42.162933,15.678755,48.439499,29.276398
2014-03-07,2.014398,38.179665,3.761632,56.892139,18.541403,27.330830,14.374017,42.298599,15.631542,48.317604,29.233025
2014-03-10,2.021792,38.048645,3.789173,56.340378,18.525885,27.374302,14.380442,42.115051,15.605790,48.520790,29.154936
2014-03-11,2.017567,38.205872,3.755320,56.996353,18.335781,27.063799,14.284057,41.811775,15.571449,48.423252,28.985769
2014-03-12,2.042919,37.943825,3.721468,55.757969,18.328026,27.066912,14.258351,41.731968,15.597210,48.415123,28.942379
2014-03-13,2.080945,37.681786,3.696223,54.746426,18.196104,26.796764,14.097717,41.141399,15.386896,47.756805,28.591021
2014-03-14,2.056651,37.314926,3.648598,55.555653,18.196104,26.821602,14.007760,40.981758,15.292480,47.496712,28.564974
2014-03-17,2.132706,37.629375,3.689336,57.437767,18.343538,26.964434,14.155541,41.484562,15.472738,47.959988,28.755857
2014-03-18,2.158057,37.839012,3.736385,58.142788,18.448294,27.191107,14.226228,41.708019,15.674464,48.472034,28.881653
2014-03-19,2.165451,37.524563,3.727206,57.817863,18.285345,26.986181,14.219807,41.277054,15.610082,48.325726,28.690781
2014-03-20,2.181296,37.734188,3.738681,59.068516,18.529770,27.091747,14.444693,41.396774,15.730263,48.325726,28.764528
2014-03-21,2.128480,38.022442,3.738106,59.926800,18.451864,27.165695,14.446631,41.400791,15.651376,47.449005,28.580894
2014-03-24,2.083058,37.550758,3.695073,58.461578,18.307734,27.109528,14.440185,41.264507,15.638441,46.918892,28.293690
2014-03-25,2.115804,37.760395,3.740977,59.558956,18.409010,27.352924,14.427285,41.641235,15.733278,47.334820,28.123989
2014-03-26,2.142213,37.812805,3.818435,59.883881,18.144136,27.224976,14.278949,41.216419,15.543619,47.351147,27.897705
2014-03-27,2.146438,37.734188,3.844254,59.822567,18.093498,27.446520,14.201550,41.160290,15.487581,47.245110,27.762800
2014-03-28,2.172845,37.970032,3.918844,60.674721,18.218149,27.789764,14.259601,41.464897,15.547923,47.065685,27.971684
2014-03-31,2.169676,39.306450,3.971058,59.896141,18.416803,27.789764,14.407934,41.945839,15.668621,47.701828,28.163145
2014-04-01,2.165451,38.913387,4.039336,60.129112,18.518082,27.955145,14.433733,42.242420,15.853972,48.003578,28.554787
2014-04-02,2.129536,39.227840,4.024418,60.313023,18.654413,28.054995,14.465979,42.538998,15.862588,48.215630,28.746250
2014-04-03,2.170733,39.018204,4.101302,60.680855,18.677788,28.235973,14.440185,42.603123,15.784994,48.109596,28.607006
2014-04-04,2.177070,38.991997,4.147779,61.208099,18.440172,28.133001,14.298294,42.114162,15.483271,47.310352,28.132687
2014-04-07,2.167564,38.520321,4.116794,59.675434,18.171402,27.661825,14.079015,41.513000,15.362574,46.837345,27.584394
2014-04-08,2.153832,38.625134,4.116221,60.098446,18.241522,27.939541,14.098363,41.513000,15.500518,46.454037,27.862886
2014-04-09,2.184465,38.520321,4.172635,60.184273,18.518082,28.067480,14.220902,42.042023,15.707417,47.449005,28.163145
2014-04-10,2.129536,38.887177,4.117218,59.626396,18.148027,27.677429,13.891985,41.208405,15.345331,45.866829,27.462549
2014-04-11,2.092566,38.205872,4.121301,59.178852,17.929897,27.599438,13.724298,40.799599,15.172919,45.434586,27.083969
2014-04-14,2.118973,38.703751,4.086300,59.068516,18.074024,27.976978,13.833934,41.032059,15.323781,45.687412,27.297190
2014-04-15,2.068270,38.546524,4.043134,58.173435,18.183084,28.351433,13.962930,41.320629,15.401374,46.176720,27.331995
2014-04-16,2.157001,38.965794,4.112551,59.240166,18.451864,28.691544,14.072566,41.953869,15.552239,46.405102,27.714949
2014-04-17,2.157001,39.149223,4.120719,59.724487,18.510290,28.953650,14.098363,42.282501,15.530688,46.396935,27.749746
2014-04-21,,,,,18.514191,29.150221,14.085467,42.402733,15.591036,46.951511,27.823732
2014-04-22,2.185521,40.040169,4.153385,60.711517,18.580406,29.103428,14.182210,42.426773,15.655684,47.465321,28.063070
2014-04-23,2.160170,39.961563,4.111385,59.749008,18.584299,29.256321,14.214453,42.587097,15.487581,47.228806,27.932522
2014-04-24,2.173902,39.201633,4.141718,59.767395,18.502504,29.265690,14.208000,42.506931,15.608275,47.155396,28.084816
2014-04-25,2.110523,39.070614,4.069967,58.835537,18.370066,29.090948,14.091916,42.090126,15.409995,46.804714,27.606153
2014-04-28,2.129536,39.227840,4.110218,57.376453,18.292156,29.140869,14.008071,42.114162,15.556549,47.082001,27.536531
2014-04-29,2.178127,39.751923,4.173219,57.719776,18.420700,29.275042,14.143509,42.226402,15.664313,47.359295,27.662720
2014-04-30,2.151719,39.987766,4.180801,58.240875,18.568718,29.250072,14.162855,42.506931,15.711727,47.400063,27.780220
2014-05-01,,,,,18.451864,29.184551,14.188660,42.402733,15.728970,47.506088,27.889006
2014-05-02,2.144325,40.276009,4.172052,57.682991,18.521973,29.243837,14.182210,42.338615,15.685860,47.098320,27.958628
2014-05-05,2.128480,40.328419,4.176719,57.781078,18.623260,29.381140,14.124162,42.426773,15.767766,47.408211,27.984730
2014-05-06,2.103128,40.380829,4.146968,57.572628,18.529776,29.424824,13.924226,42.106152,15.591036,46.992302,27.584394
2014-05-07,2.117917,40.433235,4.174969,58.755840,18.673885,29.680693,14.111263,42.466862,15.599654,47.122780,27.549582
2014-05-08,2.227774,40.747688,4.273554,59.362785,18.599882,29.256321,14.149962,42.458843,15.642759,46.869957,27.627909
2014-05-09,2.212985,41.166954,4.220470,59.264687,18.599882,29.228245,14.143509,42.490883,15.660004,47.155396,27.780220
2014-05-12,2.234112,41.245564,4.236803,60.490818,18.837496,29.434189,14.285402,43.124138,15.871214,47.636574,28.128338
2014-05-13,2.210872,41.271770,4.273554,61.195827,18.853083,29.543388,14.272501,43.196285,15.879841,47.709991,28.050011
2014-05-14,2.199253,41.769653,4.298054,60.435638,18.856966,29.555872,14.169308,42.875656,15.806559,47.742607,27.736694
2014-05-15,2.113691,41.900673,4.164468,59.123680,18.592091,29.218880,14.008071,42.498913,15.711727,47.261417,27.536531
2014-05-16,2.117917,42.031696,4.261302,58.933643,18.658312,29.143988,14.027424,42.555019,15.810867,47.424545,27.741051
2014-05-19,2.099959,41.769653,4.229220,58.676144,18.736210,29.234480,14.098363,42.723354,15.914318,47.718132,27.867241
2014-05-20,2.099959,41.612427,4.282888,57.934345,18.634941,29.150221,14.014523,42.154255,15.823793,47.416393,27.614861
2014-05-21,2.137987,41.979294,4.317887,57.891426,18.720636,29.465384,14.104815,42.571053,15.931563,47.816002,27.949926
2014-05-22,2.093622,42.136513,4.271220,58.357357,18.763485,29.437298,14.169308,42.651218,15.961735,48.101467,28.097868
2014-05-23,2.144325,42.293743,4.298637,59.043987,18.923187,29.378017,14.214453,42.923744,16.095354,48.125908,28.319809
2014-05-26,2.219323,42.372353,4.346471,59.816448,,,,,,,
2014-05-27,2.209817,42.450970,4.365722,59.742886,18.923187,29.459148,14.336990,43.148193,16.233297,48.386894,28.467756
2014-05-28,2.234112,42.346149,4.391388,60.092335,18.930977,29.509075,14.311190,43.180244,16.190195,48.248245,28.437296
2014-05-29,2.195028,,4.360471,59.957439,19.121847,29.761824,14.343442,43.356583,16.285027,48.631550,28.554787
2014-05-30,2.192915,42.084110,4.389054,59.749008,19.117954,29.739983,14.375687,43.324535,16.302265,48.762062,28.580894
2014-06-02,2.202422,41.795860,4.389638,60.055542,19.195850,29.702534,14.414386,43.508888,16.276402,48.827290,28.676620
2014-06-03,2.187634,41.717251,4.384972,59.804180,19.153008,29.805504,14.433733,43.460800,16.250544,48.917000,28.624414
2014-06-04,2.197141,41.507610,4.393722,60.043274,19.184170,29.789896,14.472426,43.452801,16.280710,49.055637,28.763657
2014-06-05,2.236225,41.376591,4.435722,60.466293,19.273758,29.961512,14.607863,43.893627,16.388472,49.112743,28.950771
2014-06-06,2.254182,41.717251,4.561723,60.748295,19.367250,30.208027,14.704611,44.334511,16.461754,49.063801,29.120485
2014-06-09,2.289040,,4.599640,61.036438,19.316612,30.254847,14.769099,44.558937,16.513474,48.810986,29.129190
2014-06-10,2.318617,42.529579,4.590308,61.232605,19.343885,30.204908,14.762655,44.454746,16.522100,48.974079,29.072617
2014-06-11,2.300660,42.293743,4.573390,60.644066,19.234808,30.320368,14.665906,44.126095,16.483311,48.917000,28.985590
2014-06-12,2.287984,42.084110,4.565224,60.564381,19.071201,30.420200,14.575614,43.532944,16.341057,48.672340,28.615705
2014-06-13,2.297491,42.241337,4.584474,60.570511,19.145222,30.710411,14.582065,43.685234,16.435888,48.631550,28.628757
2014-06-16,2.302773,42.503376,4.513890,60.582771,19.102369,30.894505,14.511126,43.637142,16.435888,48.729424,28.694033
2014-06-17,2.315449,42.372353,4.513890,60.778950,19.141323,30.872665,14.659456,43.757366,16.474686,48.704956,28.807178
2014-06-18,2.310167,42.293743,4.512140,60.607281,19.347767,31.106674,14.743305,44.005863,16.560896,49.096424,29.024746
2014-06-19,2.355589,42.555786,4.583890,61.269402,19.308821,31.328238,14.723955,44.118076,16.530718,49.259541,28.955124
2014-06-20,2.342912,42.660603,4.574557,61.459446,19.426619,31.639832,14.782227,44.303280,16.494345,49.673763,28.846872
2014-06-23,2.332030,42.319942,4.558808,60.429504,19.454008,31.752695,14.814602,44.045605,16.541981,49.485466,28.881788
2014-06-24,2.351618,42.529579,4.576308,60.398865,19.270077,31.084974,14.717478,43.602741,16.455370,49.518223,28.811939
2014-06-25,2.310266,42.084110,4.499888,59.834835,19.422703,31.320078,14.730431,43.643002,16.520321,50.058510,29.056406
2014-06-26,2.301561,42.110313,4.487639,59.160465,19.418793,31.354563,14.678633,43.610790,16.503008,50.124001,29.078234
2014-06-27,2.277620,42.162716,4.461389,58.835537,19.360086,31.354563,14.736902,43.715462,16.602600,49.993015,29.148066
2014-06-30,2.314619,42.084110,4.450890,59.129814,19.426619,31.379646,14.723951,43.530258,16.606934,49.796551,29.134983
2014-07-01,2.347266,42.503376,4.520891,59.184990,19.473581,31.398447,14.814602,43.795990,16.775820,50.426884,29.444939
2014-07-02,2.382088,42.477169,4.509224,59.160465,19.497063,31.351425,14.801651,43.723515,16.793142,50.811630,29.488588
2014-07-03,2.362500,42.713001,4.579225,59.877739,19.622288,31.470558,14.918201,44.085876,16.866753,51.016296,29.715588
2014-07-04,2.342913,42.713001,4.509224,59.730618,,,,,,,
2014-07-07,2.307001,42.346149,4.452055,58.798759,19.457928,31.229177,14.853459,43.771832,16.884079,50.631546,29.532242
2014-07-08,2.254768,42.084110,4.375056,57.627819,19.407055,31.179029,14.723951,43.473904,16.732510,50.156734,29.244123
2014-07-09,2.279797,41.926880,4.438638,57.897572,19.473581,31.385900,14.762802,43.546375,16.814793,50.369595,29.597734
2014-07-10,2.250415,41.743446,4.334220,56.800175,19.387476,31.084974,14.665684,43.288708,16.767160,50.336853,29.322699
2014-07-11,2.286325,41.717251,4.340054,56.714348,19.422703,30.846727,14.691584,43.538326,16.853762,50.443256,29.418737
2014-07-14,2.289590,42.136513,4.391388,57.376453,19.410963,31.113176,14.782227,43.787930,16.975014,50.606987,29.501678
2014-07-15,2.236268,42.293743,4.343165,56.591728,19.371826,30.978390,14.885826,43.812099,16.944700,50.173107,29.401274
2014-07-16,2.312443,42.529579,4.429490,57.811733,19.504885,31.448603,14.859926,43.997292,17.100595,50.009388,29.475479
2014-07-17,2.242798,41.795860,4.352095,56.953442,19.422703,30.940762,14.665684,43.312843,16.879749,49.460918,29.196095
2014-07-18,2.264562,41.664837,4.369956,56.702087,19.544024,31.031668,14.834026,43.675198,17.083277,50.271355,29.466757
2014-07-21,2.235180,41.743446,4.334233,56.113544,19.489231,31.078697,14.795177,43.651054,17.061623,50.066696,29.331423
2014-07-22,2.333119,42.215130,4.423537,57.345802,19.516630,31.301270,14.840508,43.812099,17.204525,50.500565,29.453665
2014-07-23,2.307001,42.031696,4.435444,57.591030,19.598812,31.501904,14.872883,43.634945,17.234831,50.909870,29.431837
2014-07-24,2.336384,42.136513,4.523558,57.903687,19.575327,31.530117,14.905252,43.425602,17.221844,50.803452,29.497313
2014-07-25,2.316796,41.900673,4.537848,57.033138,19.610550,31.298140,14.821077,43.312843,17.200195,50.615158,29.169910
2014-07-28,2.309178,41.612427,4.521178,57.112843,19.661430,31.222893,14.827552,43.095455,17.230501,50.664295,29.226665
2014-07-29,2.345089,41.926880,4.542610,57.351933,19.520544,31.144535,14.749856,42.555946,17.195860,50.705212,29.143726
2014-07-30,2.317883,42.110313,4.584285,56.830837,19.418793,30.959585,14.814602,42.596214,17.213182,50.909870,29.305243
2014-07-31,2.320060,41.691040,4.493196,56.646908,19.039188,30.291862,14.510282,41.734623,16.888405,49.862041,28.763926
2014-08-01,2.265650,,4.412226,55.249134,19.054834,30.047340,14.387262,41.694378,16.797482,49.902981,28.659159
2014-08-04,2.271091,41.691040,4.407463,54.942600,19.281818,30.552036,14.503808,41.839302,16.918726,50.115807,28.938534
2014-08-05,2.212327,41.402790,4.352689,55.249134,19.082226,29.884342,14.354883,41.589687,16.758501,49.632835,28.737730
2014-08-06,2.132888,41.009731,4.324112,55.316559,19.223114,29.972101,14.413160,41.380333,16.706532,49.608265,28.676607
2014-08-07,2.069772,40.747688,4.247907,54.697380,19.054834,29.784021,14.348407,41.420570,16.637245,48.969753,28.528191
2014-08-08,2.045832,40.328419,4.287795,54.458282,19.254421,30.282442,14.490859,42.008400,16.745510,49.550961,28.969099
2014-08-11,2.089360,40.721481,4.300297,55.463711,19.234850,30.285591,14.503808,42.177498,16.827780,49.526409,29.100060
2014-08-12,2.087184,40.826298,4.300894,54.685112,19.297474,30.063007,14.536184,42.080872,16.819122,49.485466,29.025846
2014-08-13,2.120918,41.245564,4.345545,55.739582,19.403137,30.160189,14.600929,42.491531,16.983675,50.083061,29.130615
2014-08-14,2.119830,41.402790,4.334830,56.174850,19.403137,29.987776,14.691584,42.676735,17.013987,50.672474,29.357628
2014-08-15,,40.878712,4.286605,55.580189,19.461843,30.210360,14.620352,42.588158,17.013987,50.721588,29.300871
2014-08-18,2.139417,41.533813,4.354476,56.450729,19.653595,30.291862,14.782227,43.232338,17.174210,51.114529,29.571533
2014-08-19,2.115477,42.084110,4.364598,56.886009,19.712297,30.523834,14.808131,43.337025,17.282475,51.450169,29.794172
2014-08-20,2.124183,42.372353,4.364001,57.002491,19.739698,30.589676,14.846978,43.795990,17.282475,51.441971,29.933859
2014-08-21,2.157917,42.503376,4.430087,58.167316,19.712297,30.614750,15.021796,43.755733,17.364748,51.515659,29.907663
2014-08-22,2.130712,42.634396,4.402104,57.437767,19.634031,30.410984,14.969996,43.602741,17.369074,51.564777,29.964417
2014-08-25,2.210151,42.817825,4.511651,58.939762,19.708389,30.680573,15.099500,43.771832,17.386398,51.957722,30.051725
2014-08-26,2.240621,43.079868,4.576547,59.368900,19.727961,30.837318,15.131872,43.626896,17.395063,52.145988,30.056093
2014-08-27,2.246062,43.132271,4.584880,59.093025,19.727961,30.774618,15.099500,43.602741,17.390724,52.105057,30.086651
2014-08-28,2.180770,42.975056,4.515224,58.381870,19.743605,30.780893,15.054177,43.538326,17.364748,52.088684,30.047369
2014-08-29,2.190563,43.158478,4.518795,58.449310,19.774920,30.953314,15.125401,43.498058,17.442694,52.276962,30.043005
2014-09-01,2.186210,45.018982,4.524749,58.596447,,,,,,,
2014-09-02,2.177505,44.966576,4.513436,58.909103,19.708389,30.561449,15.183672,43.643002,17.447025,52.252411,30.099752
2014-09-03,2.253680,45.333439,4.574166,59.558956,19.739698,30.642956,15.157771,43.586639,17.351753,52.489807,30.021164
2014-09-04,2.312443,45.647888,4.694427,60.441776,19.739698,30.229153,15.170720,43.602741,17.343098,52.227844,30.134670
2014-09-05,2.301561,45.281033,4.702168,60.337547,19.825792,30.432922,15.190147,43.747688,17.447025,52.530739,30.235075
2014-09-08,2.288502,45.621685,4.685497,60.104572,19.747524,29.959572,15.196621,43.707424,17.473005,52.538918,30.108479
2014-09-09,2.287414,46.040955,4.614054,60.116840,19.587070,29.827900,15.041225,43.570518,17.347433,52.399750,29.807262
2014-09-10,2.286325,46.093369,4.584285,59.896141,19.587070,29.755808,15.118924,43.602741,17.451357,52.768139,29.912039
2014-09-11,2.286325,46.198185,4.555113,59.798054,19.559679,29.774614,15.157771,43.618835,17.490330,52.620781,29.925127
2014-09-12,2.295031,45.909931,4.575356,59.522163,19.469662,29.329470,15.144816,43.473904,17.416710,52.236038,29.837826
2014-09-15,2.265650,46.171982,4.556900,59.699966,19.497063,29.536366,15.138352,43.457798,17.312780,52.096863,29.715588
2014-09-16,2.256944,45.988544,4.539038,59.890015,19.587070,29.893740,15.203101,43.699352,17.442694,52.809044,29.868387
2014-09-17,2.285237,46.591248,4.575951,60.227196,19.704475,29.730726,15.267844,43.868462,17.477341,52.849998,29.855286
2014-09-18,2.285237,46.355415,4.625962,59.969707,19.837536,29.577122,15.416772,44.077820,17.581264,53.242935,29.986258
2014-09-19,2.268914,46.276798,4.614054,59.099152,19.831247,29.552856,15.376462,44.034943,17.543865,53.301262,29.998940
2014-09-22,2.261297,46.250587,4.593812,58.835537,19.823381,29.118025,15.272434,43.541431,17.426437,53.013729,29.578465
2014-09-23,2.207975,45.988544,4.539633,57.799465,19.721161,29.032948,15.168407,43.185486,17.387299,52.701546,29.324427
2014-09-24,2.251503,46.067165,4.575951,58.014042,19.925602,29.058138,15.252927,43.412003,17.500372,53.621662,29.657310
2014-09-25,2.234092,46.329205,4.562257,57.180271,19.622871,28.613869,14.999361,42.732426,17.117657,52.742622,29.223675
2014-09-26,2.279797,46.276798,4.596192,57.572628,19.815521,28.982515,15.142402,43.128838,17.304661,52.906933,29.525904
2014-09-29,2.244974,46.696068,4.477716,57.272232,19.732956,28.916363,15.090387,43.064114,17.300318,52.791908,29.372597
2014-09-30,2.286325,47.246349,4.531298,57.854645,19.497059,28.553997,15.064385,42.999405,17.352507,52.504375,29.210541
2014-10-01,2.258032,47.062923,4.497958,57.161884,19.037050,27.971064,14.882332,42.190372,17.082870,51.953957,28.820715
2014-10-02,2.170976,46.538837,4.321732,56.033852,18.989878,27.826122,14.921343,42.141834,17.074173,51.847160,28.952110
2014-10-03,2.215592,46.669853,4.400913,,19.044914,27.782019,15.135897,42.716236,17.213337,52.915150,29.324427
2014-10-06,2.182946,46.696068,4.436636,55.144917,19.040981,27.813517,15.090387,42.586803,17.217690,52.668678,29.166733
2014-10-07,2.133976,45.202415,4.328876,53.924915,18.706787,27.451162,14.836820,41.551235,16.948048,51.830715,28.733107
2014-10-08,2.119830,44.887962,4.298511,53.121811,18.950552,27.719004,15.116392,42.295544,17.269873,53.153378,29.184254
2014-10-09,2.112212,44.861759,4.266363,53.342514,18.486620,26.701237,14.797812,41.316639,16.982843,52.052521,28.522875
2014-10-10,2.096978,44.285271,4.236594,51.251961,18.203545,26.326271,14.680779,40.709877,16.547941,51.732128,28.273211
2014-10-13,2.075213,43.944611,4.256837,51.803726,17.735676,25.513330,14.550746,40.078831,16.365284,50.508034,27.699425
2014-10-14,2.067596,43.761181,4.256241,51.932472,17.790714,25.191927,14.609262,40.637058,16.391369,50.130127,27.900906
2014-10-15,1.970745,42.555786,4.084777,50.479504,17.912596,25.384138,14.329690,40.539982,16.278307,49.719368,27.668760
2014-10-16,1.932658,41.926880,4.008571,50.528561,18.089520,25.837868,14.329690,40.839314,16.182629,49.464691,27.699425
2014-10-17,1.985981,43.079868,4.147290,51.619812,18.329357,26.058443,14.511734,41.648335,16.373978,50.253361,28.006029
2014-10-20,1.992509,43.394314,4.146682,50.933182,18.608498,26.285307,14.596262,41.769688,16.491404,50.861294,28.395845
2014-10-21,2.037126,43.787388,4.228836,52.373867,19.009525,27.085648,14.869331,42.700058,16.813229,52.208614,28.947739
2014-10-22,2.056714,44.363884,4.255003,52.435188,18.856194,26.572046,14.732793,42.141834,16.734953,51.945728,28.698086
2014-10-23,2.081743,44.756943,4.278130,53.115681,18.840466,27.066740,14.875833,43.072201,16.921955,52.832993,29.087910
2014-10-24,2.095889,44.940376,4.284823,52.778496,18.982006,26.972221,15.018867,43.452442,17.069824,53.572372,29.061613
2014-10-27,2.066508,44.914173,4.178326,52.453568,18.584909,26.405048,15.038370,43.436272,17.087217,53.629864,29.118553
2014-10-28,2.133976,45.726498,4.238574,53.354771,18.769699,27.006870,15.200919,44.204838,17.322065,54.024223,29.433922
2014-10-29,2.131800,45.543072,4.174675,53.526421,18.537735,27.095095,15.239927,44.051117,17.304661,54.048878,29.346313
2014-10-30,2.127448,45.962337,4.161895,53.557079,18.679270,26.997425,15.324449,44.229107,17.361197,55.042912,29.539047
2014-10-31,2.214504,46.800880,4.276911,55.120384,19.029190,27.545694,15.499989,44.665989,17.630846,55.264732,29.828115
2014-11-03,2.120918,46.276798,4.253787,54.599277,18.895512,27.110855,15.558510,44.609344,17.704775,55.330471,29.828115
2014-11-04,2.095889,46.040955,4.107734,53.888138,18.698933,26.553144,15.565003,44.585072,17.700430,55.338673,29.468967
2014-11-05,2.160094,46.853294,4.158854,54.611549,18.879787,27.019482,15.669035,44.860138,17.748264,55.281170,29.587227
2014-11-06,2.139417,47.036724,4.125990,54.936478,19.033117,27.359789,15.695040,45.329380,17.739569,55.617977,29.836885
2014-11-07,2.080654,46.460220,4.045662,53.967838,19.123549,27.662285,15.701538,45.394096,17.761316,55.067562,29.788694
2014-11-10,2.130712,46.827084,4.096173,54.305012,19.174656,27.413349,15.786068,45.620621,17.809147,55.626205,29.771193
2014-11-11,2.137241,46.853294,4.132686,54.550243,19.269014,27.495281,15.734048,45.563992,17.817846,55.831589,29.898216
2014-11-12,2.012097,46.905697,4.036534,53.882000,19.316191,27.252645,15.701538,45.628716,17.874386,55.749439,30.038364
2014-11-13,1.999039,47.770439,4.038358,54.047535,19.320127,26.890289,15.695040,45.499256,17.970064,55.708378,30.226715
2014-11-14,2.009921,47.403580,4.058442,54.255966,19.379108,27.164431,15.643029,45.555897,18.096182,55.248295,30.344978
2014-11-17,2.019715,47.665619,4.116863,54.513462,19.375175,27.022640,15.643029,45.491169,18.061392,55.519409,30.309927
2014-11-18,2.027332,48.084896,4.149117,55.764111,19.607147,27.044687,15.695040,45.830959,18.122280,56.414894,30.366861
2014-11-19,2.008833,47.953869,4.144247,55.770241,19.579615,27.186480,15.662536,45.693432,18.004856,56.102715,30.493900
2014-11-20,1.966393,47.953869,4.062092,55.721180,19.681841,27.526793,15.662536,45.814781,18.096182,55.864456,30.625296
2014-11-21,2.053449,48.189713,4.210579,57.615562,19.921671,27.885998,15.740551,46.259750,18.122280,56.127350,30.699755
2014-11-24,2.029509,47.980076,4.314641,57.811733,19.831247,27.671728,15.844581,46.381104,18.217960,56.414894,30.984459
2014-11-25,2.055626,47.796646,4.357851,58.381870,19.760468,27.221138,15.831579,46.518620,18.226654,56.488819,31.080824
2014-11-26,2.077390,47.980076,4.345677,58.811016,19.776199,26.877691,15.851076,46.429642,18.391914,56.833878,31.076435
2014-11-27,2.118742,48.740002,4.371237,59.099152,,,,,,,
2014-11-28,2.111124,49.002041,4.411402,58.338970,19.327997,25.150957,15.864085,46.041321,18.478899,57.187122,31.453121
2014-12-01,2.087184,48.818619,4.366980,57.952736,19.127483,25.239185,15.753552,45.450733,18.270147,57.047474,31.107105
2014-12-02,2.089360,48.346928,4.424791,57.505203,19.241489,25.513330,15.903089,45.839058,18.274496,57.680038,31.225363
2014-12-03,2.107860,48.844818,4.488079,57.566502,19.524574,25.825270,15.974611,46.453918,18.339727,57.770424,31.277933
2014-12-04,2.059978,48.477959,4.345070,56.745007,19.583553,25.601543,15.994116,46.219284,18.339727,57.696491,31.260401
2014-12-05,2.153564,49.159267,4.491122,57.866905,19.567829,25.295906,16.137161,46.324459,18.317991,58.156540,31.330488
2014-12-08,2.143771,49.054451,4.437570,57.695248,19.257227,24.271837,16.215179,45.814781,18.130978,58.361931,31.076435
2014-12-09,2.049097,48.032482,4.279346,56.794056,19.308334,24.536526,16.176165,45.822880,18.126629,58.115456,31.019497
2014-12-10,2.046920,48.084896,4.247702,57.082191,18.911240,23.780298,15.968108,44.949135,17.852636,57.219990,30.607771
2014-12-11,2.051273,48.268322,4.266566,57.511333,18.926962,23.764534,16.007122,45.167568,17.930925,57.384293,30.857428
2014-12-12,1.969657,47.587002,4.124774,56.021584,18.400122,23.323404,15.695040,44.350460,17.665632,56.505249,30.660339
2014-12-15,1.919600,46.460220,4.038358,54.550243,18.301834,23.115450,15.552007,44.204838,17.556910,55.987659,30.476370
2014-12-16,1.992509,46.696068,4.150332,56.058365,18.160297,23.320259,15.402469,44.245304,17.322065,55.338673,30.007704
2014-12-17,1.956599,46.617451,4.158244,55.849934,18.655682,24.287601,15.753552,44.657894,17.648235,56.373802,30.581495
2014-12-18,2.006656,48.268322,4.308557,57.541981,19.080299,24.753948,16.117649,45.782417,18.152718,57.918297,31.085197
2014-12-19,2.002303,48.766212,4.316468,56.867611,19.315311,25.544989,16.128109,46.039516,18.172836,58.058472,31.170080
2014-12-22,2.018626,49.028244,4.314641,57.511333,19.327183,25.285004,16.239202,46.478844,18.391415,57.506012,31.473568
2014-12-23,2.063243,48.399345,4.368803,57.989513,19.477530,25.592556,16.330687,46.649704,18.439501,56.186676,31.649487
2014-12-24,,,4.362718,,19.410263,25.405481,16.304556,46.698494,18.422014,56.598961,31.596704
2014-12-26,,,,,19.477530,25.399141,16.304556,46.698494,18.500706,57.003010,31.768244
2014-12-29,2.025156,48.713795,4.346895,58.148918,19.477530,25.491093,16.363367,46.771713,18.408897,57.200905,32.010136
2014-12-30,2.011009,48.399345,4.272651,57.474548,19.410263,25.288177,16.343761,46.495087,18.277754,56.953537,31.860603
2014-12-31,,,4.257438,,19.220360,25.097948,16.160782,46.031372,18.076649,56.384583,31.733070
2015-01-02,2.002303,,4.278738,57.480679,19.248056,25.215250,16.160782,45.974426,18.041685,56.590725,31.504343
2015-01-05,1.872806,48.818619,4.083392,55.745720,18.757458,24.172152,15.820967,44.900520,17.766270,56.302128,30.901793
2015-01-06,1.900012,48.451756,4.012190,55.696663,18.591282,23.817059,15.579175,44.347294,17.552063,56.112495,30.593924
2015-01-07,1.896747,48.687595,4.037751,56.052246,18.800968,23.867777,15.742542,44.680859,17.700701,57.431805,31.077719
2015-01-08,1.982716,50.731514,4.172242,57.885300,19.248056,24.403599,15.977807,45.575779,18.089771,58.413036,31.543936
2015-01-09,1.882601,51.098385,3.584378,56.702087,19.149136,24.210192,15.762156,45.087643,18.032936,57.893555,31.178886
2015-01-12,1.874983,50.993553,3.681747,57.284500,19.105625,23.512682,15.631456,44.778481,17.823101,57.918308,31.011738
2015-01-13,1.928305,51.832111,3.742602,57.535858,18.891972,23.325619,15.579175,44.689014,17.809992,57.662670,31.011738
2015-01-14,1.891306,51.648670,3.708318,56.855350,18.670408,23.398535,15.356989,44.444927,17.709442,57.571968,30.637890
2015-01-15,1.968569,47.167744,3.758187,58.026295,18.634802,23.100515,15.167480,44.233398,17.482119,56.953537,30.242073
2015-01-16,2.021891,44.573513,3.746342,58.529022,18.931534,23.851933,15.350456,44.526283,17.652618,58.025490,30.642305
2015-01-19,2.014274,46.145775,3.775017,59.424091,,,,,,,
2015-01-20,2.048008,46.565048,3.798703,59.718346,18.963192,23.880461,15.285106,44.843571,17.801252,58.025490,30.466370
2015-01-21,2.081743,44.416294,3.770029,60.466293,19.149136,24.365541,15.324315,45.209686,17.831844,58.140938,30.664299
2015-01-22,2.151388,44.180454,3.816780,60.846390,19.390484,24.479691,15.703341,45.933746,18.124746,58.833569,31.240450
2015-01-23,2.164446,44.809357,3.872260,61.919243,19.089798,24.305313,15.533427,45.551353,18.120375,58.495487,31.196484
2015-01-26,2.218857,45.595482,3.895324,63.084053,19.172880,24.654081,15.611849,45.608315,18.046055,58.800587,31.359207
2015-01-27,2.188387,46.565048,3.830494,61.201965,19.042318,24.638214,15.441947,45.006290,17.525829,58.380062,31.108526
2015-01-28,2.178593,46.486427,3.715175,60.470570,18.698107,23.668039,15.160945,44.615780,17.495234,57.539013,30.703888
2015-01-29,2.199269,47.691822,3.755692,59.566872,18.943405,23.747303,15.285106,45.128315,17.661358,58.025490,31.121702
2015-01-30,2.179681,47.246349,3.715175,59.185040,18.868229,23.953388,15.036780,44.396122,17.442770,57.118446,30.783043
2015-02-02,2.155741,47.167744,3.699591,60.362389,19.038357,24.685768,15.278572,45.055107,17.622007,57.440056,31.060143
2015-02-03,2.213416,46.905697,3.869766,61.100605,19.457743,25.361095,15.533427,45.787300,17.823101,57.827599,31.719862
2015-02-04,2.196004,47.980076,3.852312,60.801495,19.331139,24.942583,15.494220,45.437477,17.858078,57.101971,31.930973
2015-02-05,2.130712,47.220142,3.808677,61.285152,19.798000,25.300863,15.651061,45.827991,18.024191,58.066719,32.128895
2015-02-06,2.122006,48.137302,3.828003,60.648762,19.750519,25.307203,15.775225,45.722218,17.967365,57.539013,32.080517
2015-02-09,2.068684,49.788170,3.745720,59.897804,19.726778,25.332563,15.696807,45.600193,17.941137,56.862839,31.957376
2015-02-10,2.091536,49.552326,3.781873,60.146015,19.873167,25.319880,15.820967,45.852390,18.207802,57.819355,32.348812
2015-02-11,2.099154,49.526123,3.727642,60.063263,19.841520,25.142336,15.820967,45.868652,18.277754,57.877083,32.357609
2015-02-12,2.108948,49.578541,3.825508,60.069626,20.181767,25.472063,15.977807,46.299843,18.526937,58.083202,32.740242
2015-02-13,2.124183,49.630943,3.920881,61.068779,20.351896,26.011063,15.964736,46.511379,18.644970,58.314098,32.938168
2015-02-16,2.102419,50.128834,3.915270,60.610569,,,,,,,
2015-02-17,2.104595,50.050205,3.931478,60.865135,20.375633,26.090319,16.017017,46.576469,18.653709,58.734615,32.863400
2015-02-18,2.127448,50.233639,3.996307,61.603359,20.431023,25.779617,15.918994,46.836803,18.671204,58.800587,32.845810
2015-02-19,2.149212,50.967354,4.023110,62.036114,20.486406,25.659128,15.853645,46.918148,18.736780,58.899536,32.946960
2015-02-20,2.151388,50.469482,3.994437,62.036114,20.545761,25.535471,15.971268,47.316807,18.832951,59.517986,33.180065
2015-02-23,2.159005,51.124588,4.020616,62.367035,20.522028,25.430843,15.932059,47.113415,18.846064,59.790077,33.149281
2015-02-24,2.210151,51.229404,4.026851,62.564327,20.609066,25.500599,16.010479,47.300533,18.902891,59.715881,33.307610
2015-02-25,2.202533,51.045971,4.002539,62.863411,20.549723,25.640114,16.010479,47.202896,18.784861,59.691105,33.562721
2015-02-26,2.192740,51.439037,4.051785,62.958885,20.419153,25.164526,15.971268,46.991364,18.902891,59.856037,33.457142
2015-02-27,2.240621,51.072182,4.072354,63.525280,20.371679,25.053555,15.912457,46.771713,18.837318,59.567459,33.413174
2015-03-02,2.262385,51.360420,4.077966,62.767967,20.506201,24.879175,16.030090,47.202896,18.985952,60.103428,33.813396
2015-03-03,2.216681,51.416290,4.008152,62.322495,20.395416,24.971125,15.984335,46.901886,18.859179,59.559189,33.721035
2015-03-04,2.238445,51.524540,4.049914,62.564327,20.324203,24.936247,15.886323,46.535793,18.784861,59.847801,33.545116
2015-03-05,2.252591,52.119884,4.073602,63.347088,20.237158,24.787239,15.951665,46.568321,18.763008,60.062202,33.567104
2015-03-06,2.225386,52.065765,4.039317,63.302540,19.964157,24.343353,15.834038,45.933746,18.531301,58.883064,33.166878
2015-03-09,2.218857,52.174011,4.039940,63.372547,19.991858,24.168976,15.905920,46.364933,18.618736,59.245850,33.355995
2015-03-10,2.197093,51.795158,3.935217,63.047981,19.687222,23.832903,15.566113,45.510712,18.238405,58.586205,32.837017
2015-03-11,2.266738,52.417561,3.994437,64.976265,19.663477,23.902658,15.664137,45.461887,18.120375,58.553238,32.656673
2015-03-12,2.243886,52.309307,4.014384,65.039909,19.908781,23.750477,16.003946,46.047638,18.238405,59.328323,33.320805
2015-03-13,2.235180,52.579922,4.005656,65.803596,19.718874,23.661688,15.892847,45.624588,18.137867,59.212860,33.056911
2015-03-16,2.254768,53.283516,4.043057,67.394577,19.687222,23.981918,16.088896,46.381207,18.352066,60.523979,33.443954
2015-03-17,2.247150,52.904655,4.026851,66.471802,19.469610,23.889959,16.049692,46.194096,18.356445,60.350784,33.259239
2015-03-18,2.244974,53.175270,4.023733,67.044556,19.766344,24.584326,16.141178,46.739178,18.605621,61.134144,33.553913
2015-03-19,2.320060,53.689430,4.043682,64.244415,19.426090,24.194336,15.990874,46.421875,18.553158,61.488731,33.505527
2015-03-20,2.366853,53.960045,4.238791,64.053490,19.551195,24.550262,16.207983,46.684227,18.672995,61.933571,33.878441
2015-03-23,2.330942,53.797672,4.259985,63.926216,19.551195,24.464071,16.116158,46.291931,18.672995,61.759918,33.821060
2015-03-24,2.360324,53.202335,4.324813,64.403511,19.487646,24.301279,15.984974,46.136635,18.611544,61.222454,33.644543
2015-03-25,2.335295,52.363441,4.277439,63.601639,19.269222,24.617304,15.729158,45.352032,18.133083,60.106167,33.097347
2015-03-26,2.293943,51.849274,4.310474,63.550739,19.312912,24.588562,15.716043,45.229450,18.146254,59.965576,32.889927
2015-03-27,2.304826,52.065765,4.289905,63.703480,19.304962,24.387474,15.696370,45.401070,18.159424,60.395588,33.057621
2015-03-30,2.307001,52.958778,4.352864,64.498962,19.567078,24.910963,15.925941,46.038578,18.378899,61.007465,33.397408
2015-03-31,2.291767,52.038704,4.374058,64.085312,19.372477,24.764130,15.814431,45.580879,18.190147,59.949070,33.251789
2015-04-01,2.362500,52.201077,4.375928,64.244415,19.428076,24.757742,15.801306,45.278481,18.163813,59.345417,33.106159
2015-04-02,2.345089,52.011631,4.409588,64.180771,19.447935,24.808819,15.880020,45.302998,18.159424,59.527340,33.401829
2015-04-06,,,,,19.602818,25.255711,15.906260,45.646263,18.335011,59.618301,33.560707
2015-04-07,2.394059,53.148216,4.440134,65.008080,19.571041,25.271660,15.820993,45.540009,18.295496,59.758869,33.375347
2015-04-08,2.355971,53.012901,4.397745,64.371689,19.626654,25.067377,15.880020,45.695309,18.352566,60.263268,33.688679
2015-04-09,2.388617,54.176544,4.412704,64.562599,19.682249,25.469572,15.906260,45.915985,18.400850,60.718067,33.719566
2015-04-10,2.394059,54.880131,4.400862,65.835403,19.737846,25.581303,15.899706,46.561646,18.471081,61.238983,33.834297
2015-04-13,2.428881,54.447144,4.458210,65.962692,19.658419,25.325937,15.958735,46.120300,18.418402,60.908230,33.648968
2015-04-14,2.394059,54.338905,4.362692,65.230827,19.741814,25.782400,15.958735,46.177502,18.361343,61.007465,33.631298
2015-04-15,2.414735,54.122414,4.390073,65.835403,19.932446,26.398478,16.017776,46.259247,18.523750,61.164593,33.631298
2015-04-16,2.367942,53.608253,4.307927,64.562599,19.888756,26.337828,16.044001,46.161167,18.457914,61.131489,33.697498
2015-04-17,2.320060,52.606983,4.175473,62.971611,19.706074,26.146301,15.827554,45.605400,18.203325,60.602303,33.198841
2015-04-20,2.338560,52.877594,4.192029,64.053490,19.849047,26.245255,15.893144,46.136635,18.514975,60.974377,33.565098
2015-04-21,2.317883,53.689430,4.175473,63.989853,19.702093,25.967535,15.814431,46.079426,18.506195,61.379566,33.600418
2015-04-22,2.292855,54.230656,4.175473,63.448921,19.741814,26.139910,15.925941,46.275581,18.694942,61.478779,33.631298
2015-04-23,2.301561,54.447144,4.188845,62.545227,19.793449,26.318663,15.952169,46.226551,18.769567,61.710285,33.798996
2015-04-24,2.366853,54.014164,4.241698,63.213436,19.960239,26.168638,15.925941,46.030396,18.931971,61.511864,34.257957
2015-04-27,2.362500,54.338905,4.311110,64.912628,20.134987,26.139910,15.866913,46.014046,18.984652,60.395588,33.957863
2015-04-28,2.358148,53.878868,4.362054,64.435326,20.162786,26.270788,15.958735,46.095787,19.046101,60.693275,33.838711
2015-04-29,2.304826,52.336369,4.288185,62.042477,20.150871,26.475088,15.952169,45.866936,18.953924,60.139263,33.609230
2015-04-30,2.304826,52.309307,4.302194,62.055195,20.023785,26.392086,15.827554,45.466454,18.690557,59.295815,33.234142
2015-05-01,,,,,20.353413,26.452742,15.965292,46.038578,18.918810,60.097908,33.693096
2015-05-04,2.304826,52.228134,4.297738,62.704315,20.297810,26.385708,16.122711,46.112125,18.936369,60.478271,33.763683
2015-05-05,2.222121,51.280979,4.151911,61.246971,20.067467,26.060114,15.978416,45.490982,18.642273,59.717537,33.410645
2015-05-06,2.241709,50.523273,4.196486,61.635185,20.071440,25.957962,15.899706,45.466454,18.484245,59.486008,33.273849
2015-05-07,2.209063,50.631519,4.205402,60.686935,20.158812,25.677067,16.011208,45.703472,18.620325,59.767136,33.445957
2015-05-08,2.299384,51.768097,4.330214,61.800652,20.480503,26.098419,16.240784,46.242889,18.888083,60.734585,33.803394
2015-05-11,2.287414,51.795158,4.324483,61.571533,20.385183,25.606842,16.181755,46.202019,18.791510,60.767654,33.653366
2015-05-12,2.264562,51.335110,4.260804,60.998779,20.170732,25.724945,16.122711,46.152996,18.690557,60.379028,33.591583
2015-05-13,2.279797,51.172737,4.245520,60.177818,20.146904,25.657909,16.129276,46.251064,18.769567,60.445187,33.379768
2015-05-14,2.315708,,4.285638,61.316975,20.357384,25.648333,16.273582,46.716930,19.072447,61.280334,33.529804
2015-05-15,2.286325,51.362171,4.230237,61.017872,20.456669,25.750479,16.201426,46.676052,19.010986,61.404350,33.798996
2015-05-18,2.288502,52.255188,4.211769,61.399704,20.365326,25.772827,16.293257,46.765965,19.103165,61.768188,33.926964
2015-05-19,2.360324,52.796413,4.279908,62.360668,20.266037,25.405729,16.385084,46.635201,19.054890,62.057594,33.918133
2015-05-20,2.394059,52.552868,4.307291,62.379757,20.254131,25.453615,16.339172,46.463562,19.068050,62.140312,33.878441
2015-05-21,2.396235,53.067024,4.319388,62.564327,20.325609,25.693027,16.299820,46.716930,19.151449,62.148571,34.010822
2015-05-22,2.397323,53.094082,4.304106,62.462486,20.301786,25.600445,16.306379,46.504421,19.138283,61.999699,33.953457
2015-05-25,2.352707,,4.212406,,,,,,,,
2015-05-26,2.365765,52.498737,4.171016,61.762455,20.047619,25.195061,16.122711,45.997700,18.861748,61.371311,33.710739
2015-05-27,2.419087,53.310574,4.245520,62.538860,20.178673,25.150366,16.299820,46.291931,19.217297,62.082417,33.962280
2015-05-28,2.424529,53.283516,4.197124,61.966110,20.230293,25.051418,16.280140,46.071259,19.177794,62.123753,33.904896
2015-05-29,2.403852,52.228134,4.128986,60.954220,20.099243,25.022701,16.135836,45.613575,19.037329,61.966652,33.671028
2015-06-01,2.399500,52.715225,4.110518,61.208782,20.107189,24.958845,16.148954,45.817890,19.090004,62.214714,33.768097
2015-06-02,2.391882,52.119884,4.168468,61.062405,20.170732,25.131214,16.175192,45.907795,19.050499,61.809555,33.843128
2015-06-03,2.378823,52.498737,4.204767,61.787907,20.190586,24.958845,16.312935,46.136635,19.090004,61.925312,34.107899
2015-06-04,2.321149,52.282246,4.185025,61.558807,19.952303,24.620493,16.168634,45.621750,18.914421,61.495342,33.865173
2015-06-05,2.288502,51.632786,4.161464,60.826958,19.860960,24.792860,16.260464,45.654430,18.852970,61.470512,33.768097
2015-06-08,2.281973,51.253922,4.100967,60.286011,19.789476,24.652409,16.162073,45.319351,18.642273,61.164593,33.529804
2015-06-09,2.263473,50.658581,4.102877,59.675072,19.801390,24.649218,16.201426,45.311172,18.598381,61.148006,33.494503
2015-06-10,2.311355,51.443352,4.182477,60.616928,20.007898,24.952465,16.431002,45.760677,18.888083,61.900501,33.838711
2015-06-11,2.323325,51.795158,4.187572,60.795124,20.055559,24.840740,16.496599,46.022221,18.896873,62.322193,33.953457
2015-06-12,2.291767,51.064503,4.127076,59.955082,19.936411,24.563025,16.424446,45.752518,18.730059,61.553204,33.798996
2015-06-15,2.243886,50.333843,4.037288,58.771385,19.813301,24.505569,16.352282,45.368382,18.615934,61.627617,33.640133
2015-06-16,2.246062,50.875061,4.034103,58.975033,19.916563,24.697096,16.444118,45.409252,18.738840,61.933571,33.843128
2015-06-17,2.242798,50.658581,4.011816,58.784119,19.999954,24.636438,16.424446,45.531845,18.747623,61.991467,33.997570
2015-06-18,2.288502,50.415039,4.045564,59.541424,20.166756,24.620493,16.575304,45.989532,18.914421,62.867958,34.407986
2015-06-19,2.322236,49.792622,4.079317,59.515965,20.031509,24.392029,16.298622,45.766106,18.757010,62.819004,34.287136
2015-06-22,2.381868,50.902126,4.321299,61.514259,20.107309,24.690857,16.548954,46.045383,18.911337,63.308571,34.477505
2015-06-23,2.376242,52.011631,4.330851,61.482441,20.051455,24.771187,16.581892,45.930382,18.924572,63.432999,34.614723
2015-06-24,2.359365,51.632786,4.283728,61.075138,19.796129,24.616957,16.443552,45.503284,18.836380,62.794086,34.375660
2015-06-25,2.385243,51.280979,4.288185,60.693302,19.780165,24.366314,16.344732,45.150105,18.792282,63.142578,34.349106
2015-06-26,2.452750,50.496212,4.316842,60.521477,19.704370,24.446650,16.397430,45.232250,18.633554,63.051300,34.486355
2015-06-29,2.319987,49.954987,4.027735,58.599541,19.245569,23.983940,16.002151,44.378029,18.236721,61.508015,33.707195
2015-06-30,2.286233,49.873810,3.988892,57.498585,19.305414,24.151026,16.061445,44.402668,18.254356,61.723740,33.857712
2015-07-01,2.334613,50.415039,4.079317,58.306812,19.413130,23.842546,16.305195,44.624432,18.377811,62.387527,34.242851
2015-07-02,2.325612,50.820938,4.052570,57.740425,19.353285,23.948586,16.232733,44.542301,18.404270,62.097118,34.176449
2015-07-03,2.316611,50.360916,4.021369,57.606770,,,,,,,
2015-07-06,2.218726,50.306786,3.908017,56.779465,19.193699,23.633690,16.166853,44.369812,18.329317,62.072247,34.110046
2015-07-07,2.174847,50.009117,3.819504,55.417564,19.129869,23.848976,16.199793,44.731213,18.355766,62.370949,34.406662
2015-07-08,2.227727,51.037434,3.840518,56.060318,18.710970,23.366982,15.916509,43.926277,18.055941,61.300602,33.751465
2015-07-09,2.315486,51.741032,3.976155,57.282211,18.766821,23.485874,16.041685,44.033066,17.985390,61.632481,33.893124
2015-07-10,2.377367,52.742294,4.125165,58.580467,19.030140,23.614403,16.232733,44.493019,18.271990,62.462208,34.384533
2015-07-13,2.405495,53.554131,4.213044,59.675072,19.237593,23.781498,16.430372,44.985828,18.549776,62.993259,34.880341
2015-07-14,2.399869,54.068291,4.188845,59.764164,19.345314,23.951797,16.469898,45.109028,18.620317,63.623840,34.924614
2015-07-15,2.440373,53.905930,4.221959,59.834160,19.193699,23.530859,16.608248,44.920113,18.624737,63.706841,34.889206
2015-07-16,2.462876,54.934250,4.307291,60.744213,19.145836,23.562998,16.772949,45.125458,18.862827,64.005508,35.101700
2015-07-17,2.448250,54.880131,4.274813,60.699669,19.014177,23.277014,16.726828,45.109028,19.153839,63.864460,35.039726
2015-07-20,2.483128,55.367229,4.304742,61.132423,18.854591,22.968534,16.746588,45.117252,19.255260,64.071884,35.057426
2015-07-21,2.449375,54.230656,4.256983,60.559669,18.738901,22.978176,16.726828,44.632645,19.127390,63.789791,34.946770
2015-07-22,2.453875,53.256447,4.276722,59.974171,18.659111,22.791800,16.852005,44.435520,18.818737,63.930847,35.114971
2015-07-23,2.416746,53.527069,4.248703,59.885075,18.387821,22.772522,16.707066,44.024834,18.779053,63.698517,34.906910
2015-07-24,2.409995,53.391754,4.171652,59.286861,17.984873,22.335524,16.548954,43.449898,18.677643,62.105408,34.906910
2015-07-27,2.363866,52.958778,4.079317,58.128620,17.785397,22.014194,16.430372,43.236340,18.510086,62.047340,34.645718
2015-07-28,2.405495,53.500011,4.119433,58.605919,18.156424,22.643988,16.496254,44.074108,18.677643,63.167461,34.915768
2015-07-29,2.391994,54.230656,4.137902,58.854115,18.288082,22.952473,16.660955,44.616211,18.801098,63.275341,35.274349
2015-07-30,2.375117,54.122414,3.997170,61.113338,18.379835,22.791800,16.660955,44.575146,18.836380,63.184078,35.402740
2015-07-31,2.411120,54.338905,4.001628,62.010647,18.331964,22.293743,16.608248,44.534084,18.774652,63.549179,35.513412
2015-08-03,2.441499,54.717758,4.026661,62.831608,18.188345,21.824608,16.588484,44.320530,18.673233,63.499363,35.393883
2015-08-04,2.422372,54.663635,3.972100,62.755226,18.268133,21.750706,16.562140,44.295895,18.563004,63.466190,35.544392
2015-08-05,2.467376,54.934250,4.027945,63.703480,18.359892,21.586826,16.628016,44.542301,18.743780,63.997219,35.159245
2015-08-06,2.454999,54.501274,4.015749,63.767113,18.296064,21.930647,16.568724,44.312317,18.558590,62.603302,34.681141
2015-08-07,2.461751,54.176544,3.982370,63.124348,18.040726,21.538626,16.601662,44.098759,18.571819,62.495422,34.654572
2015-08-10,2.473002,54.988369,4.047845,64.212578,18.483578,22.226271,16.759764,44.961182,18.862827,63.001560,34.933464
2015-08-11,2.451625,54.663635,3.974667,62.335224,18.140469,22.268044,16.608248,44.410885,18.580643,62.470531,34.619160
2015-08-12,2.368366,53.229385,3.862977,60.572388,18.208286,22.672915,16.456720,44.419086,18.664421,62.512001,34.468639
2015-08-13,2.408871,53.960045,3.851423,61.056049,18.156424,22.329086,16.516014,44.386230,18.611498,62.370949,34.667854
2015-08-14,2.379617,54.176544,3.810341,60.750580,18.240202,22.280886,16.634600,44.665497,18.704102,62.545181,34.689983
2015-08-17,2.411120,54.555397,3.816118,60.540573,18.343933,22.329086,16.667532,44.887260,18.809925,63.175808,35.022022
2015-08-18,2.398745,54.663635,3.803279,60.286011,18.224243,22.245554,16.654364,44.805134,18.712914,63.084534,35.052990
2015-08-19,2.340238,53.824738,3.766048,58.675926,18.000835,21.631809,16.502838,44.386230,18.589458,62.827290,34.991035
2015-08-20,2.282858,52.796413,3.710203,57.587677,17.661720,21.143396,16.153671,43.466309,18.135303,61.366974,34.008213
2015-08-21,2.235603,50.604454,3.592734,56.257610,17.230852,20.404339,15.573946,42.267136,17.443052,59.491783,32.919174
2015-08-24,2.100589,48.493683,3.342392,53.514732,16.508736,19.308609,14.908553,40.764057,16.755209,56.961094,31.604359
2015-08-25,2.225477,50.144424,3.486179,55.423927,16.249418,19.029053,14.710919,40.230156,16.622931,56.388592,31.475988
2015-08-26,2.180472,49.061970,3.407866,55.042091,16.688278,19.684563,15.264298,41.486839,17.460690,58.769928,32.671284
2015-08-27,2.290733,51.064503,3.538815,56.238514,17.294678,20.658186,15.639822,42.488907,17.866341,59.914959,33.437149
2015-08-28,2.276107,50.983307,3.571553,56.461262,17.394415,21.127325,15.567352,42.505325,17.901615,59.574749,33.450428
2015-08-31,2.259230,51.253922,3.504794,56.295788,17.298670,21.345829,15.435588,42.127506,17.738476,58.487804,33.193661
2015-09-01,2.201849,49.630264,3.406583,55.264820,16.772049,20.593920,14.934902,41.010456,17.169676,56.952774,32.352528
2015-09-02,2.197349,49.603191,3.396955,55.487568,17.011425,20.783508,15.139132,41.922150,17.584145,58.122723,33.034290
2015-09-03,2.256980,50.550335,3.421346,56.346714,17.115152,20.841343,15.224771,41.946804,17.597372,57.707859,33.047569
2015-09-04,2.199599,50.036179,3.323777,54.768444,16.776045,20.497520,14.921732,41.363636,17.328403,56.985985,32.693401
2015-09-07,2.237853,50.577396,3.314790,54.889351,,,,,,,
2015-09-08,2.274982,50.604454,3.321210,55.309380,17.194944,20.818848,15.303838,42.505325,17.813433,58.579063,33.450428
2015-09-09,2.287358,51.308037,3.395028,55.341202,17.063286,20.426832,15.093018,42.053570,17.579737,57.674667,33.091839
2015-09-10,2.242354,50.793892,3.282695,54.927540,17.103184,20.545725,15.165483,42.078228,17.756107,58.230564,33.184795
2015-09-11,2.246854,50.658581,3.228775,54.392956,17.079245,20.362572,15.231362,42.308208,17.839878,58.603966,33.432716
2015-09-14,2.242354,49.954987,3.214012,54.132034,16.875771,20.185831,15.198426,42.094654,17.795795,58.421417,33.255638
2015-09-15,2.261481,50.550335,3.242255,54.132034,16.999454,20.410765,15.415831,42.825653,18.025074,59.259430,33.605373
2015-09-16,2.279483,51.253922,3.307087,54.386600,17.242821,20.989153,15.514648,43.137764,18.100025,59.425369,33.986103
2015-09-17,2.263731,51.037434,3.359723,54.093861,17.163031,20.976297,15.297238,42.948864,17.976568,59.964725,34.074635
2015-09-18,2.183847,50.523273,3.242255,51.751915,16.801172,20.425369,15.001320,42.000023,17.743160,59.049541,33.532059
2015-09-21,2.241229,51.010376,3.243539,52.521954,16.857336,20.541901,15.173450,42.206474,17.920319,58.266762,33.825348
2015-09-22,2.145593,48.683105,3.127354,51.026424,16.544424,20.325020,14.981458,41.595379,17.619141,57.908688,33.376526
2015-09-23,2.177096,48.899597,3.061881,51.121876,16.191383,20.062824,14.988084,41.306347,17.663435,57.850388,33.287666
2015-09-24,2.124217,47.844215,2.959818,50.014545,16.147253,20.150219,14.882158,41.050365,17.663435,57.259148,33.198776
2015-09-25,2.214226,49.440826,3.027859,50.911854,16.127197,20.189068,15.100625,41.132946,17.632420,55.693615,33.194340
2015-09-28,2.163595,48.060707,2.971372,50.033634,15.625730,19.383059,14.749753,40.323654,17.229376,53.536804,32.238949
2015-09-29,2.173722,47.275928,2.992555,50.275459,15.685900,19.353930,14.776234,40.587902,17.154083,54.028130,32.132290
2015-09-30,2.243478,48.385437,3.045191,50.873680,16.014862,19.810339,15.001320,41.198997,17.495125,55.152317,32.998810
2015-10-01,2.188348,48.250134,3.038129,50.294559,16.195393,19.849182,15.007939,41.108158,17.503981,55.710274,33.243225
2015-10-02,2.234478,48.277195,3.059954,50.370926,16.592560,20.668142,15.027806,41.628410,17.752012,56.867783,33.718693
2015-10-05,2.258105,49.630264,3.197322,51.841007,17.025829,21.292881,15.345572,42.809315,18.101919,57.017654,34.216381
2015-10-06,2.295234,49.224335,3.287830,52.617409,17.246479,21.765480,15.272748,42.768009,18.124058,55.676949,33.963100
2015-10-07,2.269356,48.033642,3.368069,53.845661,17.475143,22.040621,15.391914,43.329552,18.208214,56.567970,34.078636
2015-10-08,2.252479,48.087772,3.347527,54.087494,17.719854,22.461435,15.484591,43.932396,18.292368,56.734528,34.496346
2015-10-09,2.277232,47.844215,3.447022,54.723888,17.711832,22.315769,15.385293,44.081036,18.372087,56.992687,34.536339
2015-10-12,2.256980,48.087772,3.391177,54.749344,17.559391,22.027679,15.398532,44.089279,18.394238,57.142559,34.700745
2015-10-13,2.262605,47.763031,3.299385,54.170223,17.491182,21.797853,15.279368,43.618587,18.354380,56.426411,34.514122
2015-10-14,2.270481,47.330048,3.238404,53.272907,17.631596,21.985600,15.153582,43.147869,18.318953,56.318153,34.163055
2015-10-15,2.306485,47.898338,3.232627,53.807484,17.679739,22.380508,15.497835,43.618587,18.553688,57.575596,34.607445
2015-10-16,2.317736,48.872540,3.331479,53.489277,17.687765,22.409643,15.590521,43.395615,18.589121,58.091885,34.789623
2015-10-19,2.313236,48.926670,3.305804,53.635647,17.563400,21.966166,15.577277,43.453423,18.659994,58.300087,34.954041
2015-10-20,2.307611,48.114826,3.259782,53.349270,17.591480,22.027679,15.669958,43.742466,18.611261,57.384068,34.909599
2015-10-21,2.288483,47.465351,3.275338,54.004761,17.435019,21.755772,15.557412,43.750706,18.469532,56.867783,34.754078
2015-10-22,2.350365,48.412498,3.380995,55.220276,17.912424,22.147442,15.808983,44.972889,18.885872,56.526340,35.211773
2015-10-23,2.377367,48.926670,3.416647,57.288563,18.060854,22.095652,15.981107,45.138039,19.412939,57.733807,35.385075
2015-10-26,2.379617,49.007843,3.386828,57.084927,17.912424,21.555073,15.914904,45.038940,19.337646,57.958660,35.633938
2015-10-27,2.336863,48.250134,3.331084,56.785820,17.836197,21.296118,15.822224,44.543472,19.226917,59.024555,35.465057
2015-10-28,2.381868,48.520744,3.373217,57.867699,18.104982,21.768717,16.192955,44.898556,19.514816,59.515900,35.802780
2015-10-29,2.330112,48.872540,3.296082,58.058613,18.141088,21.878773,16.173088,44.873798,19.461666,59.782368,35.904980
2015-10-30,2.360490,48.628990,3.305804,58.230450,18.165157,22.021200,15.941388,44.815998,19.333218,59.407623,35.980530
2015-11-02,2.385243,48.412498,3.335622,58.796856,18.277489,22.535885,16.159851,45.336246,19.505953,60.673401,36.144936
2015-11-03,2.370617,48.331318,3.368030,58.720470,18.349697,23.112061,16.186331,45.369267,19.607822,60.456879,36.282707
2015-11-04,2.364991,48.250134,3.419239,58.707752,18.229351,22.904898,16.139992,45.245403,19.629965,60.190392,36.047176
2015-11-05,2.328987,48.601925,3.375161,58.975033,18.137079,22.710678,16.206190,45.303192,19.572388,59.998871,36.176056
2015-11-06,2.357116,48.656055,3.438685,59.872360,18.185215,22.594143,16.371696,45.303192,19.638824,59.749020,36.180489
2015-11-09,2.292984,48.006580,3.366087,58.771385,18.060854,22.370796,16.192955,44.956375,19.448376,59.291035,35.682800
2015-11-10,2.333488,47.817154,3.354419,58.472271,17.928467,22.419348,16.265772,44.948128,19.319925,59.690762,36.020535
2015-11-11,2.309860,47.871284,3.383588,58.663200,17.948521,21.943506,16.212811,45.005917,19.311069,59.099503,35.807228
2015-11-12,2.263731,47.384174,3.259134,59.789627,17.587471,21.445021,15.967867,44.394825,19.142763,58.075253,35.473961
2015-11-13,2.292984,47.113560,3.239688,59.095951,17.812130,21.357622,15.835463,44.196640,18.766293,57.933659,34.540775
2015-11-16,2.312110,47.194733,3.209871,58.663200,18.040800,22.069757,16.027447,44.766445,19.054182,58.658157,34.958481
2015-11-17,2.369491,48.520744,3.313582,60.311466,18.020744,21.826981,15.994349,44.675606,19.058611,58.907959,35.025139
2015-11-18,2.298609,48.547794,3.309044,59.980537,18.341677,22.186291,16.279016,45.294952,19.346506,60.057140,35.625027
2015-11-19,2.307611,48.710175,3.374512,60.986061,18.321615,21.888489,16.305498,45.493137,19.435081,59.049541,35.669483
2015-11-20,2.313236,48.899597,3.346640,61.164234,18.265453,21.655424,16.331982,45.724354,19.576820,59.557510,36.096069
2015-11-23,2.317736,48.114826,3.354419,60.979687,18.289524,21.810793,16.265772,45.493137,19.461666,59.407623,36.229389
2015-11-24,2.278357,47.627724,3.365439,60.165085,18.441971,22.276918,16.219433,45.418819,19.466091,59.590816,36.153828
2015-11-25,2.322237,47.790092,3.298024,61.056049,18.325630,22.095652,16.232676,45.418819,19.404083,59.915588,36.336025
2015-11-26,2.340238,47.871284,3.353121,61.857922,,,,,,,
2015-11-27,2.336863,48.033642,3.316824,61.647903,18.301559,21.937035,16.272394,45.501408,19.448376,60.032177,36.202721
2015-11-30,2.348114,47.600670,3.349881,62.456139,18.345688,22.017965,16.259153,45.204113,19.470522,59.216087,35.896095
2015-12-01,2.337988,47.654785,3.351826,61.692467,18.474066,22.192759,16.437902,45.418819,19.643257,60.215382,36.264923
2015-12-02,2.346989,47.411228,3.303860,61.024227,18.225338,21.506521,16.245914,44.956375,19.519239,59.707405,35.949429
2015-12-03,2.298609,46.464096,3.203390,58.485001,18.064873,21.075998,15.981107,44.394825,19.266779,58.400017,35.407295
2015-12-04,2.288483,46.139362,3.214409,58.605919,18.381798,20.943281,16.404806,45.055466,19.740698,59.774033,36.091621
2015-12-07,2.296359,46.409973,3.156718,59.172318,18.052832,20.146988,16.252541,44.832493,19.643257,59.440918,35.940533
2015-12-08,2.243478,45.814629,3.067915,57.765869,17.711832,19.939819,16.047310,44.114067,19.594536,59.574184,35.833893
2015-12-09,2.264856,45.246334,3.068565,57.568592,18.245394,20.202015,15.861944,43.981934,19.306639,58.974594,35.376202
2015-12-10,2.235603,45.625202,3.048470,57.027649,18.108999,20.331503,15.875188,44.188381,19.359791,59.415939,35.496162
2015-12-11,2.181597,45.219280,2.986243,55.843941,17.627584,19.570808,15.524312,43.445164,18.956738,58.541573,34.687424
2015-12-14,2.111840,44.488621,2.881235,54.889351,17.394907,19.674389,15.557412,43.602062,19.102903,58.924633,34.865170
2015-12-15,2.195099,45.679317,3.003096,56.130337,17.491182,20.169643,15.921524,43.610325,19.187050,59.690762,35.056244
2015-12-16,2.193973,45.733444,3.025783,56.136692,17.671713,20.036934,16.179716,44.386570,19.448376,60.465191,35.642803
2015-12-17,2.242354,46.112297,3.102918,57.320408,17.318682,19.544909,15.948002,43.651619,19.142763,59.815659,35.056244
2015-12-18,2.202975,45.868752,3.049118,56.658539,17.084665,19.202602,15.521658,42.986130,18.771517,58.948467,34.505173
2015-12-21,2.166971,45.462822,2.901330,56.015778,17.238255,19.222197,15.674876,43.318447,18.962925,59.483643,34.679203
2015-12-22,2.151219,45.083965,2.928553,55.691212,17.456509,19.447569,15.821438,43.916630,19.100920,59.885075,34.933537
2015-12-23,2.193973,46.031113,3.012171,57.046738,17.868771,20.293547,16.007967,44.431744,19.261175,60.528992,35.112019
2015-12-24,,,3.040691,,17.828356,20.110630,15.994636,44.415134,19.252266,60.587536,35.018314
2015-12-25,,,,57.046738,,,,,,,
2015-12-28,2.184973,46.437027,2.969390,56.728542,17.703058,19.744806,15.981308,44.315418,19.238914,60.303200,35.107548
2015-12-29,2.207475,47.357109,2.995966,57.816780,17.868771,19.881989,16.147856,44.739143,19.501543,61.039104,35.513607
2015-12-30,2.189473,46.978256,2.988836,57.199474,17.703058,19.614153,16.034607,44.365284,19.336845,60.779884,35.228039
2015-12-31,2.189473,,2.954481,,17.549461,19.702343,15.874723,44.041260,19.065308,60.236301,34.875526
2016-01-04,2.126467,46.301723,2.863086,54.431149,17.274626,19.695807,15.568291,43.451382,18.816029,59.149162,34.277603
2016-01-05,2.166971,46.788830,2.838454,54.774807,17.266546,19.770939,15.628243,43.567696,18.767067,59.433487,34.233006
2016-01-06,2.112965,46.491146,2.747059,54.558414,16.813862,19.009886,15.388422,42.894745,18.535591,58.948467,33.898335
2016-01-07,2.121966,45.598133,2.690665,53.514732,16.357143,18.546072,14.955418,41.731602,17.988079,57.752586,33.202267
2016-01-08,2.105089,44.434502,2.618068,53.145618,16.191427,18.307632,14.722260,41.307880,17.845621,56.882866,32.845295
2016-01-11,2.107340,43.676792,2.643995,52.801975,15.916585,17.915676,14.742251,41.332821,17.961357,56.205494,33.104092
2016-01-12,2.092713,44.326260,2.677701,53.107437,15.940829,17.958136,14.855494,41.665146,18.175030,56.924679,33.469982
2016-01-13,2.124217,44.840424,2.688072,52.903797,15.573033,17.526983,14.469119,40.659859,17.685377,55.235447,32.341076
2016-01-14,2.102839,44.705116,2.663441,52.999260,15.783207,18.281500,14.595688,41.141720,18.019230,56.715614,32.573093
2016-01-15,2.064586,43.487358,2.591491,51.993740,15.459867,17.752357,14.269271,40.418919,17.511774,55.921173,31.903790
2016-01-18,2.027456,43.514420,2.559081,51.758282,,,,,,,
2016-01-19,2.051084,44.272133,2.542876,52.350128,15.269892,17.370203,14.262609,40.410625,17.529577,55.912807,32.024265
2016-01-20,1.989203,43.135559,2.420367,51.102779,15.156726,16.909653,13.982818,39.887203,17.391586,56.021511,31.743155
2016-01-21,2.053335,43.379112,2.494262,51.885548,15.290106,17.435530,13.922866,40.061680,17.489517,55.854271,32.149208
2016-01-22,2.097214,44.867477,2.605103,52.973797,15.564946,18.206381,14.176004,40.410625,17.974718,56.740711,32.711414
2016-01-25,2.085962,44.867477,2.498799,53.081989,15.067808,17.357141,13.889556,39.912155,17.765499,56.213848,32.336609
2016-01-26,2.115215,45.273396,2.586305,57.657696,15.326483,18.013666,14.122715,40.668175,17.939108,56.640350,32.809593
2016-01-27,2.141093,43.595604,2.581120,58.822964,15.205232,17.928738,14.069419,40.211231,17.569647,55.996418,32.296463
2016-01-28,2.065711,41.917805,2.488427,57.533081,15.229483,18.474216,14.076082,40.443848,17.796661,54.691856,32.711414
2016-01-29,2.119716,42.486095,2.550655,58.630146,15.670034,19.013153,14.469119,41.532223,18.357536,55.586647,33.068394
2016-02-01,2.114090,42.486095,2.498788,58.144768,15.734709,18.696321,14.409164,41.432514,18.424309,55.670280,33.269192
2016-02-02,2.082587,42.080173,2.370106,57.174038,15.629619,18.072458,14.009468,40.601711,18.094913,54.867477,32.622185
2016-02-03,2.040959,41.349522,2.273596,56.389462,16.155046,18.715921,14.022787,41.258049,18.072655,55.227062,32.537407
2016-02-04,2.051084,40.321201,2.402277,56.608875,16.603689,18.706120,14.142704,41.972534,18.090454,54.926010,32.350006
2016-02-05,1.994829,39.996464,2.461366,56.216591,16.413727,18.271706,13.956172,41.573757,17.582998,53.855598,31.305882
2016-02-08,1.967825,38.832832,2.308392,54.886806,15.981251,18.176981,13.603101,41.224815,17.329268,53.119671,30.699043
2016-02-09,1.965575,38.102180,2.219102,54.514477,16.179300,17.739302,13.583117,41.474060,17.249140,53.512730,30.649956
2016-02-10,1.983577,38.914021,2.333340,54.687340,16.025709,17.667440,13.509843,41.258049,17.275852,53.989407,30.596418
2016-02-11,1.911570,37.642136,2.173145,52.679363,15.678123,17.592314,13.096819,40.452168,17.240236,53.119671,30.578558
2016-02-12,1.990328,38.372799,2.286069,53.623512,16.142925,18.056128,13.649736,41.266361,17.480614,53.830505,31.140779
2016-02-15,2.057835,39.076385,2.369450,54.674053,,,,,,,
2016-02-16,2.044333,39.130505,2.365510,54.620857,16.389481,18.235769,13.869567,42.097157,17.792210,54.842381,31.894873
2016-02-17,2.049959,39.401115,2.466619,56.170052,16.712816,18.833509,14.056091,42.745193,18.157227,55.536476,32.582031
2016-02-18,2.040959,39.807034,2.372733,56.442657,16.664316,18.598331,13.976155,42.720268,18.085999,55.193626,32.367859
2016-02-19,2.036458,39.617611,2.297230,56.216591,16.470306,18.555874,13.976155,42.637207,18.099358,55.135078,32.457092
2016-02-22,2.097214,40.185894,2.412125,57.466583,16.785574,19.029484,14.195986,43.359989,18.339733,55.921173,33.086231
2016-02-23,2.046584,39.671730,2.370763,56.522442,16.373308,18.379494,13.942846,42.927982,18.050386,55.503036,32.903282
2016-02-24,1.991453,39.671730,2.257838,54.846920,16.543062,18.565664,13.909540,42.952908,18.188387,55.687004,33.095165
2016-02-25,2.046584,40.533680,2.314301,55.930695,16.757280,18.582006,14.102730,43.517849,18.415407,56.381104,33.425365
2016-02-26,2.072461,40.788429,2.420004,57.386795,16.999783,18.693056,14.202658,43.576015,18.366444,56.280769,33.389660
2016-02-29,2.083713,40.561985,2.463992,56.821648,16.894701,18.480747,14.049440,43.301849,18.237347,55.385956,33.215637
2016-03-01,2.103964,40.929958,2.515202,57.951962,17.327171,18.964155,14.522417,44.149277,18.780424,56.573448,34.094673
2016-03-02,2.105089,41.411156,2.657014,58.058353,17.258461,19.427977,14.682291,44.182518,18.833839,56.665443,34.063446
2016-03-03,2.085962,40.760120,2.657014,58.550358,17.363548,19.721949,14.782213,44.498207,18.833839,56.506557,34.264229
2016-03-04,2.089338,40.561985,2.706254,59.733871,17.565632,19.911385,14.842169,44.680988,18.882805,56.372749,34.233006
2016-03-07,2.060085,40.873348,2.693780,59.361534,17.767725,20.378471,14.835508,44.813896,18.767067,56.824329,34.085747
2016-03-08,2.067961,40.760120,2.720042,58.975895,17.420128,19.522692,14.595688,44.182518,18.651333,56.130230,33.818012
2016-03-09,2.130967,40.873348,2.699033,59.541046,17.529263,19.839533,14.615676,44.323738,18.811579,56.230591,33.884956
2016-03-10,2.142218,40.845036,2.727921,57.752483,17.622221,19.855858,14.602354,44.257263,18.793777,56.264034,33.969738
2016-03-11,2.200724,41.269630,2.922912,59.261799,17.945564,20.368668,14.982065,44.897011,19.083111,57.359539,34.491787
2016-03-14,2.193973,41.326241,2.963619,60.618187,17.824312,20.234755,14.935434,44.938541,19.105368,57.117035,34.621181
2016-03-15,2.188348,40.929958,2.832310,60.192635,17.864729,20.195559,14.928774,44.913620,19.176590,56.230591,34.612282
2016-03-16,2.191723,40.703514,2.765343,60.810986,18.014278,20.545046,14.895459,45.071465,19.399172,56.096786,34.893379
2016-03-17,2.210851,40.109097,2.786353,60.731205,18.345703,20.825954,15.075327,46.060116,19.470387,55.444496,34.942455
2016-03-18,2.202975,39.542980,2.811301,61.648762,18.421549,20.885820,15.209154,46.455120,19.501705,56.096596,34.987709
2016-03-21,2.205225,40.307236,2.780443,61.163391,18.506723,20.813448,15.182385,46.730694,19.568813,56.423916,35.005627
2016-03-22,2.197349,40.958260,2.737769,61.642105,18.295811,20.698315,15.135551,46.463467,19.573286,56.986229,34.947388
2016-03-23,2.187223,41.071484,2.679337,61.449280,18.068691,20.244345,15.021796,46.162853,19.461432,56.583378,34.700970
2016-03-24,2.199599,40.448757,2.619591,60.438656,18.068691,20.343033,14.928122,46.029228,19.515127,56.558212,34.745770
2016-03-28,,,,,18.145752,20.234478,14.974960,46.045937,19.465908,56.398731,34.902596
2016-03-29,2.234478,39.854340,2.604491,60.850891,18.247154,20.329878,15.001726,46.346558,19.770138,57.053375,35.256538
2016-03-30,2.250229,39.656204,2.610400,62.054348,18.328268,20.369352,15.088717,46.430073,19.886463,57.061760,35.480553
2016-03-31,2.192848,39.458065,2.543433,61.934650,18.174141,20.359476,15.055256,46.321503,19.846195,56.885529,35.440235
2016-04-01,2.181597,38.778728,2.491566,60.378811,18.348549,20.086443,15.189085,46.538635,19.998310,57.531757,35.588085
2016-04-04,2.161345,39.344841,2.482375,60.797699,18.109251,19.938410,15.115479,46.012527,19.922247,58.219921,35.310303
2016-04-05,2.089338,39.288235,2.396368,59.295029,17.995682,19.803539,14.901357,45.728603,19.729874,57.464622,35.010117
2016-04-06,2.098339,40.194012,2.389147,59.727226,18.202528,20.231184,14.981652,45.954067,19.922247,59.008854,35.341675
2016-04-07,2.058960,40.533680,2.347785,58.563663,17.938904,20.112761,14.700620,45.511494,19.635918,58.362629,34.942898
2016-04-08,2.116341,40.760120,2.404903,59.341587,18.056526,20.517384,14.754150,45.686855,19.635918,58.203167,34.889133
2016-04-11,2.125342,40.675209,2.449548,59.434677,18.137642,20.431849,14.814370,45.703548,19.582230,57.758354,34.759205
2016-04-12,2.109590,40.618599,2.476466,59.713921,18.389095,21.040432,15.001726,45.970776,19.716442,58.228329,35.023560
2016-04-13,2.150094,41.071484,2.664236,61.303013,18.571617,21.139124,15.342977,46.655537,19.917778,58.773857,35.516399
2016-04-14,2.159095,41.524376,2.684588,61.861530,18.583786,21.188469,15.376433,46.739044,19.913301,58.807442,35.516399
2016-04-15,2.142218,41.411156,2.663579,61.681999,18.668951,20.902275,15.322906,46.805866,19.837244,58.765461,35.614967
2016-04-18,2.181597,41.779129,2.708881,61.908070,18.754124,21.247681,15.436662,46.847603,19.922247,59.311001,35.950996
2016-04-19,2.208600,41.977268,2.737112,63.424011,19.155651,21.672041,15.630699,47.181633,19.810406,59.520832,35.753868
2016-04-20,2.210851,41.920654,2.835592,63.975876,19.098871,21.866131,15.751143,47.106480,19.850670,59.839748,35.798664
2016-04-21,2.193973,42.203712,2.915034,64.188637,19.013695,21.737841,15.610633,46.989563,19.779087,60.192238,35.673229
2016-04-22,2.193973,42.175407,2.934730,64.022430,19.147537,22.053640,15.757838,47.106480,19.434597,60.318127,35.601528
2016-04-25,2.182722,42.288628,2.875642,63.457260,19.082644,21.806915,15.724384,46.881001,19.439074,60.083122,35.641857
2016-04-26,2.210851,42.232021,2.971496,63.018436,19.236767,22.155621,15.824746,47.298550,19.345121,59.856525,35.726994
2016-04-27,2.241229,42.260323,3.018111,63.364182,19.399000,22.576696,15.851510,47.632584,19.255638,59.789375,35.691154
2016-04-28,2.280607,42.345242,3.071211,62.679337,19.216490,22.241150,15.684228,47.173275,19.014050,59.504017,35.305836
2016-04-29,2.226601,41.439461,2.934477,60.584923,19.102926,22.204966,15.597243,46.897709,18.848515,58.572460,35.485035
2016-05-02,2.225477,41.467766,2.901953,60.717915,19.171871,22.181940,15.737761,47.139885,18.987209,58.908157,35.982365
2016-05-03,2.188348,41.128098,2.761236,59.813652,18.855522,21.658880,15.537020,46.755745,18.812721,58.723503,35.650818
2016-05-04,2.192848,40.392147,2.693533,60.644779,18.664892,21.346371,15.416583,46.179535,18.754568,58.161205,35.489529
2016-05-05,2.214226,,2.681585,61.110203,18.571617,21.520718,15.409892,46.154484,18.763506,58.404587,35.261017
2016-05-06,2.195099,40.052479,2.698843,61.615517,18.721680,21.471373,15.476803,46.463467,18.902205,58.060490,35.520889
2016-05-09,2.188348,40.788429,2.629148,61.854866,18.494551,21.158865,15.436662,46.254700,18.902205,58.723503,35.619457
2016-05-10,2.241229,41.439461,2.704817,62.772415,18.802794,21.530584,15.657468,47.048016,19.148262,59.218666,36.076458
2016-05-11,2.233353,41.467766,2.680922,62.719234,18.737900,21.596380,15.490185,46.655537,19.009579,58.505291,35.350613
2016-05-12,2.253605,41.099792,2.673620,61.994507,18.819017,21.655594,15.496881,46.555328,18.955885,58.161205,35.417843
2016-05-13,2.253605,41.496075,2.695524,62.233868,18.636505,21.379265,15.309522,45.970776,18.884304,58.026917,34.996670
2016-05-16,2.259230,,2.692869,,18.956921,21.741117,15.389816,46.538635,19.148262,58.815819,35.216217
2016-05-17,2.222101,41.524376,2.699507,61.987850,18.859575,21.843105,15.302830,46.313168,18.955885,58.203167,34.817448
2016-05-18,2.236728,42.147102,2.741323,62.313644,18.571617,21.632568,15.570486,46.154484,18.991678,58.446545,34.615833
2016-05-19,2.216476,41.750820,2.712782,61.675350,18.636505,21.635857,15.423275,45.720261,18.888781,57.951393,34.584476
2016-05-20,2.244604,42.486763,2.751280,62.499817,18.770353,21.764153,15.530330,45.954067,19.116945,58.488510,34.812969
2016-05-23,2.224352,43.590691,2.702826,62.154072,18.989363,21.708223,15.516945,45.870567,19.081163,58.253521,34.692013
2016-05-24,2.285108,44.071880,2.778494,63.224548,19.115097,21.816786,15.751143,46.346558,19.439074,59.092796,35.108681
2016-05-25,2.291859,44.666306,2.947089,64.574287,19.350330,22.162197,15.918427,46.663895,19.573286,59.462055,35.301338
2016-05-26,2.309860,44.921055,2.892661,64.959923,19.143490,22.070087,15.824746,46.530273,19.635918,59.470451,35.373035
2016-05-27,2.305360,45.062584,2.920539,65.618164,19.135374,22.083246,15.931800,46.705647,19.729874,59.739014,35.538803
2016-05-30,2.316611,45.034275,2.929830,65.392097,,,,,,,
2016-05-31,2.291859,44.666306,2.848189,64.354866,19.038036,21.997721,15.891665,46.697289,19.770138,59.881691,35.502964
2016-06-01,2.271606,44.553082,2.769202,64.481194,19.062372,22.004293,15.925114,46.739044,19.720921,60.099907,35.480553
2016-06-02,2.279483,45.119190,2.790441,64.128807,19.167818,21.974691,15.958570,46.797504,19.703032,60.872025,35.677696
2016-06-03,2.260355,44.722908,2.690214,63.357517,19.330051,21.889158,15.731066,46.755745,19.658283,60.670620,35.444733
2016-06-06,2.279483,44.751225,2.710127,63.643433,19.528788,22.372734,15.824746,47.198334,19.694073,60.997917,35.534313
2016-06-07,2.314361,44.836140,2.749289,64.733856,19.536900,22.879333,15.791296,47.423817,19.774609,60.620251,35.579136
2016-06-08,2.321111,44.270023,2.711454,64.035721,19.650467,22.826706,15.804669,47.724445,19.814878,60.830078,35.619457
2016-06-09,2.318861,44.043575,2.698843,63.576950,19.508511,22.652351,15.690921,47.716072,19.819349,60.729359,35.538803
2016-06-10,2.240103,43.166111,2.562773,61.954605,19.362501,22.162197,15.496881,47.156574,19.667240,60.242580,35.166927
2016-06-13,2.204099,42.515072,2.473165,60.870838,19.147537,22.096405,15.389816,46.647194,19.448017,59.764191,34.974274
2016-06-14,2.165846,41.637600,2.406125,59.953285,19.005587,22.083246,15.162313,46.655537,19.492762,59.856525,34.884659
2016-06-15,2.199599,41.694210,2.446615,61.017117,19.090757,22.030613,15.182385,46.672249,19.443542,59.445290,34.983246
2016-06-16,2.210851,41.694210,2.429357,60.432007,19.155651,21.925343,15.222532,46.755745,19.483814,59.655102,35.095245
2016-06-17,2.261481,42.373543,2.526266,61.362862,19.239218,22.149185,15.209752,46.795219,19.353888,59.035736,35.039951
2016-06-20,2.317724,42.996265,2.625830,63.131470,19.349274,22.341246,15.297204,47.223442,19.434811,59.406513,35.354687
2016-06-21,2.323583,43.222717,2.671630,63.670036,19.296276,22.606142,15.384657,47.189873,19.569675,59.204296,35.273746
2016-06-22,2.288431,43.505772,2.688223,63.896091,19.316658,22.480318,15.371198,47.055511,19.502245,59.372818,35.224297
2016-06-23,2.344674,43.562386,2.803717,64.999809,19.614212,22.851175,15.694101,47.601299,19.767490,60.148026,35.570515
2016-06-24,2.109153,42.883045,2.246160,60.186001,18.758228,22.112766,14.853225,45.661648,19.007719,58.403770,34.248581
2016-06-27,2.100950,42.656605,2.190404,58.104885,18.126438,21.404150,14.429423,44.586872,18.625584,57.620098,33.619099
2016-06-28,2.192347,43.845436,2.228902,59.301693,18.281328,22.000174,14.799408,45.342579,18.994228,58.740807,34.289055
2016-06-29,2.284916,45.147499,2.307225,60.352222,18.591108,22.417398,15.135761,46.148674,19.286448,59.861526,34.842094
2016-06-30,2.331785,45.373947,2.276029,61.043705,18.888666,22.596212,15.377928,47.030308,19.497734,60.426109,35.098396
2016-07-01,2.329442,45.543777,2.325147,61.209938,18.896818,22.715410,15.297204,47.181465,19.542704,60.805302,35.462597
2016-07-04,2.332957,45.657001,2.314526,61.003815,,,,,,,
2016-07-05,2.317724,45.119190,2.245495,59.727226,18.554430,22.258465,15.068480,46.753231,19.398836,60.746300,35.174820
2016-07-06,2.274370,45.062584,2.203679,58.537067,18.627796,22.354485,15.108850,46.988342,19.533710,61.428860,35.476070
2016-07-07,2.259137,45.317333,2.223592,58.576950,18.676716,22.126013,15.129027,47.114288,19.533710,61.336155,35.628956
2016-07-08,2.302492,45.741920,2.338422,59.334942,19.141382,22.420713,15.418295,48.054722,19.839420,62.094563,36.249443
2016-07-11,2.318896,46.024971,2.368955,61.469238,19.235138,22.463760,15.505743,48.357010,19.956299,61.926010,36.460777
2016-07-12,2.329442,45.657001,2.522947,62.100880,19.585682,23.020052,15.700834,48.802036,20.118153,62.229370,36.604668
2016-07-13,2.332957,45.713604,2.471838,61.801674,19.638672,22.821377,15.700834,48.919598,20.122641,62.204075,36.424812
2016-07-14,2.337645,45.543777,2.538213,62.553017,19.813942,22.937271,15.848823,49.289062,20.253021,62.473755,36.573177
2016-07-15,2.338816,45.487164,2.530248,62.825623,19.883234,22.924030,15.821912,49.280647,20.235035,62.423191,36.411316
2016-07-18,2.341160,45.543777,2.526266,62.459923,20.013670,22.940580,15.875731,49.238667,20.369905,62.448486,36.550713
2016-07-19,2.325927,45.430561,2.497724,62.174030,19.895466,22.811443,15.882451,49.263874,20.324947,62.313614,36.483257
2016-07-20,2.329442,46.421257,2.529585,63.370834,19.903618,22.778330,15.909368,49.356216,20.590195,62.878246,36.636139
2016-07-21,2.357564,46.392948,2.562773,63.244507,19.781336,22.553164,15.828636,48.852421,20.482302,63.063583,36.537228
2016-07-22,2.359907,46.619392,2.574056,63.045029,19.834328,22.622700,15.929549,48.944775,20.603680,63.189983,36.690102
2016-07-25,2.359907,46.534470,2.514982,63.443981,19.801712,22.172363,15.895911,48.684479,20.576708,63.122597,36.748547
2016-07-26,2.354049,46.704311,2.491751,63.630123,19.952528,22.301506,15.909368,49.087536,20.621664,63.013054,36.703579
2016-07-27,2.357564,46.364643,2.602225,64.255119,19.976988,22.082968,15.902637,48.894402,20.792498,63.299545,36.591175
2016-07-28,2.350534,45.458866,2.499161,64.301674,19.948454,22.086264,15.936275,48.877605,20.805986,63.240562,36.658630
2016-07-29,2.412637,45.458866,2.555745,64.574287,19.846554,22.311432,15.909368,48.734871,20.882416,63.366917,36.699089
2016-08-01,2.400919,,2.496466,64.461243,19.736498,21.576332,15.869001,48.676086,20.922871,63.771442,36.757542
2016-08-02,2.369282,45.090885,2.363761,63.916046,19.683504,21.771696,15.734462,48.222668,20.765526,63.527042,36.208984
2016-08-03,2.358736,45.289028,2.354330,64.361511,19.732416,22.192234,15.895911,48.457767,20.837456,63.350098,36.312386
2016-08-04,2.368109,45.572086,2.419672,67.253792,19.813942,22.159115,15.855551,48.474567,20.949842,63.257420,36.294411
2016-08-05,2.398575,46.166500,2.495119,68.184654,19.879166,22.361105,16.158262,48.961594,21.152155,63.409119,36.676590
2016-08-08,2.386858,45.770222,2.538904,69.015747,19.919922,22.659122,16.178446,49.028748,21.147659,62.869793,36.555202
2016-08-09,2.379828,46.053280,2.566523,70.644745,19.858780,22.539915,16.191896,49.011967,21.192610,63.021458,36.447300
2016-08-10,2.375139,45.543777,2.575280,70.112831,19.862856,22.294888,16.064089,48.986767,21.125185,62.810810,36.523731
2016-08-11,2.407949,45.600388,2.594142,71.442619,19.948454,22.622700,16.097723,49.305855,21.201603,63.173164,36.887920
2016-08-12,2.404434,45.317333,2.588080,71.442619,19.736498,22.748529,16.050632,49.171505,21.179123,63.013054,36.869953
2016-08-15,,45.458866,2.589427,71.209900,19.936220,22.930653,16.158262,49.498978,21.282530,63.122597,36.941883
2016-08-16,2.348190,44.779526,2.566523,70.378792,19.830248,22.967075,16.117903,49.280647,21.125185,62.558010,36.730572
2016-08-17,2.304835,44.468159,2.501181,70.046333,19.813942,23.036613,16.171713,49.423409,21.116184,62.684406,36.645134
2016-08-18,2.307179,44.411552,2.504549,70.644745,19.940306,23.510122,16.158262,49.574554,21.125185,62.709686,36.622646
2016-08-19,2.279056,44.128494,2.452007,71.143410,19.968836,23.314764,16.151533,49.557751,21.138662,62.659145,36.645134
2016-08-22,2.283744,44.241714,2.468173,70.445282,19.940306,23.046551,16.151533,49.515759,21.138662,62.785534,36.609150
2016-08-23,2.308351,44.496475,2.538231,71.143410,20.111500,23.208797,16.171713,49.557751,21.215094,62.844528,36.793514
2016-08-24,2.309522,44.411552,2.600205,71.874779,19.879166,23.116079,16.164991,49.406612,21.098204,61.858627,36.618149
2016-08-25,2.315381,43.760529,2.593468,71.309639,19.976988,23.053171,16.198622,49.398212,21.143162,61.336155,36.496746
2016-08-26,2.330613,43.817139,2.617045,71.908035,19.862856,22.973692,16.218809,49.255459,21.152155,61.572113,36.393330
2016-08-29,2.294289,44.071880,2.606941,71.542351,20.042202,23.129324,16.360071,49.608139,21.233070,61.706947,36.519234
2016-08-30,2.317724,44.213417,2.646011,72.140762,19.993292,23.049860,16.508070,49.473782,21.161142,61.496258,36.316906
2016-08-31,2.318896,43.817139,2.707985,71.176659,19.793562,22.685616,16.521523,49.196690,21.125185,61.310902,36.222481
2016-09-01,2.311866,43.081188,2.720110,70.910698,19.875080,22.619392,16.454250,49.238667,21.192610,61.150803,36.294411
2016-09-02,2.364594,44.043575,2.762549,72.207230,20.074818,22.874355,16.528246,49.482174,21.287025,61.218201,36.366360
2016-09-05,2.366938,44.128494,2.777369,71.808296,,,,,,,
2016-09-06,2.355221,44.100193,2.740993,71.775063,20.029980,23.218731,16.501343,49.339439,21.394922,61.437305,36.433807
2016-09-07,2.419667,44.213417,2.781410,71.941284,20.001446,23.351181,16.494610,49.398212,21.448868,61.437305,36.451794
2016-09-08,2.405606,44.185112,2.844058,70.644745,19.915854,23.788273,16.481159,49.356216,21.273535,61.487846,36.137047
2016-09-09,2.372797,43.817139,2.829913,69.680649,19.337038,23.079653,16.171713,47.962372,20.752035,60.257587,35.264759
2016-09-12,2.324755,43.732216,2.755813,69.015747,19.520466,23.308136,16.353348,48.575325,21.098204,61.150803,35.759354
2016-09-13,2.291945,43.590691,2.680367,67.918686,19.157694,22.642570,16.064089,47.861607,20.945356,60.333427,35.251278
2016-09-14,2.295461,43.703911,2.645337,68.118164,19.112850,22.374361,16.023722,47.819630,21.044252,60.333427,35.255768
2016-09-15,2.309522,43.902050,2.664873,70.179314,19.235138,22.652506,16.117903,48.197475,21.390425,60.956978,35.512062
2016-09-16,2.273198,43.902050,2.613004,68.982513,19.158110,22.469612,15.965143,47.793919,21.311880,60.998444,35.435318
2016-09-19,2.307179,44.496475,2.637928,69.580917,19.186794,22.456293,16.066942,48.004982,21.271248,60.778500,35.408241
2016-09-20,2.300148,44.892746,2.622771,68.882782,19.129431,22.293051,16.075262,48.047195,21.257711,60.964588,35.435318
2016-09-21,2.290774,44.694611,2.694513,69.082253,19.420330,22.809401,16.175112,48.671967,21.496964,61.573631,35.778355
2016-09-22,2.364594,44.864441,2.755813,70.910698,19.481781,22.836060,16.208395,49.018093,21.627876,62.038895,36.040134
2016-09-23,2.327098,44.807835,2.666220,70.611496,19.383450,22.532907,16.125185,48.731049,21.438271,61.844349,35.958878
2016-09-26,2.297804,44.156803,2.611656,68.916031,19.293316,22.432968,15.867247,48.519974,21.311880,61.125340,35.561691
2016-09-27,2.301320,44.213417,2.600205,69.015747,19.350674,22.283062,15.992061,48.857685,21.546614,61.556740,35.922791
2016-09-28,2.317724,44.468159,2.633886,69.181976,19.571918,23.245804,16.066942,49.237606,21.587252,61.463688,36.022076
2016-09-29,2.328271,43.732216,2.658810,68.650063,19.420330,23.205828,15.842290,48.849239,21.456333,60.380898,35.837032
2016-09-30,2.324755,43.251019,2.658810,69.281715,19.563723,23.522299,16.058626,49.288269,21.569187,60.998444,36.125889
2016-10-03,2.290774,43.534073,2.657464,,19.539145,23.505650,15.983733,49.330482,21.505989,60.947670,36.103313
2016-10-04,2.293118,43.930351,2.662179,70.112831,19.272827,23.265791,16.050299,48.916790,21.429249,60.829258,35.976948
2016-10-05,2.255622,43.703911,2.701249,70.112831,19.403931,23.622244,16.308239,49.229179,21.505989,61.066116,36.125889
2016-10-06,2.242733,43.505772,2.728867,70.245804,19.563723,23.658886,16.333208,49.229179,21.555635,60.837711,36.152966
2016-10-07,2.209923,43.335941,2.673630,69.614159,19.199087,23.522299,16.324881,48.595970,21.496964,60.795418,35.990490
2016-10-10,2.243904,43.222717,2.682387,70.378792,19.313799,23.892078,16.408085,48.646629,21.645929,61.074570,36.049149
2016-10-11,2.222813,43.024578,2.683061,69.813629,19.051586,23.618923,16.258318,48.140060,21.402157,59.543465,35.611351
2016-10-12,2.192347,42.373543,2.693840,69.481186,19.014704,23.518974,16.241684,48.232944,21.438271,59.264305,35.778355
2016-10-13,2.205236,42.203712,2.635907,68.749809,18.916378,23.389051,16.083588,48.216053,21.302849,59.289700,35.647469
2016-10-14,2.247419,42.684910,2.728194,70.046333,18.977840,23.252466,16.158472,48.317348,21.384104,58.892128,35.606846
2016-10-17,2.238045,42.175407,2.720110,69.447937,18.994223,23.139208,16.083588,48.190716,21.338963,58.697567,35.313473
2016-10-18,2.290774,42.543385,2.786870,70.279053,19.166306,23.232485,16.216717,48.292038,21.456333,59.399677,35.548153
2016-10-19,2.297804,42.401855,2.848861,70.179314,19.305603,23.562286,16.358168,48.444000,21.496964,59.179729,35.706146
2016-10-20,2.316553,42.571686,2.918345,70.545006,19.289223,23.535624,16.358168,48.182270,21.397646,59.458878,35.638420
2016-10-21,2.308351,42.401855,2.949682,70.777725,19.281027,23.382393,16.349840,48.114731,21.456333,58.968235,35.922791
2016-10-24,2.293118,42.232021,3.060039,71.143410,19.326094,23.312433,16.399769,48.207596,21.663990,58.858299,36.180054
2016-10-25,2.289603,41.071484,3.025298,70.977188,19.149920,23.205828,16.383121,48.080963,21.587252,58.689114,35.755772
2016-10-26,2.311866,40.307236,3.036877,70.810974,19.121235,23.259129,16.482971,48.249817,21.465368,58.333820,35.602325
2016-10-27,2.310694,40.420460,3.091375,69.314949,19.096659,23.172518,16.524582,47.920559,21.438271,58.604534,35.304440
2016-10-28,2.309522,40.250622,3.077751,68.849541,19.145821,23.109226,16.449688,48.207596,21.415707,57.335663,35.223183
2016-10-31,2.296633,39.854340,3.049820,68.783051,19.154009,22.859371,16.424728,48.300472,21.406675,56.980370,35.250275
2016-11-01,2.296633,39.542980,2.990555,67.818962,19.043386,22.862713,16.358168,47.886791,21.221594,56.675846,35.002029
2016-11-02,2.253278,39.316536,2.936057,67.320282,18.940962,22.609528,16.250002,47.709492,21.086161,56.379765,34.789898
2016-11-03,2.246248,39.033482,2.966712,67.220558,18.945059,22.699472,16.266642,47.633499,20.883022,55.846844,34.699619
2016-11-04,2.236874,39.033482,2.927202,67.187309,19.010611,22.576218,16.216717,47.675720,20.846909,56.235977,34.631931
2016-11-07,2.249763,39.231617,2.978975,68.450600,19.301510,23.062586,16.624422,48.849239,21.298338,57.674011,35.430813
2016-11-08,2.266168,39.288235,3.006224,68.317619,19.362963,23.092569,16.632742,49.144737,21.402157,57.834743,35.575249
2016-11-09,2.212267,41.014877,3.012354,69.481186,19.772675,23.468996,17.339979,50.377365,21.375078,59.873367,35.647469
2016-11-10,2.136103,41.496075,3.017123,72.672653,20.002115,23.568943,17.980671,51.449596,21.031996,60.533180,35.778355
2016-11-11,2.132588,41.043186,2.895184,71.908035,19.727608,23.139208,18.030594,51.542454,21.095190,59.628052,35.981468
2016-11-14,2.113840,40.845036,2.943552,72.506439,19.772675,23.269125,18.471582,51.761971,20.774675,59.441975,35.985973
2016-11-15,2.138447,40.590290,2.976249,72.173988,19.854620,23.925388,18.454937,51.956146,21.068100,59.611156,36.125889
2016-11-16,2.139618,40.873348,2.944232,71.775063,19.817747,23.758821,18.188679,51.660656,21.262222,59.357384,36.324482
2016-11-17,2.170084,40.873348,2.960582,71.342888,19.825937,23.598923,18.438292,51.770401,21.397646,59.594242,36.762291
2016-11-18,2.118526,40.533680,2.906083,70.910698,19.797260,23.695530,18.438292,51.753525,21.379589,58.959778,36.649456
2016-11-21,2.137275,39.995876,2.908809,71.409363,20.030798,24.258516,18.504854,52.032120,21.596272,59.171291,36.888664
2016-11-22,2.204065,38.778728,2.949682,71.575584,20.153706,24.245192,18.513182,52.268524,21.663990,58.316914,37.326466
2016-11-23,2.193519,39.118401,2.951726,71.442619,20.243847,24.345139,18.621344,52.656891,21.578220,58.545292,37.362576
2016-11-24,2.184145,39.486374,2.932651,71.309639,,,,,,,
2016-11-25,2.188832,39.967567,2.914259,71.376122,20.305300,24.225204,18.646307,52.943932,21.668503,58.773697,37.452847
2016-11-28,2.170084,39.741119,2.867936,70.412048,20.223364,23.888746,18.429972,52.580898,21.686562,58.333820,37.154961
2016-11-29,2.220469,39.656204,2.903359,70.545006,20.243847,23.595602,18.479893,52.623131,21.700104,58.714485,37.254253
2016-11-30,2.234530,39.769421,2.938101,70.877457,20.460997,24.794863,18.729513,52.690659,21.442781,58.156178,36.942822
2016-12-01,2.218126,38.976871,2.957856,70.744476,20.469183,24.854818,19.054018,53.036816,21.000393,57.733231,36.960873
2016-12-02,2.243904,38.920258,2.922433,70.345543,20.477383,24.928106,18.845997,53.028374,21.077137,57.868580,36.757782
2016-12-05,2.193519,39.344841,2.963306,72.473190,20.637171,25.147972,19.070656,52.986141,21.280272,57.767075,37.159470
2016-12-06,2.302492,39.288235,3.113175,72.672653,20.661747,25.101343,19.237064,53.087479,21.343477,57.927799,37.245224
2016-12-07,2.311866,38.920258,3.190152,74.567604,20.956739,25.301216,19.536598,54.075256,21.749758,57.428699,37.967400
2016-12-08,2.318896,38.778728,3.358414,76.030365,21.096050,25.437799,19.719656,53.771324,21.803934,57.538666,37.967400
2016-12-09,2.323583,40.052479,3.320265,76.263077,21.100142,25.517750,19.761261,54.016148,21.961933,58.240768,38.053143
2016-12-12,2.350534,39.741119,3.332528,76.927986,21.005913,25.637684,19.569889,53.821995,21.894222,58.519932,37.737194
2016-12-13,2.395060,40.760120,3.373401,77.094193,20.973125,25.927511,19.619808,53.746002,22.169586,58.993629,38.075733
2016-12-14,2.366938,40.873348,3.329803,77.193916,20.723209,25.407818,19.528282,53.205654,22.092844,58.689114,37.818451
2016-12-15,2.389201,41.552685,3.404737,77.160683,20.858414,25.464449,19.694696,53.264755,22.192158,59.069744,37.728168
2016-12-16,2.356392,41.722515,3.428579,76.794998,20.794075,25.622520,19.525028,53.157742,22.031649,59.116470,37.542942
2016-12-19,2.376312,41.750820,3.348876,76.529045,20.752834,25.505308,19.533381,53.455029,22.190342,58.870094,37.642818
2016-12-20,2.413808,41.864044,3.402693,76.063614,20.769335,25.448381,19.775772,53.760834,22.271959,58.827625,37.942474
2016-12-21,2.395060,41.722515,3.387706,76.163345,20.777580,25.488569,19.725622,53.556965,22.226618,58.496246,37.924309
2016-12-22,2.386858,41.807430,3.373401,76.462540,20.690973,25.592382,19.675478,53.455029,22.181274,58.572731,37.515694
2016-12-23,2.413808,41.835732,3.387706,76.628777,20.732220,25.568937,19.708904,53.506001,22.203949,59.014530,37.433968
2016-12-27,2.438415,41.977268,3.374081,76.994453,20.843571,25.625868,19.733976,53.616425,22.294630,59.133484,37.579243
2016-12-28,2.423182,42.005569,3.357051,77.160683,20.633230,25.347906,19.533381,53.055790,22.095137,58.683178,37.320454
2016-12-29,2.436072,42.005569,3.339340,77.227173,20.633230,25.297684,19.391287,53.038811,22.099665,58.785130,37.270523
2016-12-30,2.453648,41.948963,3.378170,77.659355,20.497133,25.223997,19.433077,52.851936,21.927359,58.572731,36.957245
2017-01-02,2.473568,,3.399287,78.423973,,,,,,,
2017-01-03,2.441931,42.486763,3.481714,77.260414,20.616737,25.508657,19.650398,53.166218,22.122330,59.337383,37.175171
2017-01-04,2.445446,42.090492,3.497383,76.927986,20.917803,25.455074,19.809206,53.480511,22.199411,59.804676,37.670071
2017-01-05,2.448961,42.401855,3.507601,76.429314,20.855938,25.391449,19.608603,53.327633,22.235689,60.110538,37.642818
2017-01-06,2.438415,42.316936,3.527356,77.094193,20.876553,25.414890,19.675478,53.633415,22.398916,60.280472,37.828976
2017-01-09,2.432556,42.458466,3.487846,77.160683,20.872442,25.046507,19.541733,53.217190,22.394386,60.535358,37.797184
2017-01-10,2.414980,42.684910,3.484439,78.290993,20.884815,24.818781,19.583534,53.438046,22.398916,60.747753,37.933395
2017-01-11,2.423182,42.147102,3.454466,77.958557,21.053898,25.086699,19.708904,53.718361,22.503202,60.136017,38.015114
2017-01-12,2.420839,41.213013,3.447654,77.160683,21.012659,24.982878,19.541733,53.497498,22.448790,60.195503,37.978786
2017-01-13,2.439587,41.326241,3.507601,77.393394,20.979658,24.909203,19.650398,53.701366,22.516811,60.254978,38.119526
2017-01-16,2.400919,40.816734,3.450378,77.260414,,,,,,,
2017-01-17,2.427869,40.392147,3.434710,77.360146,20.884815,25.063250,19.182333,53.285149,22.430660,59.949123,38.183102
2017-01-18,2.430212,40.873348,3.446291,77.759094,21.016779,25.006323,19.341141,53.489014,22.489603,59.872646,38.114990
2017-01-19,2.419667,40.250622,3.465365,77.326897,20.884815,24.869017,19.257549,53.879745,22.457861,59.490311,37.996964
2017-01-20,2.425526,40.137398,3.496702,77.792328,21.070395,24.962791,19.349493,53.888252,22.580284,59.337383,38.105923
2017-01-23,2.445888,39.656204,3.440161,77.094193,21.111637,24.698221,19.224119,53.590935,22.621096,59.091007,38.133148
2017-01-24,2.441097,39.373142,3.517138,77.792328,21.656031,24.969481,19.466511,54.126087,22.761654,58.683178,38.446442
2017-01-25,2.402768,40.335545,3.658832,79.587540,21.800379,25.100086,19.792492,54.695213,22.979294,59.235435,38.682518
2017-01-26,2.384801,40.703514,3.652700,79.587540,21.858107,25.120188,19.842634,54.822632,22.915813,58.776630,38.741558
2017-01-27,2.356054,40.703514,3.649295,79.255096,21.779755,24.858974,19.767414,54.780148,23.006502,59.260914,38.618961
2017-01-30,2.305747,40.760120,3.581154,78.523712,21.557045,24.403515,19.608603,54.312965,22.820595,58.972069,38.573555
2017-01-31,2.314131,41.014877,3.543988,77.293663,21.429197,24.413559,19.483229,53.837273,22.707243,59.915131,38.514534
2017-02-01,2.315329,41.071484,3.583220,81.648697,21.536430,24.232721,19.508305,53.743839,22.879545,60.433384,38.441891
2017-02-02,2.327307,40.816734,3.640347,81.712967,21.441574,24.370031,19.433077,53.641903,22.834196,60.416412,38.410107
2017-02-03,2.345274,41.297932,3.672008,81.266266,21.478683,24.581011,19.825918,54.041138,22.983841,60.679779,38.360172
2017-02-06,2.299758,41.524376,3.594232,80.544662,21.420950,24.373377,19.733976,54.117588,22.997437,60.747753,38.246674
2017-02-07,2.320120,41.864044,3.522651,81.541161,21.251862,24.028435,19.683832,54.211021,23.088112,60.807224,38.210346
2017-02-08,2.384801,41.948963,3.473783,82.090958,21.301352,24.085377,19.550091,54.134579,23.128918,60.713768,38.446442
2017-02-09,2.418339,42.458466,3.528844,82.572029,21.293104,24.356642,19.817562,54.550808,23.201471,60.934673,38.687065
2017-02-10,2.424328,42.458466,3.469651,82.228401,21.486935,24.540821,19.876074,54.984024,23.269484,61.053646,38.923161
2017-02-13,2.414746,42.741524,3.531598,83.327988,21.664270,24.587706,20.101744,55.536152,23.373768,61.427452,38.968548
2017-02-14,2.407559,42.515072,3.559129,83.396706,21.660156,24.668079,20.335781,55.561642,23.450853,61.911743,39.191029
2017-02-15,2.370427,42.911354,3.620387,83.912140,21.631283,24.570963,20.494589,55.858940,23.527931,62.582932,39.395329
2017-02-16,2.406361,43.137798,3.583908,83.602898,21.631283,24.236076,20.444439,55.875923,23.582336,62.497978,39.195580
2017-02-17,2.419537,43.590691,3.537792,82.881294,21.569418,24.102121,20.452795,55.969379,23.663956,62.582932,39.322693
2017-02-20,2.396779,43.420860,3.553623,83.499802,,,,,,,
2017-02-21,2.401570,43.817139,3.579090,85.905144,21.639534,24.266214,20.553091,56.249687,23.786381,62.863316,39.549698
2017-02-22,2.370427,44.043575,3.512326,85.046089,21.697268,23.897829,20.569813,56.096779,23.813589,62.769844,39.549698
2017-02-23,2.380010,43.930351,3.521273,84.805557,21.577675,23.998291,20.569813,55.731522,23.809053,63.228653,39.281830
2017-02-24,2.395581,43.930351,3.475158,83.671608,21.623035,23.773924,20.411003,55.969379,23.863468,63.534515,39.463440
2017-02-27,2.431514,44.071880,3.480665,83.980865,21.569418,23.978209,20.519663,56.173229,23.849857,63.840370,39.508846
2017-02-28,2.426723,44.383251,3.547428,84.393211,21.548796,23.904533,20.511305,55.943886,23.736507,63.712936,39.213730
2017-03-01,2.450679,44.581383,3.660996,86.592384,21.969465,24.383421,21.096380,56.886757,24.072033,64.350113,39.654121
2017-03-02,2.471042,44.807198,3.599050,85.973862,21.734390,24.152355,20.770414,56.275169,23.913338,64.146240,39.558784
2017-03-03,2.474635,45.043491,3.658242,85.733330,21.717894,24.108807,20.870708,56.334621,23.967747,64.401131,39.499760
2017-03-06,2.471042,45.073025,3.636906,85.320984,21.577675,24.162395,20.711906,56.198727,23.931471,64.154739,39.372623
2017-03-07,2.479426,44.334606,3.638971,85.424088,21.458069,23.948076,20.653387,56.037319,23.931471,63.704437,39.245522
2017-03-08,2.497393,44.482300,3.676827,85.389717,21.458069,23.325165,20.661751,55.841953,23.958685,63.959305,39.408962
2017-03-09,2.508173,44.689049,3.766992,85.252266,21.392090,23.479212,20.736979,55.587120,23.954147,64.307678,39.372623
2017-03-10,2.503382,44.954884,3.778692,84.565018,21.491062,23.445728,20.720257,55.926884,24.081106,64.554062,39.431644
2017-03-13,2.504580,44.748127,3.758733,84.461937,21.552929,23.449081,20.770414,55.892921,24.103779,64.503090,39.536072
2017-03-14,2.497393,44.659512,3.689216,84.599388,21.367334,23.184515,20.711906,55.366264,24.049368,64.265175,39.527000
2017-03-15,2.490207,44.570908,3.739460,84.908638,21.709639,23.700251,20.678471,55.994850,24.212597,65.072319,39.735847
2017-03-16,2.545305,44.482300,3.878494,85.802055,21.561172,23.532797,20.711906,55.740017,24.226196,64.443604,39.731308
2017-03-17,2.521349,44.659512,3.888818,85.458443,21.653847,23.515619,20.508909,56.044643,24.278545,64.088890,39.781860
2017-03-20,2.509371,44.689049,3.879182,85.733330,21.773823,23.481928,20.341145,55.942257,24.301298,63.995075,39.686234
2017-03-21,2.527338,43.980171,3.893635,84.668106,21.409752,23.316845,19.770754,55.088955,23.946274,63.491997,39.185322
2017-03-22,2.545305,43.359905,3.910155,83.843422,21.471811,23.283154,19.728819,55.285210,24.096474,63.509048,39.230854
2017-03-23,2.576447,43.802948,3.939752,85.286629,21.562828,23.188829,19.770754,55.208405,24.032755,63.312920,39.321922
2017-03-24,2.568063,43.566654,3.933558,85.458443,21.372517,23.097864,19.745596,55.063362,24.050966,63.347019,39.417557
2017-03-27,2.581238,43.625725,3.899143,84.324486,21.418028,22.990057,19.670099,54.867092,24.050966,63.517590,39.403889
2017-03-28,2.599205,43.566654,3.964531,86.008232,21.666250,23.316845,19.938520,55.447342,24.223919,63.560215,39.704456
2017-03-29,2.606393,44.009708,3.938375,86.454941,21.682804,23.636902,19.812700,55.438812,24.264893,63.577293,39.941242
2017-03-30,2.615974,44.334606,3.954206,87.795067,21.686945,23.630167,20.072723,55.746006,24.310406,63.585804,40.045982
2017-03-31,2.643523,43.921093,3.954206,88.241776,21.682804,23.549305,19.904964,55.515598,24.264893,63.406738,40.050533
2017-04-03,2.642326,43.921093,3.885376,87.691971,21.600065,23.508884,19.863024,55.396137,24.242125,63.457867,39.891136
2017-04-04,2.637534,44.157391,3.897766,88.482285,21.678669,23.680704,19.837856,55.541206,24.260334,63.423794,39.827389
2017-04-05,2.625556,44.068783,3.923232,88.035599,21.662121,23.606583,19.686878,55.362011,24.160204,63.227646,39.731758
2017-04-06,2.635139,43.802948,3.964531,88.344849,21.777958,23.795250,19.812700,55.515598,24.164749,63.338490,39.854717
2017-04-07,2.635139,43.773415,3.974854,88.241776,21.757271,23.704281,19.728819,55.575333,24.151100,63.449360,39.736317
2017-04-10,2.607590,43.862026,3.908091,87.726326,21.761410,23.882839,19.678486,55.711853,24.105576,63.329956,39.882038
2017-04-11,2.623161,43.980171,3.878494,88.035599,21.703489,23.886213,19.619766,55.788658,24.014547,63.244701,39.850159
2017-04-12,2.621963,43.832481,3.828938,87.485802,21.434578,23.785137,19.460396,55.020676,23.932617,63.244701,39.690781
2017-04-13,2.592019,43.655262,3.776628,86.970367,21.227716,23.350533,19.208755,54.628166,23.837034,63.082703,39.413002
2017-04-17,,,,,21.380791,23.401072,19.544283,55.225483,24.055513,63.312920,39.818283
2017-04-18,2.540513,43.064533,3.768369,85.870789,21.355972,23.182087,19.359735,55.046284,24.050966,62.622231,39.822842
2017-04-19,2.575249,43.182678,3.880559,85.561523,21.384933,22.841824,19.301022,55.097488,24.032755,62.809830,39.859272
2017-04-20,2.540513,43.271286,3.895701,86.592384,21.620749,22.952993,19.628157,55.763062,24.251232,63.202049,40.278221
2017-04-21,2.509371,43.300827,3.902584,86.145683,21.595926,22.838451,19.426849,55.814259,24.201162,62.826900,40.187153
2017-04-24,2.666281,43.773415,4.129719,91.231262,21.844151,22.973211,19.863024,56.607822,24.487919,63.449360,40.446701
2017-04-25,2.653106,44.718586,4.157250,91.196915,22.195814,23.168606,20.039171,56.880875,24.615366,63.722210,40.765476
2017-04-26,2.639930,44.984417,4.164133,91.540520,22.191673,23.091124,20.022396,56.889404,24.588060,64.071815,40.956741
2017-04-27,2.633941,45.427467,4.127319,90.750183,22.142027,22.838451,19.930130,56.872364,24.688190,64.208260,41.175320
2017-04-28,2.613579,45.220715,4.158577,90.440933,21.955856,22.855295,19.737207,56.607822,24.751909,64.378815,41.011375
2017-05-01,,,,,21.968267,22.791277,19.863024,56.437168,24.938538,64.523750,41.066029
2017-05-02,2.649512,45.486549,4.206504,91.196915,22.005497,22.676733,19.837856,56.710209,24.993149,64.702827,41.111557
2017-05-03,2.655501,45.368393,4.218313,91.025101,21.790363,22.740751,19.997234,56.752895,24.947632,64.387329,40.870220
2017-05-04,2.715391,45.457005,4.284300,90.475304,21.815195,22.322996,20.030787,56.812607,24.929432,64.813698,40.806465
2017-05-05,2.741742,45.397930,4.373902,90.715836,22.125484,22.676733,19.997234,57.102737,25.020464,64.779572,41.061462
2017-05-08,2.735753,46.047737,4.351676,89.650604,21.947584,22.838451,19.980457,56.949139,25.129702,64.378815,41.138885
2017-05-09,2.724973,46.756622,4.277353,90.475304,21.782099,22.649790,19.904964,57.025940,25.161573,64.455559,41.375694
2017-05-10,2.736951,46.874767,4.259989,89.684975,21.852423,22.949623,19.972069,56.906506,25.257147,64.267937,41.234520
2017-05-11,2.732160,46.638477,4.209282,89.822418,21.819330,22.902466,19.846252,56.889404,25.225290,64.302055,40.988609
2017-05-12,2.734555,47.790405,4.187056,89.341347,21.765547,22.824968,19.762365,56.573685,25.289009,64.191208,40.929401
2017-05-15,2.738149,47.524578,4.267630,89.375702,21.955856,23.003534,19.913361,56.838196,25.430115,64.609032,40.938511
2017-05-16,2.804028,47.376892,4.261377,90.028595,21.959997,22.888985,19.972069,56.778465,25.548456,64.361755,40.797348
2017-05-17,2.771688,46.845230,4.138433,88.860291,21.496635,22.663258,19.342964,55.643604,24.852053,63.517590,40.137054
2017-05-18,2.777676,46.461250,3.985621,88.207405,21.509050,22.656523,19.418455,55.720398,24.997704,63.798935,40.369301
2017-05-19,2.805225,46.520329,4.051608,88.069954,21.695215,22.936155,19.586220,56.454247,25.143360,63.978050,40.642529
2017-05-22,2.832774,46.904301,3.964784,86.970367,21.720041,22.885620,19.636539,56.889404,25.343628,64.148582,40.847424
2017-05-23,2.866313,46.697548,4.055776,87.176544,21.736593,22.939516,19.787533,57.008877,25.389149,64.361755,40.692612
2017-05-24,2.838763,46.727085,4.080781,87.245262,21.881388,22.818235,19.779142,57.077133,25.493837,64.523750,40.838337
2017-05-25,2.856730,,4.087727,86.558029,21.856562,22.403849,19.812700,57.452599,25.675900,64.830734,41.198074
2017-05-26,2.879488,46.431717,4.075225,86.626755,21.897936,22.440912,19.804314,57.520855,25.662245,64.711349,41.321030
2017-05-29,2.814808,46.372646,4.073142,87.004730,,,,,,,
2017-05-30,2.831577,46.431717,4.029381,86.867287,21.893801,22.141064,19.670099,57.503796,25.771482,64.617531,41.352917
2017-05-31,2.849543,46.845230,4.015490,87.313995,21.959997,22.046732,19.502335,57.614716,25.730518,64.873383,41.462208
2017-06-01,2.863917,46.874767,4.021740,87.176544,22.224771,22.184856,19.745596,57.973091,25.794249,65.589622,41.853825
2017-06-02,2.832774,46.904301,4.042578,88.997719,22.278551,21.928816,19.670099,58.203476,26.030933,66.015984,42.004097
2017-06-05,2.823193,,4.035632,88.997719,22.208221,21.969248,19.703650,57.998714,26.053688,65.828384,41.890251
2017-06-06,2.862720,46.520329,4.028686,87.623253,22.220633,22.228661,19.619766,57.606174,26.003620,65.666382,41.530514
2017-06-07,2.872301,46.402176,3.993262,87.210907,22.249594,21.915342,19.770754,57.537914,26.085558,65.845436,41.603359
2017-06-08,2.959740,46.372646,4.202336,87.932510,22.315792,21.851334,19.997234,57.725643,26.144722,65.657845,41.334690
2017-06-09,2.933388,46.549862,4.250957,88.929001,22.601254,22.376894,20.374701,57.947495,25.498384,66.101265,41.152542
2017-06-12,2.901048,46.136353,4.212756,86.764191,22.514370,22.535242,20.416645,58.160839,25.348179,66.015984,41.129772
2017-06-13,2.904642,46.549862,4.208587,87.107819,22.795698,22.703691,20.525686,58.399750,25.530249,66.152428,41.384792
2017-06-14,2.907038,46.402176,4.118985,87.107819,22.555746,22.292669,20.559240,58.340023,25.407352,66.467911,41.362015
2017-06-15,2.913026,46.343109,4.089117,86.386192,22.357162,22.124220,20.475359,58.689880,25.293568,66.399681,41.188972
2017-06-16,2.946565,46.136353,4.066195,85.595879,22.453596,22.490238,20.452625,58.881912,25.249229,66.509270,41.177570
2017-06-19,2.953751,46.786160,4.116206,86.936012,22.632322,22.347763,20.663126,59.242012,25.623972,67.202682,41.492725
2017-06-20,2.929796,47.140602,4.068278,86.008232,22.507627,22.062824,20.486301,58.607555,25.418324,67.425285,40.972012
2017-06-21,2.982498,47.170139,4.063416,85.527168,22.270708,21.706642,20.317894,58.213203,25.559996,68.281380,41.035961
2017-06-22,2.950158,49.503532,4.067585,86.042595,22.295639,21.693069,20.191597,58.093159,25.569130,68.991928,40.940033
2017-06-23,2.933388,49.444458,4.025214,85.733330,22.382931,21.838936,20.115808,58.307510,25.729086,68.889206,40.889786
2017-06-26,2.964531,49.267242,4.059943,86.523659,22.449438,21.791447,20.225279,58.324635,25.591982,68.820679,41.035961
2017-06-27,2.874697,48.912804,4.087727,85.286629,22.312271,21.757523,20.326321,57.887405,25.171543,68.195755,40.711655
2017-06-28,2.898653,48.440216,4.166912,84.668106,22.515940,21.876253,20.646288,58.410389,25.486876,68.555321,41.122753
2017-06-29,2.839961,47.524578,4.104398,82.846924,22.245762,21.923738,20.789431,57.913113,25.029873,67.930359,40.725357
2017-06-30,2.811214,47.140602,4.023129,82.709480,22.366306,22.022114,20.772594,58.393227,25.007021,67.836212,40.940033
2017-07-03,2.850741,47.613190,4.168996,84.599388,22.561661,22.446136,21.075720,58.753319,24.833366,67.956062,40.898930
2017-07-04,2.841158,47.465500,4.136350,83.740341,,,,,,,
2017-07-05,2.808818,47.347359,4.112733,83.843422,22.486849,21.991585,21.109396,58.924793,25.080139,68.358421,40.798435
2017-07-06,2.814808,46.579403,4.149714,82.812553,22.387089,21.747349,20.949411,58.410389,24.851643,67.476662,40.382790
2017-07-07,2.826786,46.697548,4.102397,83.053085,22.503477,21.713427,21.092556,58.864773,25.139551,67.819092,40.743622
2017-07-10,2.873499,46.963379,4.102397,83.190544,22.644793,21.784668,21.067295,59.036221,25.322351,67.690674,40.830418
2017-07-11,2.868708,46.549862,4.069911,82.846924,22.611540,21.903387,20.882051,58.984802,25.377193,67.613609,40.748203
2017-07-12,2.917818,47.554115,4.086155,84.393211,22.873404,21.964453,20.949411,59.310581,25.706234,68.075905,41.058796
2017-07-13,2.977708,47.081520,4.131353,82.812553,22.848461,22.052647,21.075720,59.267712,25.756504,68.135841,41.063366
2017-07-14,2.976509,47.199680,4.092512,82.675117,22.964848,22.184944,20.983095,59.524914,25.984997,68.598145,41.195835
2017-07-17,2.947762,47.347359,4.050139,81.781693,23.010569,22.157804,20.915728,59.490631,25.989574,68.349854,41.296318
2017-07-18,2.970521,47.554115,4.014121,81.060089,22.914967,22.052647,20.882051,59.353451,26.108397,68.401215,41.483589
2017-07-19,2.974114,47.967625,3.993640,80.132324,23.135265,22.374905,20.890467,59.413464,26.240919,68.957687,41.684566
2017-07-20,2.946565,48.026695,4.039544,81.163177,22.964848,22.307062,20.882051,59.079105,26.295763,69.411385,41.597782
2017-07-21,2.940576,47.435970,3.980929,79.685616,22.969002,22.086571,20.882051,58.967655,26.263777,69.334358,41.625187
2017-07-24,2.964979,46.992912,4.028245,79.960495,22.948212,22.045858,20.974676,58.839050,26.327755,69.308685,41.483589
2017-07-25,2.927153,47.140602,4.102397,80.579025,23.193451,22.324017,21.235699,58.761887,26.277487,68.812134,41.775917
2017-07-26,2.963758,47.731335,4.100278,80.613388,23.052134,22.347763,21.092556,58.839050,26.378019,68.580994,41.757652
2017-07-27,2.983281,48.292526,4.101692,79.582512,22.969002,22.575048,20.974676,58.504692,26.277487,68.110161,42.063679
2017-07-28,2.936915,48.233463,4.096042,79.548164,22.885872,22.547907,20.974676,58.641865,26.250069,68.452599,41.743938
2017-07-31,2.943016,48.676514,4.077680,78.860931,22.711300,22.598795,21.126232,58.564686,26.122107,68.392670,41.730251
2017-08-01,2.982060,,4.112990,80.029221,22.727926,22.595400,21.277805,58.393227,26.254633,68.238556,41.803326
2017-08-02,2.977180,48.883266,4.078026,79.754341,22.748703,22.510592,21.311485,58.650440,26.327755,68.084465,41.689133
2017-08-03,3.013785,48.646973,4.108710,77.314629,22.578283,22.195114,21.235699,58.941929,26.268343,68.195755,41.574936
2017-08-04,3.040629,48.794651,4.149384,76.661751,22.686357,22.266354,21.378843,59.053379,26.327755,68.041656,41.579517
2017-08-07,3.039408,48.469753,4.161513,76.455582,22.698826,22.096746,21.345158,59.053379,26.487705,68.187195,41.675426
2017-08-08,3.056491,48.706043,4.176498,76.971008,22.520100,22.045858,21.286226,58.873325,26.451147,67.870468,41.698265
2017-08-09,3.034527,47.819946,4.090158,75.905800,22.540878,22.066216,21.286226,58.890499,26.437428,67.947502,41.456184
2017-08-10,3.004023,47.524578,3.995967,74.634392,22.283176,21.832153,20.907309,58.144604,25.916452,67.099960,40.834984
2017-08-11,2.982060,47.199680,3.903916,75.046730,22.229139,21.689678,20.823107,58.178902,26.094681,67.288322,41.045082
2017-08-14,3.068692,48.144844,3.990971,75.733971,22.436962,21.625231,21.109396,58.787609,26.510548,67.742035,41.337429
2017-08-15,,48.144844,4.002388,75.630890,22.441126,21.543816,21.126232,58.659004,26.551678,67.742035,40.958305
2017-08-16,3.090045,48.410675,4.025936,77.211540,22.661413,21.336899,21.084135,58.821892,26.629368,67.930359,41.168419
2017-08-17,3.068692,48.410675,3.925323,76.593010,22.316423,21.034986,20.722063,57.801674,26.108397,67.082840,40.510674
2017-08-18,3.090045,47.140602,3.917475,76.489944,22.324739,21.140146,20.730494,57.570187,26.080973,66.774666,40.309704
2017-08-21,3.093095,47.229210,3.880368,76.352501,22.345520,21.031593,20.671547,57.664490,26.071835,67.074265,40.382790
2017-08-22,3.074792,47.642723,3.911052,77.623886,22.636477,21.170675,20.898893,58.324635,26.460283,67.887573,40.816708
2017-08-23,3.038188,47.583649,3.876801,77.074104,22.594910,21.262262,20.831532,57.775963,26.396297,67.373909,40.469566
2017-08-24,3.099195,47.524578,3.903203,76.730484,22.553345,21.275833,20.831532,57.595909,26.373451,67.570831,40.382790
2017-08-25,3.108347,47.376892,3.903203,76.180679,22.624012,21.370815,20.890467,57.870262,26.368885,67.587936,40.483273
2017-08-28,3.099195,46.904301,3.886077,76.215042,22.657263,21.275833,20.755753,57.835968,26.419149,67.947502,40.506107
2017-08-29,3.068692,46.786160,3.831847,74.703110,22.549192,21.248695,20.688389,58.256050,26.533403,68.075905,40.469566
2017-08-30,3.102246,46.815693,3.858248,75.115456,22.715450,21.258871,20.772594,58.496124,26.725340,68.426926,40.761894
2017-08-31,3.102246,47.790405,3.895354,75.459084,22.890028,21.360636,20.797852,58.693302,26.885296,69.591179,40.953743
2017-09-01,3.135800,47.760868,3.908197,76.111946,23.039661,21.567560,20.856794,58.744728,26.862438,69.539818,41.141018
2017-09-04,3.117498,47.288277,3.881795,76.455582,,,,,,,
2017-09-05,3.120549,47.317818,3.816863,77.177177,22.777798,21.686287,20.410521,58.153175,26.624790,69.240173,40.972012
2017-09-06,3.138851,47.317818,3.784037,77.417717,22.835987,22.039078,20.461040,58.213203,26.647654,69.574059,41.227806
2017-09-07,3.166304,47.819946,3.767626,77.589539,22.873404,22.079779,20.107397,58.333206,26.739050,70.344559,40.871521
2017-09-08,3.157153,47.849480,3.813294,77.142822,22.865088,21.845724,20.292643,58.530396,26.519691,70.661293,40.729927
2017-09-11,3.199859,48.085773,3.941021,78.998375,23.164356,22.052647,20.646288,59.036221,26.894432,71.209175,40.944618
2017-09-12,3.169354,48.706043,3.975986,79.410713,23.359718,22.188335,20.890467,59.319149,26.958418,71.363289,41.127312
2017-09-13,3.148001,48.824192,3.991685,80.338493,23.351406,22.466492,20.924152,59.233437,26.921854,71.097885,41.424221
2017-09-14,3.135800,49.090019,4.037354,80.475945,23.430382,22.575048,20.882051,59.516315,26.830446,71.192078,41.200386
2017-09-15,3.114448,48.676514,3.986690,79.926147,23.431210,22.628311,20.943779,59.762672,26.940071,70.964348,41.084881
2017-09-18,3.141902,48.499290,4.014519,80.304123,23.560762,22.724552,21.188978,60.098545,26.962999,70.947182,40.942776
2017-09-19,3.135800,48.883266,4.050196,79.719971,23.681948,22.817345,21.349628,60.158836,27.082241,70.388680,40.906109
2017-09-20,3.123599,48.971874,4.014519,79.685616,23.765528,22.972002,21.476456,60.598072,26.972172,70.457428,41.043629
2017-09-21,3.126649,49.001411,4.062327,80.716469,23.715380,22.978876,21.527191,60.778942,26.825411,70.096519,40.974876
2017-09-22,3.111397,49.296783,4.095152,80.097954,23.631802,23.095726,21.501823,60.933964,26.839165,70.096519,41.043629
2017-09-25,3.108347,49.533066,4.048770,80.166679,23.673590,23.429108,21.476456,60.933964,26.522709,69.890320,40.956539
2017-09-26,3.108347,48.971874,4.043062,80.097954,23.569115,23.418791,21.468006,60.933964,26.619024,69.778633,40.961117
2017-09-27,3.117498,48.676514,4.181493,81.060089,23.569115,23.518461,21.730122,61.002884,26.889620,69.752823,41.185719
2017-09-28,3.074792,48.765114,4.202900,81.128822,23.736269,23.539082,21.763939,60.968433,26.921726,69.812965,41.135315
2017-09-29,3.108347,48.971874,4.215031,81.919144,23.736269,23.535645,21.865404,61.149292,27.105169,70.225418,41.291164
2017-10-02,3.117498,49.739834,4.147242,82.400208,23.995363,23.528774,22.051416,61.571312,27.146450,70.938583,41.369083
2017-10-03,3.080894,49.769367,4.156518,82.400208,24.095665,23.504715,22.127514,61.838299,27.210657,70.921410,41.543262
2017-10-04,3.029647,49.739834,3.997393,83.156189,24.104023,23.487530,22.026051,61.821068,27.192316,71.265106,41.758701
2017-10-05,3.077843,49.444458,4.114418,82.125320,24.250280,23.594074,22.254345,61.967480,27.453737,71.316666,41.992481
2017-10-06,3.040629,49.651218,4.120127,82.194038,24.195961,23.394735,22.279715,61.958862,27.495010,71.222145,42.042912
2017-10-09,3.096145,49.621681,4.123694,82.606377,24.191774,23.442848,22.195158,61.786613,27.563801,70.775352,41.909981
2017-10-10,3.114448,49.296783,4.003102,82.297127,24.208490,23.463470,22.296619,61.881344,27.591326,70.938583,41.868725
2017-10-11,3.169354,49.503532,4.028790,82.228401,24.221029,23.518461,22.254345,61.846901,27.683050,71.076073,41.891628
2017-10-12,3.151052,49.592144,4.017374,82.125320,24.266996,23.432545,22.085239,62.174191,27.614256,70.998749,41.612026
2017-10-13,3.154103,49.562611,3.970278,82.400208,24.384008,23.418791,22.093700,62.062218,27.747261,70.818306,41.813713
2017-10-16,3.141902,49.917049,3.970992,81.816063,24.367289,23.470343,22.237432,62.131100,27.848162,70.508957,41.868725
2017-10-17,3.163253,49.680752,4.017374,81.438080,24.304607,23.484095,22.127514,61.967480,27.848162,71.454132,41.891628
2017-10-18,3.154103,50.005665,4.052588,81.266266,24.246105,23.319124,22.245895,61.993340,27.916954,71.557236,41.777039
2017-10-19,3.144952,49.828438,4.003718,80.682114,24.338043,23.246948,22.262800,62.165588,27.834398,71.995438,41.777039
2017-10-20,3.160203,49.887512,4.024560,79.651245,24.546984,23.291630,22.524916,62.837326,28.022436,72.072762,41.877895
2017-10-23,3.184607,50.301025,3.981439,80.063591,24.501019,23.171341,22.508009,62.441154,27.889433,71.892334,41.593681
2017-10-24,3.169354,48.794651,4.042526,79.685616,24.638924,23.216021,22.668661,62.794300,27.967403,71.411148,41.694527
2017-10-25,3.123599,47.554115,4.047557,79.135811,24.509375,23.054487,22.533373,62.174191,27.816055,71.308060,41.534096
2017-10-26,3.227312,48.026695,4.177637,81.025726,24.835329,23.102602,22.660198,62.260307,27.930714,70.594902,41.680790
2017-10-27,3.224262,47.879017,4.094989,82.812553,24.705784,23.143845,22.643286,62.286160,28.682867,70.577713,42.354610
2017-10-30,3.245614,48.203918,4.186980,84.187042,24.588770,23.264141,22.550283,61.855518,28.747074,69.821571,42.162083
2017-10-31,3.248665,48.558357,4.184824,84.187042,24.655634,23.339752,22.491098,61.605759,28.870907,69.692719,42.166668
2017-11-01,3.285270,49.326317,4.190574,86.042595,24.776823,23.604382,22.524916,61.571312,28.875496,69.864548,42.180420
2017-11-02,3.273067,48.942341,4.182667,85.561523,24.597137,23.535645,22.736294,61.924431,28.889254,69.546646,41.864136
2017-11-03,3.279169,49.385387,4.104332,85.355354,24.584600,23.604382,22.643286,61.864124,29.118567,70.122307,42.033737
2017-11-06,3.288320,49.385387,4.054025,85.149170,24.480124,24.143976,22.617926,61.898582,29.182777,69.907486,42.340855
2017-11-07,3.291370,48.617432,4.038934,84.702469,24.505194,24.113041,22.305077,61.993340,29.196539,70.053551,42.088741
2017-11-08,3.270018,48.824192,4.024560,84.736824,24.530266,23.996189,22.195158,61.889980,29.357063,70.216820,42.134590
2017-11-09,3.254766,48.322071,3.994375,81.575539,24.321325,24.068356,22.119062,61.114841,29.123159,70.225418,42.198750
2017-11-10,3.218161,48.233463,3.997969,80.372856,24.283712,23.941196,22.051416,61.200954,29.123159,69.770027,42.340855
2017-11-13,3.205959,48.765114,3.977846,80.441574,24.409077,23.803719,22.085239,60.994259,29.113985,69.838768,42.482952
2017-11-14,3.218161,48.499290,3.923227,79.651245,24.187593,23.418791,22.076792,60.830608,29.054359,69.555214,42.519623
2017-11-15,3.212060,48.469753,3.972097,78.895287,24.041332,23.154154,22.135971,60.486122,28.838806,69.357597,42.336266
2017-11-16,3.230362,48.676514,3.976409,79.582512,24.333857,23.061357,22.144432,61.054546,29.242392,70.079346,42.689224
2017-11-17,3.181556,49.208164,3.939039,78.964005,24.367289,23.174774,22.119062,60.718658,29.054359,69.804390,42.877163
2017-11-20,3.187657,49.090019,3.951255,78.929642,24.400723,23.119783,22.220524,60.994259,29.164423,69.512276,42.959671
2017-11-21,3.270018,49.355850,3.928977,78.689117,24.530266,23.171341,22.288176,61.433517,29.471720,70.122307,43.225533
2017-11-22,3.239514,49.208164,3.950536,77.933144,24.463408,23.264141,22.178251,61.502403,29.416685,70.096519,43.266792
2017-11-23,3.288320,49.385387,3.961316,78.276764,,,,,,,
2017-11-24,3.266967,49.267242,3.993657,78.379837,24.588770,23.329432,22.169794,61.502403,29.581785,70.259773,43.376797
2017-11-27,3.248665,49.030952,4.005156,77.795700,24.442513,23.092289,22.152882,61.605759,29.581785,70.319916,43.408886
2017-11-28,3.297471,49.385387,4.025278,78.482948,24.714140,23.271011,22.727844,62.544529,29.678095,70.835487,43.890198
2017-11-29,3.340176,49.444458,4.099302,78.689117,24.751749,23.398178,23.116789,63.095737,29.022257,71.187759,44.078129
2017-11-30,3.327975,49.739834,4.055463,78.482948,24.889662,23.748728,23.268980,64.172310,29.279093,71.720512,44.302731
2017-12-01,3.276118,49.503532,3.954849,77.692604,24.684887,23.948074,23.319710,63.379963,29.127741,71.574417,44.284397
2017-12-04,3.337126,49.680752,4.008030,78.792198,24.939802,23.937759,23.674833,63.913918,28.659937,70.698029,44.797787
2017-12-05,3.370681,49.060486,3.994375,77.967506,24.814432,23.834654,23.548010,63.371326,28.669106,70.577713,44.541103
2017-12-06,3.370681,48.735584,3.953411,77.864418,24.668180,23.525339,23.463461,63.466080,28.852568,70.517570,44.252312
2017-12-07,3.385932,48.469753,3.974971,78.379837,24.835329,23.594074,23.539551,64.051735,29.031427,70.534721,44.366905
2017-12-08,3.404235,49.090019,4.046120,79.170189,24.835329,23.810595,23.683296,64.327324,29.169012,71.325264,44.577751
2017-12-11,3.361529,49.030952,4.050433,80.407211,24.868767,23.982447,23.624104,64.198143,29.421270,71.625984,44.674023
2017-12-12,3.361529,49.355850,4.083490,80.475945,24.872944,23.917135,23.860857,64.267036,29.412092,71.909531,44.692356
2017-12-13,3.309673,49.533066,4.064087,79.891792,24.939802,23.882771,23.564922,64.516823,29.421270,72.158707,44.729027
2017-12-14,3.254766,49.533066,4.036058,79.857422,24.663994,23.796850,23.412722,64.077545,29.384579,71.428345,44.866547
2017-12-15,3.266967,49.503532,4.041808,80.029221,24.810133,23.775408,23.623386,64.529587,29.719707,72.214233,45.060642
2017-12-18,3.331026,49.680752,4.075585,81.919144,25.175488,23.958765,23.835752,64.988533,29.982100,72.240120,45.465389
2017-12-19,3.242564,49.503532,4.077024,81.575539,25.146086,23.993364,23.733816,65.005836,29.797960,72.153870,45.405605
2017-12-20,3.218161,48.351601,4.046839,80.475945,25.154488,24.332424,23.691345,65.222343,29.788748,71.920944,45.318214
2017-12-21,3.227312,49.001411,4.108646,80.853920,25.242672,24.847921,23.895218,65.274277,29.728910,71.757027,45.612572
2017-12-22,3.224262,48.558357,4.020248,80.716469,25.339262,24.899826,23.827259,65.291641,29.710497,71.524124,45.525188
2017-12-26,,,,,25.318264,25.117783,23.759300,65.360886,29.512552,71.541367,45.626369
2017-12-27,3.196808,49.001411,3.995812,81.094452,25.351856,25.034748,23.784781,65.516754,29.544773,71.662117,45.534389
2017-12-28,3.166304,48.853729,3.960598,80.269768,25.465237,25.072811,23.878231,65.646645,29.595411,71.765663,45.658569
2017-12-29,3.129700,48.676514,3.937600,79.823067,25.419052,25.000147,23.708336,65.525406,29.438898,71.325691,45.391796
2018-01-02,3.114448,,3.919635,79.197670,25.780199,25.411865,23.716831,65.915108,29.802567,72.127983,46.081718
2018-01-03,3.099195,49.326317,3.920352,80.049850,25.960773,25.792431,23.844250,66.270119,30.051153,72.818123,46.293293
2018-01-04,3.196808,49.066395,4.051868,82.235291,26.187548,25.948120,24.065104,66.755035,30.203062,72.921623,46.445065
2018-01-05,3.257816,49.668949,4.078461,82.551414,26.397514,25.937746,24.133059,67.213974,30.520706,73.542755,46.813030
2018-01-08,3.248665,49.586235,4.090677,83.156189,26.435305,26.093431,24.099083,67.491096,30.635792,73.275345,46.868225
2018-01-09,3.248665,50.188789,4.097865,83.568520,26.393305,26.027704,24.285967,67.924049,30.557524,74.138016,46.960205
2018-01-10,3.187657,49.503532,4.197041,82.743835,26.233740,25.996550,24.489838,67.915390,30.451649,74.008583,46.928013
2018-01-11,3.184607,49.219986,4.248786,82.895035,26.578087,26.529367,24.608753,68.781319,30.575937,74.327789,47.691509
2018-01-12,3.199859,49.550797,4.253097,84.145821,26.620083,26.785381,24.829618,69.422119,30.755474,74.897163,48.307835
2018-01-15,3.233413,49.349945,4.240161,83.912140,,,,,,,
2018-01-16,3.276118,49.361759,4.268909,84.530670,26.309322,26.446325,24.761660,68.798645,30.635792,75.268105,47.962883
2018-01-17,3.285270,49.172722,4.235848,83.980865,26.431110,26.678133,24.948542,69.179672,31.096130,75.992737,48.192856
2018-01-18,3.266967,48.971874,4.241599,84.530670,26.414305,26.460167,24.914560,68.807320,31.151371,76.009995,48.151463
2018-01-19,3.288320,49.255440,4.261722,85.011726,26.573893,26.425562,25.092947,69.006462,31.211212,76.294701,48.570015
2018-01-22,3.275876,49.302681,4.336464,85.465309,26.510900,26.996426,25.296822,69.006462,31.515038,76.795021,49.108143
2018-01-23,3.260321,49.385387,4.319215,86.001350,26.506704,26.954903,25.322302,69.041107,31.653152,76.424080,49.522095
2018-01-24,3.222989,50.744076,4.299092,84.544411,26.620083,26.882250,25.492189,68.980499,31.409170,76.648369,49.733669
2018-01-25,3.210545,51.535667,4.366647,83.884651,26.796465,26.671207,25.441231,69.049751,31.353920,77.304001,49.646278
2018-01-26,3.222989,51.831036,4.352993,83.197411,26.914036,26.816515,25.628099,69.846436,31.851086,78.968971,50.133820
2018-01-29,3.188146,51.346634,4.345807,83.197411,26.607485,26.411728,25.526173,69.378830,31.561073,78.753304,49.995834
2018-01-30,3.153303,50.826775,4.305158,83.279884,26.414305,25.878922,25.194883,68.833290,31.275673,77.096985,49.747467
2018-01-31,3.179435,49.739834,4.342902,83.953369,26.435305,25.896219,25.262838,69.041107,31.510431,76.001366,49.586475
2018-02-01,3.152059,49.338135,4.312415,82.989403,26.074160,26.162624,25.500689,68.919876,31.538052,76.027237,49.034546
2018-02-02,3.092327,48.818283,4.249265,81.695145,25.389656,25.069345,24.940046,67.534370,30.603559,74.957542,48.565403
2018-02-05,3.054373,48.109402,4.194824,80.642654,24.419592,24.017574,23.682852,64.468956,29.323816,71.636261,46.928013
2018-02-06,2.967266,46.691643,4.072152,79.277290,25.217474,24.207867,24.116076,65.646645,30.166235,72.429909,48.128456
2018-02-07,3.032596,47.376892,4.159982,79.860405,24.990715,23.803082,24.133059,65.767868,29.779547,72.343674,47.981281
2018-02-08,2.938022,46.159977,4.050376,77.869232,24.113033,23.083443,23.071243,63.230656,28.545828,69.833252,46.067921
2018-02-09,2.883268,45.722839,3.979965,76.105621,24.532970,23.066147,23.512959,63.914761,29.245552,70.825348,46.376076
2018-02-12,2.916867,46.597126,4.051101,77.214996,25.028500,23.443266,23.844250,64.945236,29.770340,71.489601,47.006210
2018-02-13,2.895712,46.112724,3.974884,76.774094,24.965511,23.346390,23.946182,65.092438,29.844000,71.541367,47.249973
2018-02-14,2.974110,46.868862,3.987949,77.712791,25.301466,23.685442,24.515316,65.915108,30.391806,72.352280,48.004276
2018-02-15,2.981576,47.034267,4.005372,78.295914,25.490438,23.626625,24.651226,66.910904,30.971832,73.154549,48.432026
2018-02-16,3.023886,47.731335,4.075781,79.063950,25.398052,23.567810,24.617254,66.928223,30.925808,73.680763,48.197453
2018-02-19,2.972865,47.069714,4.055455,78.836380,,,,,,,
2018-02-20,2.967887,47.530476,4.122237,79.817749,25.284668,23.439798,24.540800,66.252815,30.953426,72.869896,48.050274
2018-02-21,2.924334,47.376892,4.106268,79.021278,25.196480,23.045393,24.574780,66.270119,30.755474,72.567963,47.981281
2018-02-22,2.938022,47.246929,4.111348,78.608818,25.364456,23.297949,24.370911,66.711731,30.792305,72.455780,48.041073
2018-02-23,3.008331,46.892490,4.103364,78.736824,25.738209,23.803082,24.736174,67.265945,31.436789,73.611763,48.712582
2018-02-26,3.002731,47.554115,4.130948,78.793724,25.851583,23.944921,25.109938,68.192482,31.929356,74.543457,49.121944
2018-02-27,3.009575,47.164234,4.159256,77.869232,25.494638,23.633553,24.872089,67.335205,31.607115,73.767059,48.082474
2018-02-28,2.973487,46.762531,4.113526,77.115425,25.041107,23.090368,24.523811,66.374023,31.381552,72.585205,47.866291
2018-03-01,2.962910,46.337204,4.069249,75.778503,24.784937,23.055765,24.099083,65.075127,30.861353,71.429214,47.351154
2018-03-02,2.897579,45.640133,3.980691,73.232635,24.759750,23.163023,24.158550,65.057800,31.155968,72.153870,47.397156
2018-03-05,2.924956,46.549862,3.995935,73.957993,25.087296,23.408665,24.498329,65.837158,31.473614,72.809486,47.962883
2018-03-06,2.942378,47.167950,3.958915,73.929550,25.364456,23.422506,24.600264,66.131546,31.542671,72.705971,48.294037
2018-03-07,2.972243,47.501083,3.962545,74.270897,25.272070,23.246061,24.557789,66.122917,31.717588,73.076935,47.967476
2018-03-08,3.011442,48.216679,3.970529,75.053139,25.293060,23.239141,24.634239,66.469299,31.855679,73.568649,48.119270
2018-03-09,3.008953,48.340054,3.962545,75.166916,25.750801,23.681986,25.228863,67.932709,32.458740,74.629723,48.864376
2018-03-12,3.007086,48.525124,3.979965,75.949173,25.687807,23.675070,25.143921,67.092766,32.560032,74.310532,49.025333
2018-03-13,3.030107,47.932907,3.958189,74.740242,25.582829,23.505539,24.863600,66.763710,32.187138,74.405441,48.680386
2018-03-14,3.017663,48.019272,3.884150,74.896690,25.267864,23.367146,24.583271,66.036308,32.159512,74.043098,48.620586
2018-03-15,3.038818,48.142654,3.872537,75.522499,24.936117,23.246061,24.591768,66.226830,32.177933,73.922348,48.570015
2018-03-16,3.067439,48.117977,3.948753,76.205185,24.934429,23.453377,24.613077,66.580673,32.144684,73.922333,48.519272
2018-03-19,3.017663,47.723167,3.889956,74.925148,24.576115,23.091002,24.434044,66.067711,31.507437,72.727669,47.914963
2018-03-20,3.033840,47.834202,3.894312,75.252258,24.550825,23.286127,24.493727,66.293777,31.493572,72.831543,48.200962
2018-03-21,3.032596,47.809525,3.862374,75.465599,24.829052,23.895899,24.485195,66.371994,31.304232,72.519890,48.164066
2018-03-22,2.984065,47.118599,3.781801,73.431755,24.087120,23.408085,23.581501,64.181038,30.496124,70.433540,47.139984
2018-03-23,3.018286,46.440014,3.760025,72.137489,23.614992,23.265221,22.865356,63.242077,29.683380,68.970528,46.212776
2018-03-26,2.977843,45.897148,3.791239,71.383690,24.099771,23.683344,23.607071,64.772247,30.810133,70.398941,47.578213
2018-03-27,2.984687,46.847168,3.819547,72.393494,23.855274,23.460346,23.146698,63.876774,29.821918,69.567833,46.646381
2018-03-28,3.095438,48.093296,3.807934,72.749069,23.551760,23.003893,23.189329,63.659424,29.623358,69.940094,46.078999
2018-03-29,3.092327,47.661472,3.843502,73.616653,24.002815,23.488222,23.504772,64.589668,30.209820,70.468201,46.724819
2018-04-02,,,,,23.480103,23.017830,22.984713,63.259472,29.489443,68.866631,45.405502
2018-04-03,3.082994,47.328354,3.796320,72.535728,23.813124,23.509130,23.300152,64.137589,29.780355,69.914139,45.982136
2018-04-04,3.087972,47.353024,3.776721,71.924141,23.969086,23.477776,23.547392,64.415802,30.195961,70.909691,46.826305
2018-04-05,3.142103,48.463440,3.917540,74.455780,24.415932,23.899374,23.734957,65.067856,30.320648,70.857765,47.453678
2018-04-06,3.139614,47.920567,3.873988,74.313568,23.821543,23.467314,23.163748,63.268177,29.577177,69.152328,46.443413
2018-04-09,3.163258,47.858879,3.890682,74.669136,23.952227,23.578810,23.291626,63.076900,29.808067,69.836220,46.332722
2018-04-10,3.158281,48.512787,3.882699,74.882469,24.445440,24.359316,23.641176,64.041946,30.542292,71.013580,46.895504
2018-04-11,3.149570,47.994595,3.863825,73.872665,24.264175,24.613678,23.359829,63.572464,30.362200,70.433540,46.752506
2018-04-12,3.180679,48.562134,3.878344,74.470009,24.521313,24.610191,23.769062,64.485374,30.727020,70.909691,46.955460
2018-04-13,3.181923,48.229012,3.897215,74.569572,24.496021,24.881979,23.410988,64.328865,30.625420,70.875076,46.692528
2018-04-16,3.163258,48.006931,3.909556,74.100220,24.824823,25.136333,23.513294,64.972244,30.860929,71.437775,47.043110
2018-04-17,3.210545,48.759552,3.923347,75.138466,25.107269,25.233894,23.513294,65.519966,31.433540,71.991821,47.919579
2018-04-18,3.232944,48.611492,3.968352,75.422935,25.288532,25.631121,23.402464,66.198128,31.350424,72.052399,48.145622
2018-04-19,3.230455,47.673809,3.995935,76.532295,25.006094,25.662470,23.760532,66.015556,31.004091,71.446411,47.993385
2018-04-20,3.216767,46.933529,3.998111,77.015877,24.871199,25.540525,23.769062,65.728645,30.574627,71.065506,47.504406
2018-04-23,3.236678,46.908859,4.046020,77.143875,24.799536,25.697323,23.743488,65.650375,30.463797,71.342560,47.605892
2018-04-24,3.225478,46.736122,3.914636,75.579376,24.129276,25.422060,23.590025,63.815918,29.932747,70.805824,46.853985
2018-04-25,3.232944,46.415337,3.902297,74.541130,24.259956,25.624151,23.572977,63.998466,29.937368,71.126129,47.047722
2018-04-26,3.272765,46.945873,3.887779,74.484238,24.411715,25.996971,23.581501,63.763725,30.482279,72.026436,47.808861
2018-04-27,3.266543,47.143276,3.902461,75.010468,24.348480,25.721714,23.615601,63.633320,30.426855,72.320778,48.025684
2018-04-30,3.277743,47.316013,3.944305,75.124260,24.032320,25.718222,23.402464,62.789974,30.228285,71.212700,47.836544
2018-05-01,,,,,24.011246,25.561434,23.410988,62.503071,30.606951,71.178032,47.901134
2018-05-02,3.322541,47.130939,3.962657,76.916321,23.956444,25.665956,23.146698,61.955322,30.574627,70.199829,47.573605
2018-05-03,3.310097,46.896523,3.917143,76.503860,24.066051,25.606724,22.950615,62.103138,30.643894,69.567833,47.361397
2018-05-04,3.351162,47.353024,3.946507,77.613235,24.365345,25.732162,23.249004,62.824760,31.225737,70.121910,47.984154
2018-05-07,3.352407,47.871216,3.949443,78.011467,24.356913,25.767006,23.402464,63.242077,31.442785,70.018028,48.145622
2018-05-08,3.269032,47.945244,3.952380,78.438148,24.306328,25.969109,23.564444,63.694160,31.512035,69.489929,47.942646
2018-05-09,3.260321,47.932907,3.989819,81.496017,24.656214,26.498734,23.913996,64.381058,31.899939,69.888168,48.108700
2018-05-10,3.157036,,4.027258,82.420494,24.833263,26.697342,24.110083,64.815735,32.315548,70.823105,48.284012
2018-05-11,3.154548,47.846539,4.050750,82.136047,24.824823,26.735661,24.093027,64.954872,32.269360,71.879280,48.385494
2018-05-14,3.178190,48.253696,4.041941,82.121826,24.921787,26.920341,24.075974,64.841812,32.264759,72.355408,48.477753
2018-05-15,3.196857,48.105640,4.013311,82.619614,24.845905,26.927303,24.033354,64.624466,31.959967,71.420448,48.196354
2018-05-16,3.078017,47.982254,3.912005,83.188522,25.140987,27.021379,24.075974,64.859207,32.103127,71.818665,48.597683
2018-05-17,3.100416,47.895893,3.928888,83.600975,25.200006,27.429058,24.024824,65.111336,31.936876,71.844650,48.436226
2018-05-18,3.047529,47.501083,3.821710,83.586761,25.233730,27.216503,23.828739,65.493881,31.802971,72.026436,48.376255
2018-05-21,3.048151,,3.794550,83.586761,25.368624,27.495266,23.999247,66.485031,32.080029,72.095711,48.643810
2018-05-22,3.037574,47.303669,3.859883,83.771652,25.157854,27.129398,24.161232,65.667786,32.033859,71.957214,48.427002
2018-05-23,3.034462,46.982887,3.787942,82.733398,25.098833,27.125925,24.007772,65.606903,32.269360,72.190926,48.777588
2018-05-24,3.023263,46.674438,3.762983,81.680923,25.010317,26.679911,23.820211,65.928619,32.232422,71.905243,48.883690
2018-05-25,2.954199,46.612751,3.663145,82.164490,24.875414,25.986528,23.743488,65.806900,32.209332,71.801376,48.957497
2018-05-28,2.931801,46.748459,3.588268,81.126228,,,,,,,
2018-05-29,2.860248,46.020527,3.393364,80.287094,24.445440,25.906384,22.950615,64.754868,32.033859,71.065506,48.579231
2018-05-30,2.956687,45.971172,3.431171,80.528877,24.732092,26.690369,23.368359,65.667786,32.269360,72.130356,49.022076
2018-05-31,2.926200,45.008812,3.376847,79.291504,24.525536,26.488276,23.172276,64.720093,32.278603,71.342560,48.786808
2018-06-01,2.945489,46.082214,3.488798,80.358200,24.900709,26.613712,23.428036,65.433044,32.828114,72.164970,49.146633
2018-06-04,2.978465,46.082214,3.504947,80.457764,25.044033,26.383739,23.504772,65.337418,33.091347,72.433334,49.695587
2018-06-05,2.923712,45.625710,3.445853,80.500443,25.233730,26.321028,23.402464,65.415634,33.206802,72.286186,49.986195
2018-06-06,2.916867,45.638050,3.507517,80.415092,25.701647,26.446466,23.828739,65.963371,33.423824,73.099945,50.452099
2018-06-07,2.912511,45.810776,3.499442,80.713768,25.570959,26.847162,23.905466,66.241600,33.155994,73.195152,50.599712
2018-06-08,2.858380,45.564014,3.447688,80.927109,25.642630,26.794909,23.939571,66.458954,33.100586,73.619377,50.705814
2018-06-11,2.961666,45.958836,3.544955,82.264053,25.680563,26.934280,23.888414,66.589378,33.137516,73.757828,50.908775
2018-06-12,2.967266,45.958836,3.536146,82.406281,25.714287,26.728695,23.828739,66.519829,33.299145,73.714554,51.153271
2018-06-13,2.974732,46.094555,3.502012,84.383224,25.436068,26.627647,23.743488,65.989464,33.128277,73.731895,51.231705
2018-06-14,3.031974,46.575733,3.513757,85.833939,25.474010,26.589323,23.521820,65.737312,33.363792,74.112801,51.766811
2018-06-15,3.031352,46.637421,3.436676,85.065918,25.296133,26.018240,23.520964,65.573219,33.236362,74.257027,51.851883
2018-06-18,3.007708,45.477657,3.414654,84.198326,25.232611,26.277821,23.478149,65.302605,33.273426,73.544525,51.764027
2018-06-19,3.005841,45.206219,3.420894,82.719170,24.770988,26.218185,23.418211,63.923431,33.101955,73.735703,51.699272
2018-06-20,3.001486,45.662720,3.469344,82.875618,24.690519,26.333944,23.358280,63.967060,33.171486,73.892120,51.944401
2018-06-21,2.932422,45.304920,3.434475,81.624039,24.427937,25.846342,23.289774,63.163956,32.916595,73.466331,51.574390
2018-06-22,2.952955,46.045197,3.475217,82.704948,24.783691,26.362005,23.178469,63.382240,32.810005,73.796516,51.486519
2018-06-25,2.913134,45.218559,3.371341,80.443542,24.398298,25.832315,22.930159,62.579136,32.128788,73.118782,50.367241
2018-06-26,2.935533,45.119858,3.383821,79.732414,24.491470,26.158546,22.853100,62.814823,32.258541,72.892830,50.728001
2018-06-27,2.969132,44.910110,3.363634,81.211571,24.415241,26.509336,22.570536,62.308529,31.818300,72.275902,50.071243
2018-06-28,2.949843,44.675694,3.357761,79.874626,24.508411,26.474258,22.767471,62.395805,32.207561,72.371490,50.464375
2018-06-29,2.959799,46.440014,3.370975,80.514648,24.593117,26.639128,22.767471,62.526768,32.193657,72.519226,50.552250
2018-07-02,2.951710,45.527008,3.349319,80.059525,24.461823,26.246248,22.878782,62.666424,32.480976,72.745132,50.621628
2018-07-03,2.999619,46.168583,3.386024,81.026672,24.419479,26.411123,22.673286,62.465675,32.096348,72.918922,50.367241
2018-07-04,2.989042,47.106266,3.409148,81.240013,,,,,,,
2018-07-05,3.020153,47.007565,3.465673,81.567139,24.631226,26.383055,22.724665,62.771156,32.550499,73.674858,50.617012
2018-07-06,3.039440,47.180294,3.492100,81.837364,24.754049,26.544420,22.835970,62.989384,32.930485,74.734932,51.014771
2018-07-09,3.019531,47.402374,3.523668,82.363609,24.974272,26.940819,23.358280,64.159103,33.180733,75.282341,51.625271
2018-07-10,3.015175,47.390038,3.486962,83.487198,25.186024,27.140770,23.272655,64.359886,33.259525,75.569084,51.736282
2018-07-11,2.993397,46.797813,3.407313,82.221382,24.762522,26.565466,23.161339,63.303669,33.129768,74.969528,51.616016
2018-07-12,3.026374,48.697857,3.421260,82.804512,24.821810,26.611069,23.204153,64.045624,33.653435,75.803696,51.958271
2018-07-13,3.031352,48.833580,3.391162,82.946732,24.809107,26.751396,23.101406,64.377319,33.616348,75.942741,52.073914
2018-07-16,3.015797,48.525124,3.399605,82.960960,24.610050,26.442684,23.512400,64.115456,33.537579,75.482201,52.203396
2018-07-17,3.036330,48.241356,3.383821,83.316521,24.931921,26.337452,23.538088,64.368591,33.787823,75.899277,52.254280
2018-07-18,3.051885,49.758926,3.411350,84.169891,24.698990,26.354996,23.914835,65.075653,33.732216,75.960091,52.221909
2018-07-19,3.050640,49.943996,3.415020,83.899651,24.787924,26.362005,23.555212,65.049484,33.611721,75.534332,52.101650
2018-07-20,3.052507,50.708939,3.410616,83.060516,24.686287,26.270805,23.598028,64.979660,33.620998,75.386635,51.870399
2018-07-23,3.022455,50.597900,3.424564,83.131622,24.550762,26.155043,23.923399,64.578125,33.792465,75.543030,51.814896
2018-07-24,2.999436,50.634914,3.482925,84.098778,24.868395,26.484793,23.991901,64.848694,33.977833,76.229469,51.662270
2018-07-25,2.981534,50.536198,3.462738,83.643654,25.063208,26.705780,24.043272,65.835098,34.404160,77.202629,52.041527
2018-07-26,2.991124,51.301167,3.497240,85.606377,25.207199,26.996943,24.034704,66.341385,33.875866,76.985420,51.768650
2018-07-27,3.015422,51.325840,3.536881,85.890831,25.114029,26.881178,24.086079,66.350113,33.296593,76.429291,51.634529
2018-07-30,3.007109,51.239479,3.546183,85.549492,25.067442,27.102180,24.103201,65.695427,32.777576,76.472763,51.222889
2018-07-31,3.049949,51.350513,3.586366,85.876617,25.296133,27.053070,23.931963,67.144478,32.865616,77.272148,51.463394
2018-08-01,2.931660,,3.536881,85.208138,25.037800,26.677721,23.931963,66.236649,33.162201,77.289490,51.209000
2018-08-02,2.874113,51.498573,3.482560,81.211571,24.872627,26.530386,23.940521,66.149330,33.579273,77.576241,51.560516
2018-08-03,2.893934,51.029732,3.490372,79.746635,25.109795,26.393581,24.077526,66.210449,33.699764,78.036797,51.736282
2018-08-06,2.894574,51.190128,3.482560,79.433731,25.101322,26.491806,24.205954,66.306458,33.880497,78.175812,52.083157
2018-08-07,2.932299,51.264149,3.518649,79.903076,25.186024,26.688246,24.317272,66.777824,34.010254,78.184486,52.323650
2018-08-08,2.931020,51.165443,3.493349,79.647079,25.080145,26.495312,24.377207,66.481056,34.102943,78.306145,52.379166
2018-08-09,2.917593,50.918686,3.473629,79.903076,25.215668,26.249756,24.231646,66.114426,34.116852,78.219254,52.573399
2018-08-10,2.857489,50.449844,3.378752,78.608818,24.851454,26.411123,23.949089,65.529572,33.843433,77.880371,52.134033
2018-08-13,2.842783,50.388157,3.296524,78.466583,24.601578,26.074360,23.717907,65.215324,33.797089,77.906464,51.870399
2018-08-14,2.863244,50.289459,3.287967,78.722595,24.809107,26.137505,23.940521,65.669258,34.005642,78.271416,52.374523
2018-08-15,,49.882301,3.226204,78.054123,24.415241,25.225445,23.752148,65.354996,33.699764,78.141052,51.736282
2018-08-16,2.833191,50.412830,3.251504,78.281685,24.563469,25.407858,24.068958,66.184280,33.848072,78.905708,51.990658
2018-08-17,2.829355,50.881672,3.229181,78.224800,24.745577,25.470995,24.120337,66.585800,33.899048,79.148987,52.036903
2018-08-20,2.819765,51.128433,3.236622,78.793724,24.919214,25.642881,24.197399,67.031006,33.848072,79.409676,52.406902
2018-08-21,2.849816,51.251808,3.274201,78.694153,25.016626,25.772678,24.291584,67.528549,33.903667,79.409676,52.823177
2018-08-22,2.837667,51.091419,3.238855,78.935936,24.889566,26.081369,24.205954,66.873878,34.005642,79.487885,52.878670
2018-08-23,2.805058,50.832329,3.242203,79.533287,24.720160,25.958605,24.094648,66.681839,34.079784,79.461815,52.827801
2018-08-24,2.816567,50.745956,3.236994,79.831963,25.042038,26.148020,24.180269,66.969902,34.422707,79.844116,53.137672
2018-08-27,2.805697,50.807648,3.263038,80.486206,25.385069,26.340960,24.505644,67.816612,34.737820,80.130859,53.479931
2018-08-28,2.785236,50.462189,3.245924,80.585762,25.287661,26.228708,24.479954,67.676926,34.798065,80.174309,53.586300
2018-08-29,2.794827,50.227768,3.247783,80.884445,25.478247,26.390070,24.471392,67.729324,35.113182,80.695633,54.187565
2018-08-30,2.755185,50.153732,3.186393,80.514648,25.177551,26.316402,24.283018,67.257957,35.006603,80.634834,53.877686
2018-08-31,2.723854,49.586197,3.190857,79.632851,25.101322,26.112947,24.257330,67.301598,35.034420,80.617462,54.090439
2018-09-03,2.712984,49.981003,3.174859,79.220398,,,,,,,
2018-09-04,2.743675,49.771259,3.189369,78.239021,24.927687,26.056820,24.377207,67.249214,34.900017,79.974442,54.192188
2018-09-05,2.743036,49.018646,3.180068,77.243431,25.092848,26.021734,24.394331,67.729324,34.464409,80.295975,53.609440
2018-09-06,2.799303,48.537472,3.146581,77.186546,25.143671,25.541153,24.283018,67.938828,34.214165,80.295975,53.461437
2018-09-07,2.814649,48.796562,3.109003,76.944763,24.978502,25.537649,24.257330,67.729324,34.098312,80.417603,53.456802
2018-09-10,2.915674,49.536842,3.165558,77.101212,25.008152,25.527124,24.231646,68.078476,34.204891,80.209091,53.655701
2018-09-11,2.932299,50.363487,3.156255,77.286102,25.058969,25.769169,24.257330,68.061012,34.496853,80.139526,54.085823
2018-09-12,2.914396,50.671925,3.152907,77.869232,25.071680,25.902466,24.034704,68.270531,34.353191,80.539253,54.187565
2018-09-13,2.893934,50.659592,3.175603,77.727005,25.169085,25.912996,24.000462,68.680779,34.756355,81.538483,54.280056
2018-09-14,2.888820,50.770630,3.187136,77.741234,25.160612,26.049810,24.171703,69.021217,34.728554,81.269112,54.076572
2018-09-17,2.915035,50.486862,3.222855,77.513664,25.249550,26.091900,24.068958,69.047409,34.292946,80.973724,53.405930
2018-09-18,2.908641,50.252445,3.264156,77.570557,25.274963,26.263788,24.188828,69.675934,34.510750,81.442902,54.085823
2018-09-19,2.886262,50.425171,3.330383,77.670113,25.550240,26.344465,24.599827,69.614792,34.422707,81.329933,54.108944
2018-09-20,2.908002,50.548546,,78.281685,25.825518,26.351484,24.813885,69.719559,34.830509,82.120651,54.478947
2018-09-21,2.962351,50.511532,3.402193,78.395477,25.769777,26.525610,24.717562,70.170418,34.692875,82.231430,54.238205
2018-09-24,2.922069,50.462189,3.332616,78.964394,25.408079,26.914137,24.442350,68.968727,34.864922,82.397186,53.885639
2018-09-25,2.940611,51.313499,3.330756,79.348404,25.276169,27.087208,24.347750,68.758209,34.823063,82.144203,54.112938
2018-09-26,2.948284,51.597279,3.337453,79.291504,25.025112,26.825832,24.055336,68.714363,34.692875,82.327400,54.238205
2018-09-27,2.928463,52.053776,3.334476,79.291504,24.808094,26.825832,23.969324,68.810844,34.897465,82.746101,54.423752
2018-09-28,2.821043,52.066120,3.226204,78.466583,24.650646,26.751663,23.719912,68.766991,35.027676,82.999062,54.377350
2018-10-01,2.801861,52.436256,3.193462,78.466583,24.897451,27.122528,23.814522,69.372215,35.195065,83.409012,54.210354
2018-10-02,2.819124,52.411583,3.169650,76.390068,25.003836,27.150784,23.814522,69.530090,35.199718,83.313118,53.477417
2018-10-03,2.890738,53.398609,3.227320,,24.825115,27.369770,24.038132,69.819550,35.306660,83.156059,53.296494
2018-10-04,2.851734,52.571968,3.237739,76.077187,24.710222,27.256748,24.201540,69.591499,34.669636,82.344849,52.461491
2018-10-05,2.828077,52.312885,3.211321,74.953583,24.527252,27.253222,24.081133,69.231873,34.232548,82.248886,52.067184
2018-10-08,2.798664,51.893383,3.223972,74.512672,24.514475,27.232031,24.244543,69.407326,33.846596,82.214005,52.201710
2018-10-09,2.819124,51.905731,3.255970,74.327782,23.701733,27.475725,24.149939,68.337204,33.967499,82.353577,52.048626
2018-10-10,2.798024,52.140144,3.246668,72.891289,23.080460,26.613914,23.401699,66.135620,32.321426,80.408340,50.295113
2018-10-11,2.778843,50.252445,3.170021,71.469025,22.812389,25.713245,22.705074,64.390106,31.912235,78.236320,49.409084
2018-10-12,2.741757,50.585567,3.141745,70.942787,22.876209,25.783892,22.730875,64.819901,32.935230,79.440117,50.322948
2018-10-15,2.755185,50.869335,3.147698,71.469025,22.799616,25.568430,22.627663,64.942711,32.395828,78.890549,50.206978
2018-10-16,2.847898,51.868717,3.199788,72.379272,23.165560,25.780357,23.006084,66.039108,33.372307,81.053848,51.213619
2018-10-17,2.822322,51.992088,3.170021,72.720627,23.016638,25.617884,23.238295,65.556686,33.218853,81.481262,50.791477
2018-10-18,2.789712,52.979130,3.105121,72.080597,22.757063,25.490726,22.851280,64.425179,32.567867,80.556595,49.817299
2018-10-19,2.832552,53.694721,3.094991,71.184570,22.595364,25.264671,22.937284,64.188370,32.553925,79.823914,49.330215
2018-10-22,2.837028,53.386276,3.076609,71.284142,22.416639,24.985649,22.447060,63.969086,32.823624,79.169701,49.529678
2018-10-23,2.820404,53.238216,3.029716,70.715218,22.195375,24.332214,22.266449,62.916538,32.698067,78.742271,49.538975
2018-10-24,2.800582,53.188862,2.986948,71.099243,21.493252,23.371502,21.707426,60.785114,31.233347,76.142822,48.059147
2018-10-25,2.837028,52.646000,3.053725,72.009483,21.769842,23.657600,22.042833,61.214897,32.307480,77.128517,49.511143
2018-10-26,2.800582,52.362221,3.016961,71.170349,21.642191,23.480995,21.724628,60.609703,31.661146,76.256210,47.971012
2018-10-29,2.813371,53.275238,3.093867,72.237053,21.591124,23.043020,21.913834,59.600983,31.126408,76.448128,47.548882
2018-10-30,2.805058,53.657715,3.082612,71.213020,22.084734,23.576370,22.292248,60.828957,31.475142,77.268082,48.263271
2018-10-31,2.771170,54.435001,3.147513,72.336609,22.386860,23.721176,22.601868,61.293846,32.223774,77.372742,48.884884
2018-11-01,2.799943,54.397984,3.176024,72.293945,23.016638,23.922504,22.705074,62.372707,32.600422,78.349739,49.882256
2018-11-02,2.817846,54.101875,3.214290,73.019302,22.961319,23.862453,22.687870,62.267460,31.963375,77.861237,50.086376
2018-11-05,2.833191,54.558384,3.194033,73.033524,23.029400,24.261580,23.049084,62.591995,31.930841,78.550362,50.155949
2018-11-06,2.824879,54.435001,3.157642,72.393494,23.408119,24.374607,23.169491,63.249844,32.130783,78.951599,50.378613
2018-11-07,2.874113,54.644741,3.233797,73.061966,23.829386,24.773729,23.470505,64.276077,33.074715,81.271912,51.742455
2018-11-08,2.858128,55.113586,3.231171,73.616653,23.727261,24.236860,23.539310,64.170830,33.046818,81.315529,51.756359
2018-11-09,2.866441,55.348011,3.180526,72.777504,23.395350,24.194466,23.324299,63.521744,32.474869,81.080017,51.037331
2018-11-12,2.851734,54.953194,3.148638,71.227249,23.050673,23.692919,22.859880,62.267460,31.330992,79.980904,50.012135
2018-11-13,2.858128,55.113586,3.218792,72.322380,22.982594,23.148989,22.988880,62.548153,31.368200,79.422638,49.988949
2018-11-14,2.873473,54.200581,3.210538,71.497467,22.957058,23.110130,22.679272,62.337616,30.991562,78.785866,49.613186
2018-11-15,2.846619,53.978497,3.174899,72.080597,23.271948,23.449209,23.014681,63.162128,31.768085,79.483719,49.538975
2018-11-16,2.877310,54.077198,3.166270,72.066383,23.505989,23.728241,23.040483,63.144604,31.716938,80.286209,49.344131
2018-11-19,2.916953,53.842781,3.153516,71.127686,23.169815,23.721176,23.031885,62.144669,30.507965,79.265625,48.138020
2018-11-20,2.939972,54.336300,3.061228,70.345436,22.748556,22.944128,22.524466,60.855282,29.852324,78.524178,47.047867
2018-11-21,2.978975,54.410336,3.116001,71.653923,22.931530,23.304392,22.541664,61.285080,30.070877,78.079323,47.539597
2018-11-22,2.977697,53.879803,3.065355,71.184570,,,,,,,
2018-11-23,3.008388,54.274609,3.066856,71.497467,22.684723,22.573261,22.361057,61.162285,29.796534,78.192711,47.326206
2018-11-26,3.040358,54.595406,3.155391,72.862846,22.944296,22.912340,22.816877,61.609619,30.470768,78.951599,48.388519
2018-11-27,3.046113,54.348637,3.150139,72.962410,22.663450,22.848768,22.834072,61.504356,30.531221,79.771584,48.532333
2018-11-28,3.056343,54.410336,3.169647,72.834412,23.012377,23.240820,23.272696,62.977940,31.600677,81.690605,49.965759
2018-11-29,3.042275,55.742825,3.161394,72.749069,23.178339,23.392702,23.074886,63.013027,31.293808,81.961021,49.733810
2018-11-30,3.062737,56.112957,3.140010,72.820183,23.237906,23.350311,23.195293,63.626999,31.591406,83.627113,50.095634
2018-12-03,3.078083,56.335041,3.205286,73.986435,23.646410,23.869516,23.341499,64.363792,32.288883,83.225853,51.032703
2018-12-04,3.067851,56.655834,3.126880,73.246864,22.944296,23.184305,22.326649,61.627159,31.065960,81.367882,49.195698
2018-12-05,3.088313,55.742825,3.105496,71.824593,,,,,,,
2018-12-06,3.035243,53.892136,2.986198,69.456520,22.633659,22.756929,22.017040,61.285080,31.135704,81.062569,49.432274
2018-12-07,3.035882,53.670052,2.985448,69.470734,22.088989,22.629776,21.595617,59.671158,30.038328,78.995216,47.952457
2018-12-10,3.032046,52.386902,2.905916,68.951607,22.148569,22.276569,21.294601,59.820271,30.452164,79.300537,47.989567
2018-12-11,3.073607,53.620705,2.910418,69.620064,22.076225,22.283634,21.088194,59.469429,30.489370,79.544769,48.008141
2018-12-12,3.152893,54.311626,3.009082,70.764992,22.267710,22.371935,21.208595,59.802719,30.726511,80.225159,48.513760
2018-12-13,3.209799,53.990841,3.054476,71.426361,22.008139,22.442575,21.053793,59.636074,30.777668,80.303642,48.272545
2018-12-14,3.208522,53.682388,3.045848,71.255684,21.837929,21.930437,20.847383,58.811588,30.024374,77.599541,47.470013
2018-12-17,3.205963,52.917435,3.021462,70.814781,21.463465,21.531311,20.640972,57.846725,29.387341,76.055588,46.263897
2018-12-18,3.204685,52.226509,2.993701,71.341026,21.582617,21.022697,20.563570,58.136185,29.619841,75.392639,46.625740
2018-12-19,3.276298,52.189503,3.032342,70.764992,21.289001,20.775452,20.305553,57.039772,29.033953,74.406937,45.702606
2018-12-20,3.291643,51.856369,2.984697,69.968536,21.003902,20.199726,20.124949,55.995979,28.513157,73.360176,44.677387
2018-12-21,3.315940,51.510910,2.949059,69.812088,20.815023,20.003653,19.722534,54.938690,27.646862,72.448868,43.664936
2018-12-24,,,2.919797,,20.275373,19.194378,19.307146,53.253010,26.908991,70.713898,42.835964
2018-12-26,,,,,21.183353,20.388681,20.181202,55.732990,28.534178,73.798309,45.374092
2018-12-27,3.227703,50.474522,2.897663,68.140915,21.573101,20.495634,20.423508,56.430195,28.739658,74.613228,45.616245
2018-12-28,3.225145,51.844032,2.959937,69.250282,21.457464,20.338772,20.414854,56.280167,28.674280,74.700867,45.620914
2018-12-31,,,2.980947,,21.637342,20.445724,20.613899,56.845009,28.945148,75.804947,46.109921
2019-01-02,3.250721,,2.984322,69.748085,21.748699,20.848576,20.786980,57.136242,28.963823,74.657036,46.459194
2019-01-03,3.252000,51.819355,3.008332,67.877785,21.131952,20.641800,20.319666,55.397614,27.502087,73.141129,45.453262
2019-01-04,3.296758,52.325211,3.120877,70.537430,21.962847,21.344124,20.994678,57.498085,28.720982,75.322998,46.957504
2019-01-07,3.295479,51.264149,3.138510,69.612961,22.039940,21.661406,21.020639,57.965836,28.977837,75.612152,48.019310
2019-01-08,3.309546,52.238850,3.164394,69.890305,22.271217,21.828972,21.037947,58.760143,29.220686,76.199272,48.550228
2019-01-09,3.301873,52.497940,3.150889,70.146309,22.279779,22.174786,21.141798,59.157272,29.598959,76.541000,48.797050
2019-01-10,3.356862,53.275238,3.207913,70.231651,22.476797,22.238955,21.150450,59.960407,29.729719,76.689949,48.657352
2019-01-11,3.324892,53.546669,3.213539,69.356956,22.386862,22.107048,21.202381,59.898621,29.673679,76.944077,48.703915
2019-01-14,3.331286,52.670677,3.185403,69.228943,22.215538,22.053574,21.349491,59.889793,29.398146,76.094101,48.405853
2019-01-15,3.337681,53.682388,3.198158,69.477852,22.069921,22.132008,21.539879,59.704449,29.841801,77.461067,48.843620
2019-01-16,3.336401,53.904469,3.230421,69.399620,22.155577,22.103479,21.998547,59.766251,29.869820,77.320877,48.731853
2019-01-17,3.350468,54.299278,3.194033,69.620064,22.545324,22.306692,22.119698,60.789993,30.061298,78.004326,49.062504
2019-01-18,3.393948,54.780468,3.267936,71.511696,22.917936,22.759457,22.500481,61.946129,30.518961,78.933197,49.742462
2019-01-21,3.405768,54.484352,3.260059,71.653923,,,,,,,
2019-01-22,3.397887,54.373314,3.233422,70.708099,22.600996,22.263912,22.240860,60.666439,30.005255,78.389885,48.997314
2019-01-23,3.371619,54.299278,3.267561,70.153427,22.446823,22.035749,22.266821,60.754692,30.107994,78.477539,49.095108
2019-01-24,3.401828,53.312248,3.252930,70.402321,22.326900,22.153393,22.318747,61.063591,30.360184,77.820343,49.300007
2019-01-25,3.409709,52.818726,3.314830,71.341026,22.750906,22.435034,22.500481,61.840233,30.789822,77.916725,49.844898
2019-01-28,3.391320,52.004425,3.259308,71.127686,22.716646,22.210436,22.431246,61.248924,30.378864,77.031715,49.556156
2019-01-29,3.442545,52.843407,3.256306,71.483253,22.952208,22.278175,22.353363,62.096161,30.051950,77.408470,49.234825
2019-01-30,3.437291,52.794048,3.198417,70.957001,23.196333,22.591896,22.483170,63.066967,30.985971,78.468758,50.203499
2019-01-31,3.458307,53.361599,3.147383,71.116936,22.849413,22.738070,22.448553,63.340553,30.953274,79.450157,50.659893
2019-02-01,3.395260,53.805771,3.099776,70.998131,22.917936,23.133789,22.543749,63.437656,31.135405,79.520241,49.919422
2019-02-04,3.404455,54.348637,3.070450,70.537773,22.879391,23.187263,22.638945,64.258415,31.635111,79.292450,50.245411
2019-02-05,3.397887,55.014889,3.126817,71.525314,23.046432,23.222914,22.578365,64.814423,31.901306,79.178551,50.715771
2019-02-06,3.404455,55.125938,3.141289,70.842209,22.909374,23.051792,22.552401,64.832069,32.008717,79.537796,50.506199
2019-02-07,3.370306,54.533703,3.041886,68.896843,22.592434,22.541988,22.327398,64.390793,31.569723,78.661530,50.091736
2019-02-08,3.350604,54.607731,3.018653,67.953873,22.571028,22.438599,22.214895,64.487877,31.751865,78.810493,49.891483
2019-02-11,3.375559,54.743446,3.055215,68.495903,22.605284,22.545549,22.284132,64.832069,31.737837,78.714104,49.979954
2019-02-12,3.413649,55.051903,3.050264,68.481056,23.110676,22.830765,22.612984,65.838150,32.158157,79.791924,50.748383
2019-02-13,3.425470,55.150612,3.052169,68.369667,23.140652,23.115963,22.673561,66.226486,32.200176,79.967133,51.092999
2019-02-14,3.422843,54.965538,3.023986,68.495903,23.020731,23.197964,22.396631,65.917610,32.256233,80.151184,50.906708
2019-02-15,3.438605,55.570091,3.123008,70.255630,23.333387,23.572298,22.872601,66.800156,32.513077,81.360397,51.256008
2019-02-18,3.443858,55.545414,3.138242,69.721024,,,,,,,
2019-02-19,3.432037,55.545414,3.110820,69.832405,23.479002,23.643593,22.907223,66.773682,32.522427,81.167633,51.465576
2019-02-20,3.435978,55.940235,3.153857,70.240776,23.881599,23.743422,23.054344,67.091385,32.559788,81.071228,51.568039
2019-02-21,3.445172,55.915554,3.158428,70.121986,23.787371,23.376213,22.933182,66.817833,32.573803,80.361458,51.465576
2019-02-22,3.466187,56.051266,3.144336,71.161491,23.890162,23.443956,22.898561,67.259079,32.989433,81.097519,51.744995
2019-02-25,3.458307,56.261017,3.191181,71.703514,24.044348,23.483170,22.993763,67.523849,33.148205,81.211441,51.572678
2019-02-26,3.488515,56.483097,3.186610,72.861816,23.907291,23.408302,22.924530,67.338516,33.218262,80.922256,51.642544
2019-02-27,3.480635,56.384392,3.199179,71.785187,23.868753,23.497429,23.011065,67.603279,33.185589,80.545486,51.605289
2019-02-28,3.493769,56.162319,3.272303,71.376808,23.577509,23.262131,22.950489,67.373825,33.092171,80.308907,51.325855
2019-03-01,3.489829,56.224003,3.240692,71.978233,23.547531,23.689941,23.097609,67.435593,33.316326,81.448044,51.740345
2019-03-04,3.483262,57.083729,3.230789,72.334648,23.654610,23.732723,22.950489,67.135529,33.190243,80.343933,51.577351
2019-03-05,3.499024,57.634827,3.232694,72.186142,23.543251,23.654293,22.863949,66.703064,33.092171,80.300125,51.707737
2019-03-06,3.544994,57.711723,3.286394,72.186142,23.594643,23.354826,22.716831,66.076469,32.919399,79.125969,51.465576
2019-03-07,3.613293,57.942417,3.170995,71.614410,23.401913,23.215790,22.483170,65.679306,32.606487,78.503815,50.841515
2019-03-08,3.601472,57.634827,3.106631,70.641731,23.440454,22.780848,22.474520,65.546936,32.601826,78.337318,50.487583
2019-03-11,3.585711,58.173115,3.151572,71.116936,23.774527,23.137356,22.708176,66.102921,33.302334,79.231110,51.181484
2019-03-12,3.610667,58.185917,3.154999,71.361961,23.864466,23.287090,22.760096,65.555756,33.498474,79.809433,51.325855
2019-03-13,3.602786,58.596050,3.248690,71.399078,23.980108,23.522388,22.915873,66.129417,33.717964,80.668144,51.507492
2019-03-14,3.604099,59.070248,3.271921,71.903992,23.800220,23.547342,23.002415,65.908752,33.788021,80.536758,51.353806
2019-03-15,3.592278,59.531643,3.337428,72.750443,23.829901,23.538000,23.163328,65.676216,34.197033,80.907013,51.683254
2019-03-18,3.610667,59.608543,3.373230,72.750443,23.885822,23.864962,23.398178,66.315315,34.342274,80.783859,52.183258
2019-03-19,3.625114,59.813599,3.416646,73.879036,23.855711,23.800291,23.215521,66.075645,34.412552,81.425919,52.444946
2019-03-20,3.640876,59.531643,3.369040,72.282654,23.834202,24.008682,22.737114,65.622955,34.318855,80.863037,52.519707
2019-03-21,3.664517,59.582901,3.284110,73.069710,24.087988,24.177561,22.667532,66.253181,35.180916,81.179672,53.239349
2019-03-22,3.699981,59.493187,3.158046,70.745674,23.369656,23.523628,22.041267,64.753075,34.351635,79.702065,52.183258
2019-03-25,3.690787,59.339386,3.158428,70.463531,23.326635,23.534405,21.945576,64.903976,34.201710,79.658081,52.491669
2019-03-26,3.744638,60.390324,3.113867,70.374443,23.468584,23.872152,22.206528,65.338905,34.389122,80.203384,52.715977
2019-03-27,3.752519,60.287792,3.162616,70.961014,23.438475,23.703276,22.110851,65.409904,34.192345,79.534958,52.608501
2019-03-28,3.734131,60.941425,3.125293,70.537773,23.666449,23.793104,22.302208,65.889244,34.332905,79.737206,52.926270
2019-03-29,3.745951,61.415630,3.156904,71.235725,23.872915,23.757174,22.363098,66.599342,34.670219,80.695930,53.201973
2019-04-01,3.715742,61.543797,3.254022,72.728165,24.229940,24.069765,22.911077,67.975189,35.143436,80.819046,53.786102
2019-04-02,3.717713,60.787624,3.258593,73.634010,24.311665,23.904484,22.893686,67.948570,35.265251,80.634346,53.776745
2019-04-03,3.748578,60.556934,3.324099,74.770050,24.629969,23.674534,22.963274,67.744392,35.551041,80.528809,54.155254
2019-04-04,3.740041,60.364693,3.356853,74.977943,24.879454,23.872152,23.102442,68.161591,35.401119,80.361732,54.594524
2019-04-05,3.739384,60.403141,3.353044,75.839256,24.870852,24.292534,23.137236,68.356857,35.569771,80.915787,54.916950
2019-04-08,3.727563,60.761993,3.344666,75.750153,24.879454,24.400331,23.163328,68.063950,35.705650,80.898201,55.113216
2019-04-09,3.717055,61.479679,3.335143,74.770050,24.698793,24.102110,22.971972,67.140816,35.536991,80.687103,54.617882
2019-04-10,3.727563,59.616669,3.329431,75.423447,24.685884,24.191931,23.041557,67.123070,35.785301,80.713501,54.879581
2019-04-11,3.705892,59.645664,3.410173,76.061996,24.672987,24.209896,23.180731,67.700020,35.738449,79.719643,54.949661
2019-04-12,3.684220,58.717773,3.472632,77.116364,24.999897,24.274574,23.606941,68.596550,35.986755,78.989655,55.290791
2019-04-15,3.665174,58.761261,3.473394,77.027252,24.883749,24.130856,23.459068,68.214859,35.972706,79.306290,55.402958
2019-04-16,3.596876,58.616291,3.482153,77.621269,24.995586,24.288942,23.789598,68.632057,36.155430,77.679169,55.645935
2019-04-17,3.625771,57.079472,3.517954,78.586517,24.840738,24.256603,23.850487,68.720810,36.356880,75.445168,55.753418
2019-04-18,3.628398,55.839882,3.510717,79.076576,24.870852,24.141626,23.780905,69.510788,36.459969,75.568306,55.734741
2019-04-22,,,,,24.703089,24.651833,23.711315,69.297768,36.544296,75.612305,55.524437
2019-04-23,3.624457,56.485046,3.463872,78.467720,24.814928,24.612312,23.859190,69.901344,36.942539,76.808426,56.188015
2019-04-24,3.614607,57.862373,3.409030,78.423164,24.660082,24.181150,23.833094,69.697205,36.956593,76.720482,56.239399
2019-04-25,3.636935,59.428188,3.415123,78.438011,24.346079,24.105696,23.876577,68.294754,36.947224,77.512047,55.945011
2019-04-26,3.667801,59.877621,3.418551,78.185570,24.548243,23.793104,24.094042,68.809540,36.806664,78.286049,56.388943
2019-04-29,3.646785,59.877621,3.493136,78.601372,24.500929,23.771549,24.337587,68.969322,36.816036,78.145309,56.192680
2019-04-30,3.703264,60.319828,3.486953,79.254768,24.711697,23.753582,24.372385,69.244507,36.876942,78.505920,56.108566
2019-05-01,,,,,24.264351,23.279299,24.172319,68.791832,36.783237,78.365189,55.426315
2019-05-02,3.662548,60.276333,3.427440,78.215256,24.139601,22.873287,24.198414,68.756302,36.591148,78.699417,55.468369
2019-05-03,3.674368,60.667789,3.407344,78.527107,24.376184,23.085276,24.415873,69.590683,36.937855,79.297470,56.122585
2019-05-06,3.652039,60.689533,3.358651,77.665810,24.027765,23.106838,24.250603,68.924980,36.652050,79.702065,55.781452
2019-05-07,3.678965,60.131344,3.284452,76.091705,23.606234,22.905621,23.850487,67.531380,35.864948,78.171707,54.935638
2019-05-08,3.661891,60.544548,3.284839,79.566620,23.584721,22.905621,23.798304,67.531380,35.822773,78.338821,54.954342
2019-05-09,3.624457,59.217964,3.205616,78.170715,23.399759,22.905621,23.746111,67.433746,35.579159,78.171707,54.730038
2019-05-10,3.645473,59.544170,3.185520,79.462677,23.718067,23.013416,23.902683,67.700020,35.691601,78.198097,54.809475
2019-05-13,3.616577,58.529301,3.141465,77.799454,23.184694,22.618183,23.206821,65.773842,34.346947,76.729279,53.178600
2019-05-14,3.661234,59.065720,3.171995,78.735016,23.382557,22.894846,23.389484,66.457344,34.899807,77.116272,53.715984
2019-05-15,3.660577,59.645664,3.174314,79.210220,23.322332,23.013416,23.302502,66.546097,35.279312,77.344948,54.080490
2019-05-16,3.671085,60.776524,3.239624,80.680374,23.649242,23.139170,23.537354,67.158562,35.602577,77.951797,54.580498
2019-05-17,3.696697,60.964996,3.214504,79.759666,23.507296,22.905621,23.380783,66.412971,35.316780,77.784706,54.164612
2019-05-20,3.736757,60.116844,3.163493,78.334053,23.171789,22.916407,23.406876,66.244316,34.703030,77.749527,53.781414
2019-05-21,3.789952,60.609795,3.166971,79.611168,23.528803,23.182287,23.650427,67.025421,35.129379,78.479523,54.155254
2019-05-22,3.784042,61.022984,3.131418,79.106270,23.365347,22.822987,23.511257,66.475090,34.946651,78.928085,53.599167
2019-05-23,3.730190,61.399937,3.096250,76.997559,23.008331,22.057671,23.180731,65.463181,34.332905,78.655457,52.935608
2019-05-24,3.801773,63.248474,3.107071,78.126160,23.137377,22.140305,23.363388,65.489807,34.342274,78.769783,53.005703
2019-05-27,3.789952,64.169106,3.119438,78.185570,,,,,,,
2019-05-28,3.789952,64.125618,3.104365,78.185570,22.905092,21.910353,23.093744,64.886223,34.243881,77.643997,52.655228
2019-05-29,3.703264,63.009247,3.091613,76.359009,22.909403,21.770224,23.050253,64.593300,34.042416,76.896385,52.187931
2019-05-30,3.649413,,3.130258,76.566902,22.948111,21.493561,22.971972,64.841858,34.253242,77.318581,52.529057
2019-05-31,3.657951,62.414810,3.054514,75.319504,22.690020,21.116289,22.624044,63.954216,33.681660,76.764458,51.842129
2019-06-03,3.686846,63.407955,3.045240,76.047157,23.404060,21.385771,22.771910,64.389137,33.091331,76.949181,51.407539
2019-06-04,3.749236,63.009247,3.123689,77.428215,24.062183,21.755846,23.389484,65.924759,34.197033,78.224472,52.800098
2019-06-05,3.760399,63.241215,3.100502,77.576698,24.238539,21.515116,23.537354,66.563843,34.642117,78.813744,53.061787
2019-06-06,3.812937,63.306461,3.068813,76.908463,24.526731,21.913940,23.624338,66.679237,35.045048,79.218346,53.332809
2019-06-07,3.868759,63.284710,3.064175,77.398514,24.746109,22.014547,23.589544,67.211838,35.696274,80.045097,54.103859
2019-06-10,3.827385,,3.120597,,24.789118,22.079226,23.789598,67.300606,36.061722,80.282547,54.561813
2019-06-11,3.840520,63.596420,3.097796,78.378616,24.771914,22.122335,23.798304,66.723625,36.061722,80.150612,54.772095
2019-06-12,3.868102,64.045876,3.070359,77.977661,24.853642,21.809750,23.563446,66.865654,35.860264,80.537613,54.758072
2019-06-13,3.934432,64.517059,3.076541,78.096458,24.999897,22.064857,23.641733,67.202980,35.968018,80.440857,55.248730
2019-06-14,3.986312,64.814255,3.056446,77.235161,24.892351,21.921133,23.693922,66.936661,35.654121,80.256142,55.370228
2019-06-17,3.992879,65.009987,3.060697,76.789665,24.664385,22.104372,23.476460,66.705872,35.682224,80.616768,55.393593
2019-06-18,4.095984,66.278595,3.101274,78.556808,24.857944,22.409782,23.789598,68.001823,36.328766,81.302795,55.814175
2019-06-19,4.051985,65.937881,3.137988,78.913216,24.720303,22.384632,23.746111,67.948570,36.459969,82.032799,55.916969
2019-06-20,4.065119,66.039375,3.102433,79.046867,25.034306,22.880470,23.850487,69.084740,36.994064,82.393387,56.304829
2019-06-21,4.092701,65.328957,3.092000,78.512268,24.954681,23.045809,23.797152,68.716553,36.819172,82.789093,56.044121
2019-06-24,4.088104,65.401451,3.078860,78.749863,25.049883,22.839140,23.700989,68.582832,36.889694,82.356277,55.744022
2019-06-25,4.072343,65.894386,3.090454,77.814308,25.062866,22.657848,23.622311,68.065765,36.212654,82.020660,55.209454
2019-06-26,3.989595,64.531548,3.130645,77.027252,25.019590,23.005928,23.578596,68.235153,36.602890,80.987221,55.387642
2019-06-27,3.995506,64.669281,3.119438,76.878769,25.101809,22.835516,23.788418,68.297539,36.696926,81.552528,55.734646
2019-06-28,4.032283,64.662041,3.153832,77.665810,25.313839,23.100199,24.129377,69.019669,36.692226,81.826324,55.894062
2019-07-01,4.023088,65.437691,3.183589,78.705315,25.508560,23.121954,24.417879,69.082069,37.275234,82.232643,56.386433
2019-07-02,4.111090,65.778404,3.175087,77.962814,25.482594,22.752113,24.356678,68.992935,37.373966,82.674271,56.508335
2019-07-03,4.208285,65.988617,3.230736,78.244949,25.612410,22.842768,24.549019,69.376274,37.660778,83.380890,57.000687
2019-07-04,4.233896,65.771156,3.259719,78.363770,,,,,,,
2019-07-05,4.203031,65.060738,3.262038,76.061996,25.495577,22.875393,24.618959,69.099892,37.590252,82.806778,57.066349
2019-07-08,4.209598,65.365196,3.234214,75.349205,25.201332,22.908028,24.496563,68.529343,37.303452,82.188484,57.136673
2019-07-09,4.208941,65.821907,3.202138,75.215553,24.954681,22.926159,24.540276,68.377785,37.435097,82.267967,57.197632
2019-07-10,4.220107,65.488434,3.223006,74.829445,24.902758,23.219852,24.452848,68.217300,37.731300,82.550629,57.403957
2019-07-11,4.275271,64.872261,3.249672,74.020119,25.010933,23.266987,24.592726,68.680885,37.872353,82.568291,57.521179
2019-07-12,4.236524,63.168732,3.236920,74.012703,25.257584,23.364885,24.758837,69.884422,38.149765,81.649681,58.182346
2019-07-15,4.263449,63.625427,3.219142,74.064674,25.274895,23.154587,24.618959,69.599136,38.276711,81.826324,58.369911
2019-07-16,4.236524,63.813892,3.262038,74.502747,25.335472,22.908028,24.557756,70.044914,37.919369,81.420029,58.294891
2019-07-17,4.277241,65.002747,3.184362,74.012703,25.110456,22.646969,24.347940,68.547165,37.820633,81.437698,57.736893
2019-07-18,4.307449,67.025246,3.126008,73.641449,25.218637,22.650600,24.531527,68.671974,38.102741,81.896980,57.661850
2019-07-19,4.129479,67.199242,3.093932,73.908737,25.274895,22.755747,24.426626,69.046410,37.938179,81.049057,57.282043
2019-07-22,4.213438,67.054253,3.082725,73.879036,25.209984,22.860895,24.479074,69.099892,38.375439,80.881241,57.314857
2019-07-23,4.214110,67.017998,3.195182,75.319504,25.729248,22.922529,24.732611,69.973564,38.587013,81.384682,57.704056
2019-07-24,4.251723,66.401833,3.197500,75.913506,25.711933,23.020428,24.986139,70.276688,38.906731,81.428841,57.994778
2019-07-25,4.195975,66.271339,3.163107,74.963104,25.525869,22.759371,24.811293,70.134041,38.746880,81.031372,57.671234
2019-07-26,4.171123,67.017998,3.138760,74.977943,25.556154,22.643349,25.082312,69.982491,38.831505,81.322861,57.933826
2019-07-29,4.195302,66.358330,3.118665,75.141304,25.469612,22.552698,24.889977,69.857651,38.807999,81.658508,57.652485
2019-07-30,4.143583,65.778404,3.003116,73.968147,25.638372,22.806503,24.820040,70.160774,38.558792,81.305183,57.263287
2019-07-31,4.163733,66.300346,2.985725,73.500366,25.244604,22.733986,24.697641,69.376274,37.975800,80.501411,56.606804
2019-08-01,4.191271,,2.995387,70.537773,25.101809,22.219122,24.138117,68.030098,37.783016,80.607384,55.837788
2019-08-02,4.163061,65.502945,2.902252,68.421646,24.807564,21.900047,24.129377,67.593277,37.167095,80.421921,55.378262
2019-08-05,4.113359,64.502563,2.857810,66.639641,24.340225,21.247396,23.325064,65.721138,35.615532,78.531754,53.891827
2019-08-06,4.120075,64.285088,2.801389,66.557961,24.370520,21.222013,23.700989,66.710701,36.207935,79.547485,54.712414
2019-08-07,4.120075,62.414810,2.792500,66.350060,24.708035,21.062475,23.386263,66.675011,36.433620,79.574013,54.932808
2019-08-08,4.124105,64.517059,2.855878,67.181671,25.179695,21.667986,23.832129,67.807228,37.326965,80.633919,55.992538
2019-08-09,4.054250,63.966118,2.793658,66.082764,24.980644,21.428688,23.753445,67.236664,36.903812,80.731079,55.467354
2019-08-12,4.073057,64.488045,2.744193,65.800606,24.591204,21.174881,23.298838,66.309502,36.419529,79.944954,54.660828
2019-08-13,4.082461,64.248840,2.775883,66.260979,24.855162,21.370676,23.587341,67.102943,37.331665,80.987221,55.561138
2019-08-14,4.036114,63.502182,2.681974,63.966640,24.067616,20.533104,22.713087,65.052505,36.184444,78.734848,53.821491
2019-08-15,,62.675789,2.685452,63.112755,24.076271,20.406204,22.826740,64.981178,36.118610,79.008675,53.732395
2019-08-16,4.221498,63.444187,2.771245,63.736454,24.500326,20.674511,23.228899,66.238190,36.805061,79.980301,54.341980
2019-08-19,4.271202,63.712406,2.742647,64.768532,24.695057,21.131372,23.464945,66.862259,37.364567,80.748741,55.026573
2019-08-20,4.188586,63.531178,2.697819,64.761116,24.405134,20.953705,23.150211,66.469986,37.176502,80.059761,55.040649
2019-08-21,4.243663,64.198097,2.693182,66.171860,24.530617,21.087864,23.255125,66.880089,37.613766,80.651550,56.100384
2019-08-22,4.220826,63.618164,2.726416,66.030785,24.366194,20.993586,23.412491,66.978127,37.524429,80.254105,56.114452
2019-08-23,4.179854,63.313690,2.680042,65.481339,23.777700,20.290174,22.817999,65.186241,36.283173,78.399254,54.623329
2019-08-26,4.251723,62.603298,2.701297,65.763474,23.855593,20.377193,23.036566,65.667633,36.786259,79.220665,55.162567
2019-08-27,4.365237,63.944382,2.678495,66.082764,23.872892,20.250292,22.896681,65.328857,36.729836,78.752556,54.890602
2019-08-28,4.366580,63.509434,2.681588,65.867439,24.058962,20.540358,23.106501,66.131203,36.762753,79.326668,55.575211
2019-08-29,4.454570,63.683411,2.672699,66.825272,24.366194,20.841301,23.456202,67.263435,37.402191,79.927307,56.409866
2019-08-30,4.429046,64.524307,2.658787,67.530640,24.530617,20.841301,23.534887,67.539772,37.392780,80.024460,56.072258
2019-09-02,4.486811,64.241585,2.654536,67.203941,,,,,,,
2019-09-03,4.487483,63.886391,2.626711,66.728737,24.335903,20.739784,23.290094,66.621536,36.936710,79.556328,55.842480
2019-09-04,4.525768,63.596420,2.633281,67.716270,24.634474,21.029848,23.517397,67.468445,37.566746,79.609314,56.395802
2019-09-05,4.476736,63.922630,2.726030,67.976151,24.673416,21.290909,23.998236,68.680885,38.351933,80.395424,57.474293
2019-09-06,4.446510,64.444565,2.729121,68.718658,24.768618,21.403309,23.989494,68.823524,38.319027,80.616241,57.614964
2019-09-09,4.396134,64.183601,2.795204,69.936363,24.638803,21.831150,24.356678,69.028572,38.032207,79.874298,57.835350
2019-09-10,4.359193,63.291954,2.875587,71.280281,24.881121,22.088589,24.444105,69.661552,37.839458,80.103951,57.605583
2019-09-11,4.326951,63.741402,2.867857,72.297508,25.119120,22.110346,24.583984,70.312332,38.234383,80.898888,57.713444
2019-09-12,4.441808,63.792141,2.881384,71.807465,25.313839,21.972559,24.715128,70.356903,38.441265,80.872391,57.990097
2019-09-13,4.427703,62.820770,2.953263,71.963387,25.590775,22.146601,24.907461,70.740265,38.159161,80.828247,57.872868
2019-09-16,4.353818,62.233593,2.910754,71.800049,25.171043,22.889902,24.820040,70.677841,38.065128,80.651550,57.131992
2019-09-17,4.377326,62.269829,2.826121,72.030205,25.374414,22.570826,24.846264,70.642197,38.220280,80.775253,57.478996
2019-09-18,4.466660,62.182838,2.798296,71.696083,25.387402,22.462049,24.933687,70.535225,38.215572,80.766403,57.450840
2019-09-19,4.443151,62.255337,2.877906,72.371758,25.430666,22.404036,24.820040,70.178604,38.300220,81.146210,57.296108
2019-09-20,4.416956,62.530807,2.906116,72.772720,25.371529,22.422333,24.674171,69.734962,37.853577,81.598549,56.639336
2019-09-23,4.480767,62.088608,2.826121,71.748070,25.310642,22.429649,24.718102,69.600525,37.971485,81.163948,56.836926
2019-09-24,4.545918,62.117603,2.804866,70.901604,25.093195,22.074730,24.480850,69.206215,37.603611,80.418922,56.230034
2019-09-25,4.520394,61.566669,2.815687,71.228310,25.223665,22.111317,24.682955,69.654335,38.051670,80.028664,56.742851
2019-09-26,4.588905,62.414810,2.811435,71.064957,25.167124,21.822254,24.568724,69.752914,38.094101,79.585190,56.498199
2019-09-27,4.558008,62.617783,2.859742,72.290092,25.097546,21.818600,24.665384,69.475060,37.584740,79.230415,56.300602
2019-09-30,4.601668,62.733768,2.887953,72.950928,25.310642,21.661261,24.603870,69.573647,37.980915,79.939980,56.785179
2019-10-01,4.578830,62.045113,2.840033,71.889145,24.714842,21.159981,24.085438,67.906685,37.627190,79.159462,56.310020
2019-10-02,4.479423,61.001236,2.718301,70.418976,24.271255,20.640406,23.593357,66.625069,36.919727,78.006439,55.298519
2019-10-03,4.459271,61.334698,2.711731,,24.358231,20.863598,23.690018,67.064240,37.372494,78.707146,55.566681
2019-10-04,4.536516,61.711658,2.726416,70.760536,24.488697,20.995327,24.129370,67.763306,37.990341,79.939980,56.088894
2019-10-07,4.597637,62.269829,2.749603,71.592140,24.401722,20.808712,24.006353,67.422722,37.829979,79.673897,55.844257
2019-10-08,4.548605,61.407196,2.721006,70.478386,23.975527,20.453789,23.531851,66.383095,37.136684,78.157204,55.256172
2019-10-09,4.577487,61.617401,2.738783,71.235725,24.245161,20.640406,23.751524,66.947731,37.688503,78.724884,55.726627
2019-10-10,4.545247,61.907383,2.810276,71.644104,24.466953,20.900188,23.997559,67.557152,37.947899,79.115120,56.098293
2019-10-11,4.567413,62.842522,2.930849,73.604317,24.940981,21.181931,24.296322,68.829803,38.471405,79.771461,56.733429
2019-10-14,4.553307,62.313316,2.901865,73.641449,24.762678,21.170958,24.331474,68.695351,38.447838,79.735985,56.705196
2019-10-15,4.592936,62.581551,3.010845,74.161194,24.936634,21.258772,24.682955,69.251007,38.872307,81.190559,57.203899
2019-10-16,4.570770,62.632290,3.030167,74.784897,24.988825,20.962395,24.621449,69.215179,38.603477,81.084122,57.439133
2019-10-17,4.547262,62.443813,2.981861,73.448387,25.054052,20.977034,24.639023,69.555725,38.528011,81.687241,57.589676
2019-10-18,4.545918,61.987118,2.991135,74.079529,25.010569,20.867254,24.700533,68.955284,38.160145,81.385689,57.476772
2019-10-21,4.586219,61.718895,3.064948,75.690758,24.932289,21.240475,25.043230,69.367531,38.570461,81.296989,57.679066
2019-10-22,4.592936,62.306091,3.064562,76.626297,24.827915,21.514900,24.972933,69.914238,38.051670,81.474350,57.312107
2019-10-23,4.530469,61.958122,3.081178,76.982719,24.984474,21.694191,25.078382,69.905273,38.084667,81.979950,57.048645
2019-10-24,4.603011,62.610546,3.052581,77.056953,25.062748,21.602716,25.043230,70.003860,38.641209,81.563065,57.020412
2019-10-25,4.621147,62.994747,3.077701,77.517319,25.336739,21.778353,25.166246,70.442978,39.108131,81.651756,56.954540
2019-10-28,4.610399,62.965744,3.075382,78.051910,25.415014,21.653942,25.298058,70.640152,39.603344,82.494347,57.133327
2019-10-29,4.615773,63.531178,3.065721,78.334053,25.571579,21.741756,25.359568,70.873192,39.244892,83.665123,56.808708
2019-10-30,4.636595,62.915005,2.941236,77.710350,25.593319,21.299019,25.341991,71.124123,39.485439,84.135193,57.161560
2019-10-31,4.661448,62.407570,2.849657,76.759949,25.306290,21.207546,25.218971,70.362312,39.461853,84.037628,56.855751
2019-11-01,4.655403,62.668545,2.862344,77.918259,25.662901,21.690531,25.588030,71.894867,39.933502,84.144066,57.232121
2019-11-04,4.680254,63.328205,2.955905,79.789360,25.862957,22.396721,25.807703,72.728363,40.141010,83.886856,57.260349
2019-11-05,4.641296,62.741020,2.999513,80.472466,25.906441,22.425993,25.904364,72.880722,40.093853,83.292603,57.345039
2019-11-06,4.633909,63.030987,2.987224,80.457619,25.889044,21.968618,26.036173,72.925514,40.074982,83.576408,57.406193
2019-11-07,4.535172,62.675789,3.049466,84.392891,26.063002,22.297926,26.229485,73.176468,40.390980,83.762711,57.062752
2019-11-08,4.611742,63.429691,2.982863,84.496834,26.167376,22.206448,26.220699,73.275047,40.617378,84.374672,57.086292
2019-11-11,4.607714,63.879131,2.965420,83.561279,26.128237,22.082047,26.150404,73.310913,40.636234,84.028770,56.968666
2019-11-12,4.690329,64.372086,2.934100,85.001740,26.263050,21.968618,26.185551,73.301964,40.772995,84.534332,56.931030
2019-11-13,4.654730,64.321335,2.831817,85.075989,26.110842,21.873484,26.018597,72.997231,40.862610,84.631905,56.752247
2019-11-14,4.617788,63.951630,2.813184,85.209641,26.271751,21.814943,26.071320,73.230240,40.815449,84.640778,56.996883
2019-11-15,4.609056,64.299591,2.833800,85.387833,26.250006,21.983250,26.141615,73.767982,41.145599,86.441246,57.100391
2019-11-18,4.633237,64.662041,2.806841,84.942337,26.184771,21.716148,26.194336,73.490135,41.268230,86.148544,57.297989
2019-11-19,4.587562,64.669281,2.817149,84.972038,26.128237,21.394154,26.247063,73.427429,41.348392,86.733925,56.667568
2019-11-20,4.570099,65.140472,2.804859,85.254189,25.802074,21.610033,26.124039,72.844864,41.098427,86.618622,56.535839
2019-11-21,4.550620,64.937508,2.829438,85.269051,25.758577,21.964958,26.097683,72.817978,40.890903,86.840378,56.215908
2019-11-22,4.533828,65.082489,2.863533,85.224495,25.802074,21.891779,26.291000,73.194405,40.839039,87.150803,56.601696
2019-11-25,4.594279,65.850891,2.882166,86.442200,25.971678,21.913733,26.457952,73.723175,41.433300,88.170761,57.100391
2019-11-26,4.633909,66.329330,2.849261,87.392601,26.102140,21.712486,26.431595,73.938255,41.471027,88.099815,57.490879
2019-11-27,4.636595,66.757034,2.857190,87.258942,26.206518,21.767368,26.537035,73.866539,41.702129,88.552139,57.984871
2019-11-28,4.615101,66.938263,2.828249,87.125298,,,,,,,
2019-11-29,4.605025,66.735283,2.804462,86.961945,26.110842,21.547832,26.493097,73.525986,41.579498,88.241714,57.608498
2019-12-02,4.436435,65.531929,2.760853,86.278839,25.849905,21.547832,26.326143,72.316093,40.985237,87.851479,57.133327
2019-12-03,4.484796,64.843269,2.736670,86.813438,25.684652,21.225840,25.957088,71.527420,40.622082,87.656349,56.559357
2019-12-04,4.520394,65.357956,2.816753,87.570801,25.741182,21.544176,26.203123,71.805252,40.787151,88.472328,56.874580
2019-12-05,4.515694,65.560928,2.804462,86.234291,25.871647,21.441719,26.326143,71.823174,40.938076,88.472328,56.818119
2019-12-06,4.550620,66.169861,2.842521,86.724335,26.136930,21.851530,26.677633,72.692513,41.390854,89.057724,57.274467
2019-12-09,4.484796,66.097366,2.845693,86.145195,26.084747,21.825918,26.616119,72.414680,41.173893,88.436844,57.345039
2019-12-10,4.521067,66.155357,2.840936,85.655151,25.928183,21.869825,26.624905,72.325050,41.206909,88.631966,57.246239
2019-12-11,4.570770,66.198853,2.823889,87.021339,26.123892,21.833233,26.563395,72.782150,41.485176,88.711823,57.392086
2019-12-12,4.598310,66.162605,2.924189,87.526253,26.489197,22.235723,27.081835,73.427429,41.928516,89.536659,57.895477
2019-12-13,4.651371,66.119110,2.942425,87.451996,26.284794,22.067411,26.985176,73.230240,42.206772,89.474571,57.947239
2019-12-16,4.661448,66.351082,3.011804,89.026115,26.397871,22.363785,27.081835,73.194405,42.584095,90.441345,58.201283
2019-12-17,4.708464,66.597542,2.985638,87.793533,26.437010,22.378424,27.187281,73.122704,42.485054,90.343773,58.460041
2019-12-18,4.689657,66.387329,3.010218,86.783752,26.402208,22.462584,27.073050,72.817978,42.480331,90.467949,58.516495
2019-12-19,4.702419,66.800529,3.009821,87.199547,26.493542,22.455263,27.064266,73.015144,42.786884,90.822746,58.699978
2019-12-20,4.840113,67.133987,3.030834,87.719307,26.622103,22.670662,27.096064,73.351097,43.035301,91.465759,58.789665
2019-12-23,4.819292,67.561691,2.985242,87.258942,26.696445,22.903431,27.034231,73.954536,43.158325,91.830887,58.652775
2019-12-24,,,2.977313,,26.727057,22.892344,27.096064,73.657349,43.172535,91.715111,58.784943
2019-12-25,,,2.977313,,,,,,,,
2019-12-26,,,,,26.845119,22.884958,27.246199,73.828453,43.494297,91.652794,59.502403
2019-12-27,4.794439,67.496437,2.978503,87.793533,26.744547,22.788897,27.175541,73.765404,43.489563,91.679520,59.497700
2019-12-30,4.750108,66.619301,2.967402,86.531296,26.661461,22.716972,27.096064,73.423157,43.238785,91.129097,59.115360
2019-12-31,,,2.957491,,26.858240,22.846352,27.184378,73.378113,43.376003,91.308380,59.200325
2020-01-02,4.844143,,3.065324,88.090553,26.543396,23.051830,27.449331,74.765152,44.189861,91.550407,59.903622
2020-01-03,4.843472,66.894760,3.017751,86.397644,26.114853,22.983339,27.157877,74.621033,43.693012,90.752617,59.393845
2020-01-06,4.853547,66.757034,2.992775,85.996696,26.001158,23.162182,27.140215,74.648079,43.797127,91.317352,59.559040
2020-01-07,4.856234,66.938263,2.978503,86.546150,25.970543,23.101299,26.963577,74.494965,43.778202,91.138077,59.464653
2020-01-08,4.883101,66.583054,2.980484,86.902542,26.062384,22.720781,27.140215,74.747139,44.246639,91.729698,59.644012
2020-01-09,4.906610,66.952766,2.988017,87.912346,26.158583,22.888208,27.308018,75.062363,44.748207,92.124130,59.960251
2020-01-10,4.981837,66.430824,2.947580,86.130356,26.053627,22.758833,27.104889,74.530998,44.644104,92.151001,59.634567
2020-01-13,4.970420,66.003120,2.927361,85.952141,26.390350,22.766441,27.290358,75.143448,45.202461,91.828308,59.823372
2020-01-14,4.970420,66.155357,2.869479,86.427338,26.281021,22.770247,27.237364,75.152451,44.989532,92.384094,59.804493
2020-01-15,4.984525,66.452560,2.840539,85.937294,26.460306,22.602821,27.087225,75.269547,45.041573,93.181885,59.667610
2020-01-16,5.112144,66.423561,2.881373,86.174896,26.617733,22.640871,27.325684,76.017097,45.647247,93.665932,60.200996
2020-01-17,5.188714,67.257233,2.915864,86.947098,26.735798,22.496273,27.405178,76.026077,45.954807,93.665932,60.413403
2020-01-20,5.232611,67.213737,2.881373,86.739204,,,,,,,
2020-01-21,5.219579,67.336967,2.868686,87.021339,26.447189,22.092926,27.175541,75.188499,45.935875,93.764534,60.229321
2020-01-22,5.175683,66.800529,2.836178,86.145195,26.342243,21.879835,27.255028,74.792175,46.101494,93.881104,60.200996
2020-01-23,5.226438,66.561317,2.832213,85.833336,26.311630,21.796125,27.184378,75.602791,46.319157,93.405968,60.290672
2020-01-24,5.362929,66.365578,2.806841,87.555946,26.123598,21.544979,26.839928,75.251526,46.101494,91.846245,59.450485
2020-01-27,5.263476,65.756653,2.756096,85.254189,25.559498,20.947565,26.424841,73.828453,45.003716,91.147034,58.563091
2020-01-28,5.417800,67.119476,2.815563,85.655151,25.848103,21.042690,26.733957,74.305817,45.864902,91.595245,59.134224
2020-01-29,5.493247,67.945877,2.939651,86.367943,25.931190,20.821993,26.689795,74.702103,45.983185,91.344223,59.101196
2020-01-30,5.547431,66.858521,2.907142,84.452286,25.769396,20.989422,27.025408,74.783165,46.380661,90.680885,59.002068
2020-01-31,5.387620,66.090111,2.817942,82.893028,25.200920,20.334929,26.460163,73.053879,45.107834,88.870140,59.153114
2020-02-03,5.463754,66.293091,2.824681,82.581177,25.730040,20.068560,26.645632,73.026855,45.704018,89.676918,59.573204
2020-02-04,5.487074,66.851273,2.926568,83.887985,26.184816,20.140860,26.901754,74.404892,46.901154,91.254578,60.658836
2020-02-05,5.535086,67.858894,3.008235,84.437439,26.670208,20.898100,27.440498,75.647835,47.175606,93.011551,60.965656
2020-02-06,5.576240,68.192352,3.036780,83.886581,26.657087,20.685005,27.405178,75.891006,47.606194,93.092247,60.828770
2020-02-07,5.608476,67.982132,3.059774,83.593262,26.276648,20.540407,27.308018,75.341606,47.170856,92.366158,60.564449
2020-02-10,5.624251,68.554817,3.041934,83.593262,26.263533,20.437668,27.387505,75.764915,47.809643,92.859184,61.248863
2020-02-11,5.619450,69.352219,3.068496,84.473198,26.407831,20.665981,27.484657,76.053146,47.648777,93.414955,61.730324
2020-02-12,5.577611,69.352219,3.135891,84.581253,26.552141,20.943754,27.502323,76.764664,48.164543,93.531479,62.362831
2020-02-13,5.629052,69.460945,3.123204,82.713333,26.455936,20.879068,27.493490,76.332336,48.036777,93.092247,62.254269
2020-02-14,5.677065,69.315964,3.110915,82.327393,26.460306,20.768719,27.528822,76.233269,48.244968,93.163979,62.159863
2020-02-17,5.757313,69.272476,3.134305,83.269073,,,,,,,
2020-02-18,5.807382,69.156487,3.089111,82.466347,26.394712,20.597492,27.290358,75.800964,48.065159,92.832283,62.155128
2020-02-19,5.875286,69.460945,3.105762,82.497215,26.464685,20.871454,27.493490,75.773926,48.637707,93.262566,62.433640
2020-02-20,5.784062,68.547562,3.051844,82.003212,26.508408,20.848627,27.440498,75.665863,48.131409,92.661980,62.457233
2020-02-21,5.791607,68.431580,2.998721,81.308533,26.385971,20.601292,27.175541,75.287552,47.052570,92.715759,61.503769
2020-02-24,5.507650,66.177101,2.870669,77.881439,25.642574,19.649990,26.292360,73.143967,45.107834,89.793449,59.389130
2020-02-25,5.353327,62.907761,2.781865,76.615578,24.536245,18.782410,25.400347,70.162704,43.664639,87.068375,57.803146
2020-02-26,5.456210,62.661285,2.811202,76.028961,24.453157,18.215439,25.214872,69.631310,43.863373,87.059402,57.345284
2020-02-27,5.429459,61.653664,2.711298,74.639603,23.307467,17.241308,24.137392,67.046364,41.497494,84.101257,55.027683
2020-02-28,5.196259,58.899010,2.637954,71.938072,23.053841,17.226089,23.483837,65.821457,41.814522,83.016594,54.673679
2020-03-02,5.240156,59.442677,2.580866,70.733940,24.042109,17.922436,24.684965,68.136208,44.232441,86.906990,56.552307
2020-03-03,5.345096,61.087223,2.565405,71.004105,23.832207,17.374485,23.757622,66.469940,42.552670,84.746674,55.183453
2020-03-04,5.651686,62.330513,2.612979,70.980949,24.820480,17.785452,24.543655,69.216972,44.379131,89.632088,57.090405
2020-03-05,5.586527,61.855804,2.479773,69.529839,24.033361,17.134766,23.360197,65.830429,42.978527,87.552429,54.961609
2020-03-06,5.412313,59.730900,2.413962,67.275978,23.408043,16.172050,22.565325,65.253990,42.070042,87.086296,54.116703
2020-03-09,4.873893,57.297054,2.124952,62.127617,21.217230,12.914811,20.145405,59.237484,38.876102,82.559402,50.708740
2020-03-10,4.598169,58.246479,2.102752,61.733967,22.078684,13.527447,21.328867,62.308788,41.469109,85.392075,53.512516
2020-03-11,4.471966,58.434860,2.172923,61.525562,21.029192,12.812069,20.171900,58.652065,39.510151,82.129143,50.586014
2020-03-12,3.584431,52.715702,1.806607,53.714268,19.004545,11.213889,17.990438,52.581497,35.653782,75.997673,45.474060
2020-03-13,3.853983,53.461678,1.789956,53.714268,20.338278,12.248901,20.357372,56.688591,39.836639,81.268600,48.287296
2020-03-16,3.762762,52.889008,1.600058,50.881512,18.099354,10.582230,17.566511,50.257755,34.333618,73.254654,42.169964
2020-03-17,3.923258,55.714676,1.724542,52.216850,19.218819,10.654527,18.520351,52.572495,36.671104,77.853249,43.793694
2020-03-18,4.039858,54.267937,1.617501,46.991302,17.990036,9.124843,16.948280,48.699581,35.289425,75.271584,41.277851
2020-03-19,3.998705,57.040859,1.619880,46.999016,18.449188,9.745087,17.319220,48.735615,35.417183,73.729759,42.717503
2020-03-20,4.039173,55.759895,1.672211,51.707413,17.788889,9.840216,16.700989,46.294781,33.794186,70.897118,41.447769
2020-03-23,4.096101,52.760914,1.676968,52.417530,16.882051,9.169523,15.729266,44.267036,33.485500,67.214821,41.516068
2020-03-24,4.328615,54.682369,1.878363,58.476685,18.867397,10.640070,17.679844,49.867359,36.914921,72.394203,45.410133
2020-03-25,4.321072,56.181854,1.960824,59.009274,19.307608,11.141927,18.160801,52.490532,36.867344,73.358002,46.206978
2020-03-26,4.306667,57.960140,1.949327,59.225395,20.214443,11.822734,19.300865,55.803528,39.150444,78.231110,48.118420
2020-03-27,4.221618,57.266911,1.833565,56.307747,19.483692,11.021323,18.713026,53.452656,37.381027,76.555687,46.505787
2020-03-30,4.380058,58.623234,1.755861,58.090752,20.104391,11.134142,19.069290,54.233257,38.955433,80.140709,47.478115
2020-03-31,4.347820,60.167938,1.758636,59.796577,19.827061,11.305318,18.543791,53.561577,38.227695,79.789436,46.520016
2020-04-01,4.161946,59.452103,1.701945,57.133644,18.933428,10.745111,17.412638,51.147179,36.405975,76.753876,44.442543
2020-04-02,4.214759,60.868706,1.705909,58.970680,19.219570,11.729364,17.849070,51.827919,37.257374,78.879669,44.608555
2020-04-03,4.162632,61.524254,1.662696,58.916653,18.757343,11.604874,17.492796,51.138100,36.681854,78.168053,43.830696
2020-04-06,4.211330,62.767548,1.771323,63.293148,20.152811,12.219546,18.748646,54.678020,39.811596,82.266502,47.478115
2020-04-07,4.372512,62.390797,1.782423,65.207375,20.689869,12.480200,18.935688,54.550934,39.454857,81.590950,48.184826
2020-04-08,4.310783,62.127068,1.755861,63.200512,21.702349,13.312734,19.764008,56.529655,40.515556,84.950783,49.702618
2020-04-09,4.426011,61.878410,1.716613,62.783714,22.635593,13.192132,20.823906,57.382866,40.525059,85.419189,50.599052
2020-04-13,,,,,22.138161,13.149339,20.066843,55.703671,40.615440,84.671555,50.584820
2020-04-14,4.421896,62.390797,1.681726,63.902924,22.424294,13.087088,20.155910,56.765648,42.318253,87.481941,52.562683
2020-04-15,4.257283,61.953754,1.586578,60.637920,21.394203,12.472419,19.283052,55.195381,41.395500,87.031555,51.410118
2020-04-16,4.286091,63.747120,1.560889,60.043575,21.270947,11.939444,18.944597,54.705238,41.899670,88.932159,52.026718
2020-04-17,4.258656,64.802032,1.553594,62.143063,22.124950,13.207691,19.942146,57.273941,42.456184,90.778717,53.563469
2020-04-20,4.246995,66.083008,1.546934,62.474964,21.579092,12.795317,19.594784,55.749050,41.776012,90.058113,52.629082
2020-04-21,4.118735,64.666405,1.483027,59.850609,21.046442,12.569677,18.962410,54.432938,40.025635,87.319786,51.263077
2020-04-22,4.105017,65.216461,1.525684,60.985264,21.460234,13.017067,19.167263,55.004765,41.566734,88.652931,52.368221
2020-04-23,4.064550,65.148651,1.583407,61.880627,21.609903,13.437221,19.087099,55.440445,41.281342,89.139328,52.353981
2020-04-24,4.046718,64.779427,1.509668,60.545292,21.948870,13.468344,19.363213,55.885216,42.156528,90.337334,53.240948
2020-04-27,4.163318,66.331657,1.561840,63.100178,22.534344,13.760119,20.022308,57.273941,42.518021,91.499336,54.236984
2020-04-28,4.218189,65.367172,1.636531,65.516113,22.952547,14.075237,20.236067,58.344986,41.952007,89.652763,54.450420
2020-04-29,4.300494,64.093735,1.716217,67.816292,23.538033,15.117845,20.823906,59.461445,43.673855,90.247284,55.650414
2020-04-30,4.277174,61.983894,1.615519,65.361755,22.838095,14.783276,20.298412,58.281456,43.478836,89.832916,55.304180
2020-05-01,,,,,22.358261,13.946855,19.648220,56.520576,42.284958,88.121460,53.236187
2020-05-04,4.120107,60.695396,1.553594,62.366901,22.437504,14.429258,19.470091,55.803528,42.846218,88.076431,53.525524
2020-05-05,4.175663,62.119526,1.578650,64.450958,22.494726,14.440930,19.407745,56.021358,43.436024,89.986061,53.719990
2020-05-06,4.161260,63.016212,1.535516,63.655918,22.107347,14.063570,18.989122,55.249836,43.773731,89.094307,53.710499
2020-05-07,4.244252,62.677132,1.553277,65.076149,22.560757,14.429258,19.434465,55.894287,44.430115,89.085274,54.554760
2020-05-08,4.252483,62.307915,1.584200,68.179070,23.102215,15.086721,19.853081,57.283012,45.081757,89.544693,55.617207
2020-05-11,4.170176,63.031284,1.539481,68.024689,22.750050,14.822178,19.470091,56.565952,45.381416,91.084969,55.493893
2020-05-12,4.214759,63.159378,1.549788,67.816292,22.402285,14.561532,18.962410,54.977539,44.444389,89.697800,54.279675
2020-05-13,4.135882,62.616848,1.485564,66.457802,21.931261,13.900172,18.401287,53.597881,43.678600,88.724991,53.345284
2020-05-14,4.035743,61.034473,1.483661,64.952652,22.199791,14.055789,18.873343,54.160629,44.235111,89.697800,54.142120
2020-05-15,3.951380,61.155045,1.454007,66.488670,22.393482,14.001318,18.748646,53.970024,44.458656,90.454460,54.772953
2020-05-18,4.090614,62.202419,1.531076,70.525543,23.414762,15.145081,19.710566,57.528091,45.547882,91.202072,56.845676
2020-05-19,4.140684,62.398338,1.445602,71.660187,23.190256,14.721035,19.229609,56.792877,45.381416,90.103149,56.641720
2020-05-20,4.288148,62.511353,1.494445,72.810280,23.560040,15.308475,19.657133,57.854862,46.375504,90.211235,57.381649
2020-05-21,4.341647,,1.473354,72.316284,23.335526,15.063382,19.594784,57.991009,45.728634,89.544693,57.585590
2020-05-22,4.396518,61.923622,1.503166,72.246811,23.300316,14.970014,19.523531,57.945621,45.895111,89.733826,57.500210
2020-05-25,4.465107,62.624386,1.535516,74.083855,,,,,,,
2020-05-26,4.469222,61.998974,1.625430,75.951775,23.938618,15.386280,20.538897,60.378178,45.847549,89.571693,58.410892
2020-05-27,4.517234,61.170101,1.704720,76.399460,24.180731,15.584689,21.429567,62.393208,46.109154,90.499466,59.411667
2020-05-28,4.658526,62.827839,1.690844,76.484352,24.405237,15.148969,21.091120,61.803207,46.018780,91.679466,58.690727
2020-05-29,4.733288,62.564110,1.615519,76.052116,24.409641,15.078943,20.850634,61.421997,46.599072,92.787407,58.904167
2020-06-01,4.799819,,1.643270,,24.576925,15.343486,21.091120,61.558144,46.584801,91.868629,59.463837
2020-06-02,4.930822,62.232563,1.715423,78.745934,25.021534,15.771422,21.260340,62.356895,47.022388,92.400078,59.971344
2020-06-03,5.146876,62.149673,1.770133,81.030663,25.589407,16.234377,22.053038,64.789459,47.388638,92.219933,61.104946
2020-06-04,5.133843,61.614685,1.799471,80.768219,25.681854,16.238264,22.533997,65.479263,46.998623,91.490311,60.796631
2020-06-05,5.197631,62.571636,2.003640,83.778511,26.337761,17.444267,23.371233,67.884590,48.235287,92.967552,62.252769
2020-06-08,5.196945,62.134602,2.025842,83.454323,26.372976,18.230122,23.816574,69.246117,48.477875,93.607109,63.201385
2020-06-09,5.172939,63.400501,1.982629,82.543526,26.051626,17.545420,23.308891,67.521523,48.706184,92.634277,62.708099
2020-06-10,5.152363,63.068962,1.927126,81.308533,25.756683,16.681763,22.436026,65.905869,49.519527,92.490158,62.119957
2020-06-11,5.025474,61.124889,1.747933,76.499809,23.766935,15.110068,20.601240,61.276787,46.679920,87.346817,58.866211
2020-06-12,5.037819,60.476871,1.754672,76.075272,24.229153,15.491315,21.224712,62.465794,47.284016,87.914314,59.449604
2020-06-15,5.049480,60.898846,1.705116,75.218498,24.484474,15.538004,21.518641,63.083050,47.740620,88.112457,60.014046
2020-06-16,5.189401,62.262695,1.784009,78.221069,24.995121,15.985395,21.857092,64.317444,48.758507,90.283302,61.275700
2020-06-17,5.147562,64.123871,1.781630,79.023796,24.788223,15.440745,21.527546,63.854534,48.748978,90.193214,61.114422
2020-06-18,5.125613,64.538307,1.733264,79.239929,24.805832,15.631371,21.500824,63.618565,48.967773,89.886955,60.891510
2020-06-19,5.212720,65.434982,1.707098,80.135300,24.730991,15.394066,21.358313,62.837952,48.630074,90.751686,60.417191
2020-06-22,5.212720,64.274567,1.688466,79.193619,24.822624,15.465378,21.252542,62.943726,49.546318,90.403435,61.038094
2020-06-23,5.357443,65.065781,1.771719,80.274231,24.880157,15.481141,21.351141,62.952843,49.904022,90.792404,61.518253
2020-06-24,5.229182,63.603947,1.692827,78.159309,24.154251,14.622170,20.598206,60.764763,48.778416,88.422394,60.163326
2020-06-25,5.255932,63.747120,1.735246,78.823120,24.455238,14.901926,21.144983,61.439400,49.403229,89.290794,60.244133
2020-06-26,5.239469,62.669590,1.682122,78.606995,24.118843,14.385754,20.239662,60.299782,48.430233,88.205330,58.832172
2020-06-29,5.297770,62.820290,1.749915,80.042671,24.588030,14.578827,20.463758,62.278179,48.959644,89.001320,59.949394
2020-06-30,5.266220,62.104462,1.724146,80.860847,24.942131,14.913747,20.741619,62.633739,49.837254,90.521004,60.714798
2020-07-01,5.282681,62.398338,1.699169,80.274231,24.995241,14.551250,20.562349,62.351105,49.918343,91.217560,61.328087
2020-07-02,5.450723,62.571636,1.812156,82.250206,25.464434,14.712796,20.589245,62.889000,50.209290,91.905045,61.570549
2020-07-03,5.400653,62.074326,1.766169,81.848839,,,,,,,
2020-07-06,5.428089,62.895649,1.852991,83.315392,25.827387,14.756139,20.983639,63.791599,51.086876,92.836731,63.030071
2020-07-07,5.469927,62.616848,1.797885,83.454323,25.836237,14.287251,20.553394,62.569920,50.552689,92.031670,62.041218
2020-07-08,5.546061,62.164745,1.757051,81.663574,25.468859,14.275433,20.768513,62.569920,51.377827,92.040718,62.702026
2020-07-09,5.443177,61.712639,1.724146,81.601845,25.229837,13.570130,20.329296,61.211475,51.563843,91.317078,62.630733
2020-07-10,5.507650,61.787983,1.760222,83.361702,25.668041,14.003558,21.028454,62.004658,51.549526,91.099960,63.377106
2020-07-13,5.570752,61.923622,1.780838,84.287941,25.668041,13.928692,21.118092,62.259941,50.481148,91.615547,62.573669
2020-07-14,5.496677,61.411224,1.763394,84.766495,26.314278,14.417282,21.225655,63.609241,51.063030,93.433754,63.196445
2020-07-15,5.602988,62.564110,1.797488,86.449173,26.756903,14.728558,21.646938,65.232071,51.339680,94.645882,64.099747
2020-07-16,5.660604,62.096931,1.792334,86.649857,26.845432,14.661573,21.646938,65.250313,50.705307,94.492119,63.928593
2020-07-17,5.779946,62.059258,1.756257,86.557236,27.071171,14.456684,21.467674,65.642334,50.953339,95.785660,63.629066
2020-07-20,5.824037,62.322987,1.752294,87.962029,26.836578,14.216331,21.369072,64.840050,52.255428,95.767570,64.646454
2020-07-21,5.829636,61.124889,1.742383,89.181580,27.071171,15.075295,21.790358,65.697060,51.730778,95.704262,64.746292
2020-07-22,5.734457,60.657715,1.705512,88.764771,27.385443,14.890107,21.790358,66.225838,52.145733,96.563614,65.302528
2020-07-23,5.692467,60.092583,1.679347,88.687584,27.301342,14.862524,21.808287,66.025253,50.791172,96.129395,64.323204
2020-07-24,5.559498,58.826691,1.685690,87.051231,27.208391,14.779780,21.754501,65.496468,50.175896,95.071037,64.437286
2020-07-27,5.543403,58.675983,1.645253,87.452599,27.602331,14.795544,21.575233,65.769966,50.967648,95.785660,64.836624
2020-07-28,5.528706,58.382111,1.667057,88.023781,26.995922,14.543367,21.521458,65.314125,50.371445,95.677109,64.194809
2020-07-29,5.581193,58.103313,1.588561,88.425148,27.217241,14.846765,21.924810,66.307892,51.101192,96.681190,64.846123
2020-07-30,5.414632,57.538181,1.497299,84.781944,26.690512,14.263613,21.530415,65.642334,51.387367,96.011826,64.793839
2020-07-31,5.409033,56.867554,1.434026,83.608696,26.717073,14.196629,21.539377,65.396179,52.670387,95.460007,65.131386
2020-08-03,5.497913,58.314289,1.472402,86.449173,26.566574,14.247849,21.602125,65.669708,53.967709,96.446007,64.993530
2020-08-04,5.507011,58.088245,1.522037,85.337685,26.942806,14.594588,21.512486,65.833801,54.106033,96.020859,65.516464
2020-08-05,5.481817,57.229237,1.498567,86.495483,27.336750,14.748261,21.808287,67.091957,54.306358,96.464104,66.315163
2020-08-06,5.409734,57.274452,1.478745,87.900276,27.221666,14.630053,21.799316,67.347214,55.069481,95.948486,66.638435
2020-08-07,5.469220,56.890160,1.454800,89.490326,27.314619,14.649755,22.265427,68.495941,54.249104,96.256065,66.738274
2020-08-10,5.504212,56.882618,1.501581,89.335960,27.580196,15.102881,22.426771,70.182617,54.096478,95.930405,67.536964
2020-08-11,5.573494,57.425156,1.587371,90.648140,27.531507,15.051654,22.686712,70.556389,53.123489,95.324318,67.403854
2020-08-12,5.675672,58.336899,1.576271,91.373680,27.695278,15.201385,22.623970,70.784340,54.330185,96.925453,68.297630
2020-08-13,5.604289,58.615707,1.544238,90.648140,27.690859,14.905868,22.480551,70.410522,54.354046,96.798790,68.269104
2020-08-14,5.518208,58.208805,1.528063,89.706451,27.721832,15.047713,22.570187,70.684044,54.315876,96.608826,68.264336
2020-08-17,5.464320,58.638302,1.499202,89.860832,27.845776,14.961034,22.193718,70.355843,54.678383,97.178719,69.143860
2020-08-18,5.450325,58.238945,1.488260,90.046066,27.730692,14.771900,22.050297,69.972939,54.883461,97.151550,69.571739
2020-08-19,5.504212,59.082882,1.533613,91.095818,27.651018,14.602469,22.041342,69.790573,54.816685,96.834961,69.243668
2020-08-20,5.427230,58.871899,1.469864,89.814514,27.553637,14.287251,21.835176,69.416786,55.546436,96.527420,69.139099
2020-08-21,5.410433,59.165760,1.448774,89.490326,27.394291,14.196629,21.790358,69.699417,56.252331,96.626930,69.495667
2020-08-24,5.504911,59.248657,1.504911,92.068382,27.876760,14.586712,22.310238,70.957535,56.738831,96.183678,70.551079
2020-08-25,5.461521,59.135624,1.502690,91.574379,27.766104,14.381819,22.372988,70.866371,57.025005,96.834961,70.784012
2020-08-26,5.457322,59.361668,1.522830,92.701302,28.058231,14.078421,22.265427,70.902855,58.184006,96.717377,71.482887
2020-08-27,5.330653,59.489777,1.506179,92.006615,27.982986,14.106003,22.641895,71.158134,58.231705,97.477219,71.097801
2020-08-28,5.346747,58.902035,1.555656,91.250183,28.314953,14.358176,22.731529,71.832809,58.742054,97.694321,71.563698
2020-08-31,5.311056,58.804081,1.477000,89.274208,27.881182,14.046901,22.462622,70.939301,58.928059,97.929512,71.354500
2020-09-01,5.251570,59.519909,1.482709,90.200455,28.664640,13.952330,22.525368,71.659554,60.053688,97.052071,72.100922
2020-09-02,5.352346,60.665249,1.446396,91.944862,29.315300,13.885353,22.848059,72.844765,60.587872,98.996910,73.099289
2020-09-03,5.304758,59.663090,1.461301,90.185020,28.505291,13.782902,22.498472,70.802544,57.134697,96.301262,70.779266
2020-09-04,5.187186,59.361668,1.510937,89.305084,28.522999,13.739563,22.668787,70.966660,56.338184,95.613792,69.961563
2020-09-07,5.313856,60.393990,1.516646,90.509193,,,,,,,
2020-09-08,5.229876,60.378910,1.471292,89.104401,27.987411,13.239154,22.086155,69.635582,53.791225,94.039833,69.044014
2020-09-09,5.354446,61.124889,1.494445,91.188438,28.708897,13.329778,22.310238,70.711380,55.546436,95.704262,70.346649
2020-09-10,5.321554,61.079681,1.463363,90.787064,28.438892,12.841189,21.996521,69.808792,54.292030,94.238823,69.338768
2020-09-11,5.360744,61.637287,1.431489,90.432014,28.801853,12.853011,22.148899,70.756981,53.877079,94.609695,69.443367
2020-09-14,5.291461,61.712639,1.438308,90.185020,29.217916,12.951515,22.453663,71.714256,55.007477,95.966560,70.180252
2020-09-15,5.339050,62.586708,1.422291,90.231316,29.359570,12.856952,22.148899,71.759850,55.551197,96.093231,70.755508
2020-09-16,5.301258,61.991432,1.424987,91.605247,29.381689,13.373121,22.399878,72.489204,54.692673,95.930405,70.360909
2020-09-17,5.164791,62.014046,1.397077,91.883118,29.598583,13.392823,22.166824,72.635071,54.239578,95.613792,69.372055
2020-09-18,5.192783,62.488754,1.344270,90.802498,29.089560,13.243096,22.122009,71.823677,53.304733,95.469040,68.406967
2020-09-21,5.080111,61.471516,1.260700,86.572670,28.110302,12.804140,21.567719,69.439468,53.747860,93.705376,67.418861
2020-09-22,5.123500,61.539333,1.237230,87.236473,28.163666,12.671975,21.387466,70.125893,54.598724,93.505600,68.843384
2020-09-23,5.220778,61.268063,1.219152,86.711609,27.336504,12.099253,20.909782,68.872017,52.896988,92.542923,67.714241
2020-09-24,5.157792,60.431664,1.225812,87.606972,27.532175,12.095247,20.954845,68.972687,53.193348,92.079781,67.685677
2020-09-25,5.133298,60.514549,1.228667,86.202164,27.776766,12.087234,21.171156,70.006897,54.464874,93.560089,68.567039
2020-09-28,5.212379,60.876240,1.312396,94.152367,28.225929,12.371594,21.675877,71.269958,55.506947,94.404694,70.001083
2020-09-29,5.248771,60.657715,1.262444,93.022125,28.016912,12.031165,21.405487,70.638435,55.320515,94.286629,69.457985
2020-09-30,5.191384,60.213150,1.268312,92.371376,28.301523,11.995122,21.693899,70.455391,55.784195,95.794205,70.024910
2020-10-01,5.226376,60.582371,1.252771,91.326775,27.901291,11.626656,21.729948,70.244865,56.372143,95.467232,70.939644
2020-10-02,5.226376,60.574825,1.251661,90.658905,28.150324,11.738796,21.901196,71.031975,54.942890,94.595383,70.639503
2020-10-05,5.174588,60.808422,1.275764,91.891884,28.688425,12.091244,22.261703,72.176033,56.147488,96.538895,71.573288
2020-10-06,5.153593,60.024769,1.355212,93.261871,28.328207,11.911014,22.036388,71.297394,55.277512,95.258369,70.248840
2020-10-07,5.315955,59.376751,1.337610,93.535881,29.057535,12.079227,22.405916,72.871628,56.290882,97.056534,71.854378
2020-10-08,5.281663,60.311100,1.360604,94.905861,29.351051,12.531798,22.712351,73.594658,56.582470,97.528801,72.326027
2020-10-09,5.265567,60.778275,1.343161,95.522346,29.577854,12.331544,22.739393,73.869217,57.447678,98.409721,73.078789
2020-10-12,5.379641,60.604977,1.323180,96.275848,29.528934,12.363585,22.991749,74.290253,59.015560,99.081772,74.050697
2020-10-13,5.397136,60.371391,1.279253,95.248360,29.266548,12.171345,22.550119,73.466522,58.637939,98.327995,74.036400
2020-10-14,5.409734,60.198067,1.280997,96.241600,29.351051,12.223408,22.333811,73.878387,58.327217,97.755844,73.216965
2020-10-15,5.222878,58.728733,1.268787,93.621506,29.266548,12.371594,22.505054,74.143799,58.064320,97.047455,73.488510
2020-10-16,5.267667,59.489777,1.302406,95.008614,29.471115,12.091244,22.523083,74.683784,57.897018,98.010132,72.821526
2020-10-19,5.227076,59.218510,1.311286,94.580490,29.128695,11.834919,22.180592,73.759422,56.835819,96.457161,71.925835
2020-10-20,5.306157,58.600628,1.347600,94.820236,29.195402,11.975096,22.360851,74.143799,57.031807,96.584290,72.502312
2020-10-21,5.259268,57.553249,1.323021,93.056381,29.084221,11.746807,22.243685,73.393326,56.945747,96.102974,72.106880
2020-10-22,5.213779,57.741631,1.337928,93.347504,29.244322,12.231417,22.685308,73.997353,56.678074,97.556046,72.254570
2020-10-23,5.297060,57.628601,1.382805,93.895493,29.351051,12.171345,22.757414,74.290253,56.615940,97.919319,72.888229
2020-10-26,5.248771,57.515575,1.365996,92.063141,28.617270,11.734790,22.243685,72.432312,55.387447,96.829506,71.487541
2020-10-27,5.175288,55.872917,1.346015,91.206886,28.345997,11.582600,21.838102,70.848938,55.664688,96.166527,71.454178
2020-10-28,4.863861,54.139843,1.303357,85.709831,27.545513,11.097988,21.279308,68.524223,53.303299,93.115074,69.195938
2020-10-29,4.854763,53.582245,1.316678,86.172195,28.114748,11.438416,21.441538,69.521820,54.192410,92.352211,69.634239
2020-10-30,4.782681,53.868572,1.356481,86.223564,28.096962,11.502500,21.504625,69.439468,52.992588,92.324959,68.114441
2020-11-02,4.889055,55.096802,1.413411,88.535416,29.030849,11.894995,21.910204,71.315712,53.126434,93.986923,68.600403
2020-11-03,5.050717,56.068832,1.468279,91.001389,29.484467,11.826908,22.396898,73.420769,54.063339,95.358253,70.110680
2020-11-04,5.156393,58.058105,1.408178,92.011765,28.981936,11.842928,22.135523,72.661118,56.166588,99.590355,71.601852
2020-11-05,5.326452,57.651211,1.451470,94.255127,30.164881,11.842928,22.676296,74.372620,57.911354,99.790154,72.997787
2020-11-06,5.397136,57.553249,1.416900,93.022125,30.240480,11.586604,22.496042,74.445831,58.116901,99.826477,72.778648
2020-11-09,5.634380,58.065632,1.689258,99.735062,30.920893,13.240688,24.343672,76.981071,57.696251,100.761909,72.540421
2020-11-10,5.631582,58.261547,1.834357,101.379059,31.285563,13.669232,24.469852,78.335625,56.620712,101.052505,72.283157
2020-11-11,5.747054,59.437027,1.862109,100.625565,30.818598,13.529055,24.370708,77.676666,57.963924,100.925392,72.916824
2020-11-12,5.654675,59.331535,1.837926,97.371841,30.169313,13.092504,23.965136,76.788857,57.447678,100.553024,71.940132
2020-11-13,5.612686,59.075344,1.891842,96.789604,30.689636,13.569102,24.361698,78.491219,57.935246,101.824471,73.107376
2020-11-16,5.660975,59.534992,1.945139,96.155975,31.294449,14.462231,24.902472,80.404053,58.494526,101.651909,74.064987
2020-11-17,5.677071,59.376751,1.959204,95.556610,31.178823,14.610418,24.866421,80.193573,58.169487,100.988968,73.750542
2020-11-18,5.684069,59.369217,1.954239,95.145607,30.920893,14.185879,24.632082,79.836617,57.548058,99.109024,73.245537
2020-11-19,5.713463,59.602802,1.923214,94.015373,31.049858,14.418175,24.713200,80.037979,58.011730,99.036354,73.607628
2020-11-20,5.761751,59.987087,1.933142,93.827003,31.023170,14.342080,24.496895,79.314926,57.414219,98.809334,73.221710
2020-11-23,5.654675,59.979557,1.948035,95.625099,31.281101,15.355351,24.956545,80.642021,57.399887,98.555046,74.026863
2020-11-24,5.891221,60.484409,2.054764,96.224472,32.059349,16.144350,25.830791,82.051491,58.198158,98.845665,75.127411
2020-11-25,5.939510,61.019409,2.036562,96.207352,31.725813,15.767874,25.740667,81.429131,58.322437,98.482391,75.217941
2020-11-26,5.927612,61.230389,2.008432,95.351112,,,,,,,
2020-11-27,5.950006,61.079681,2.039458,96.481346,31.890350,15.583640,25.659552,81.291855,58.633152,99.390549,75.379936
2020-11-30,5.857628,61.991432,2.000158,95.899101,31.570171,14.722557,25.127790,80.568787,59.025131,99.663017,74.922546
2020-12-01,5.822637,61.313274,2.116817,96.703972,31.917036,14.790645,25.515345,80.367455,59.780380,100.498543,75.479965
2020-12-02,5.796043,61.727703,2.217342,96.686844,31.507904,15.271251,25.794741,80.477295,59.689568,101.252327,75.008324
2020-12-03,5.744955,60.974186,2.240094,95.830605,31.290003,15.431452,25.803757,80.687798,59.651329,101.125183,75.217941
2020-12-04,5.742856,61.185181,2.367923,97.012222,31.921490,16.272516,26.119202,81.648811,60.248840,102.205894,75.289398
2020-12-07,5.725359,61.260532,2.255401,96.258720,31.712475,15.892037,25.938950,81.255249,60.420921,101.579254,75.117874
2020-12-08,5.710663,61.185181,2.293046,97.954086,31.890350,16.128330,25.929935,81.648811,60.616917,102.351204,74.960670
2020-12-09,5.682669,61.252998,2.254987,97.525955,31.908144,16.164375,25.866842,81.831841,59.455341,101.997017,74.889206
2020-12-10,5.745655,61.260532,2.190866,97.200592,31.712475,16.661003,25.911905,81.053879,59.541378,101.824471,74.822517
2020-12-11,5.632981,61.456451,2.130469,96.481346,31.530140,16.468760,25.650534,81.246101,59.417091,101.424873,74.465179
2020-12-14,5.684069,61.230389,2.170182,96.498466,31.129900,15.892037,25.353115,80.193573,59.632198,100.662018,74.574783
2020-12-15,5.630181,60.039841,2.237612,98.193825,31.694689,16.204424,25.785728,81.310165,60.626472,101.751816,75.580017
2020-12-16,5.712062,60.672791,2.216515,99.032951,31.605749,16.124325,25.830791,80.806755,61.037560,101.452118,76.075523
2020-12-17,5.719760,61.426304,2.224375,99.837814,31.970407,16.048229,25.902895,81.301018,61.520351,102.541924,76.594818
2020-12-18,5.710663,60.665249,2.133364,100.882423,32.112717,15.779892,25.677576,81.310165,61.305248,102.623650,76.223198
2020-12-21,5.497913,58.917110,2.027875,97.320465,31.942432,15.475495,26.023714,80.819382,61.366577,101.596855,75.362129
2020-12-22,5.648378,59.173294,2.094065,97.902702,31.745789,15.215745,25.769995,80.442574,61.898407,101.286797,75.037560
2020-12-23,5.788344,59.203434,2.167287,100.180313,31.790476,15.552611,26.195873,80.865334,61.428860,101.359749,75.199837
2020-12-24,,,2.209069,,31.991600,15.471439,26.232126,80.874542,61.836121,101.651566,75.357353
2020-12-28,5.840132,60.936516,2.143293,102.149681,31.866457,15.374026,26.358974,80.975624,62.535641,101.906891,76.216530
2020-12-29,5.791844,62.149673,2.144120,100.522820,31.790476,15.272566,26.268362,80.488541,62.238575,102.390198,76.240395
2020-12-30,5.791844,63.031284,2.130469,100.625565,32.228470,15.512027,26.386158,81.003204,62.205059,102.371971,76.698586
2020-12-31,,,2.099856,,32.353615,15.382147,26.712362,81.380020,62.296085,103.448044,76.741547
2021-01-04,5.918515,62.684673,2.123436,100.711189,32.045231,15.406494,26.349913,79.413269,61.280323,103.001190,76.092415
2021-01-05,5.875125,62.375732,2.130882,100.505676,32.764790,16.096464,26.467710,80.194450,61.678017,103.748962,76.660408
2021-01-06,6.248836,62.353119,2.277327,104.358772,34.105602,16.587555,27.636600,82.106033,60.614349,105.171555,77.443199
2021-01-07,6.142463,62.006508,2.310834,106.430885,34.360352,16.831072,28.035292,82.556366,62.248165,106.539452,78.937157
2021-01-08,6.255135,62.541512,2.283531,106.174011,34.194984,16.810778,28.017170,82.354187,62.650627,107.050125,80.564774
2021-01-11,6.262134,63.144314,2.324900,106.156883,34.194984,17.074591,28.107784,82.326607,62.133175,107.551689,79.061264
2021-01-12,6.160658,62.857979,2.357581,106.208260,34.628513,17.671206,28.397743,83.144531,61.836121,106.384415,80.268867
2021-01-13,6.246039,62.616848,2.343102,105.163635,34.275433,17.533213,28.379614,82.427711,62.229015,106.676224,80.264069
2021-01-14,6.181653,62.933331,2.317453,104.752640,34.159229,18.052713,28.506474,82.712616,61.682800,106.338821,79.753357
2021-01-15,6.199849,64.274567,2.250850,102.560669,33.672085,17.350573,28.035292,81.637337,61.050350,106.667091,79.137627
2021-01-18,6.129168,64.071129,2.265329,102.612038,,,,,,,
2021-01-19,6.121315,64.440353,2.220652,103.793655,33.788280,17.699612,28.107784,81.903847,61.845699,107.469597,79.586304
2021-01-20,6.124171,64.809563,2.224375,104.769760,33.900009,17.764555,27.989986,82.409309,63.072285,108.062355,81.089798
2021-01-21,6.039212,64.508163,2.184247,106.002762,33.403912,17.163874,27.690966,81.765991,63.886776,107.551689,81.466866
2021-01-22,5.957823,64.749290,2.135433,113.708939,33.243015,17.074591,27.491621,81.343246,63.642418,107.232498,81.190063
2021-01-25,5.950684,64.899994,2.060142,109.907219,33.068707,16.900070,27.292282,80.791824,64.174232,107.934669,81.490753
2021-01-26,5.997089,63.543671,2.095306,111.876579,32.612843,16.538851,27.074806,80.047401,64.217361,107.533432,81.438248
2021-01-27,5.883574,63.159378,2.012569,110.746346,31.651928,16.315626,26.277424,78.457504,63.005188,104.268761,78.927612
2021-01-28,5.997805,62.413403,2.053109,111.071716,32.197193,16.506382,26.766733,79.624657,63.263912,105.791679,79.175812
2021-01-29,5.847877,60.680332,1.998090,109.547607,31.571482,15.958471,26.232126,77.906052,61.773827,104.897987,77.328629
2021-02-01,5.869295,60.944057,1.999745,111.773827,31.942432,16.072107,26.576441,78.714798,63.321423,105.299232,79.338104
2021-02-02,5.854301,60.763214,2.099028,114.376808,32.362549,16.246634,27.219791,80.387444,64.179047,105.600166,81.022987
2021-02-03,6.105609,60.476871,2.113093,116.448914,32.425125,16.940657,27.373827,80.442574,63.958656,104.852402,80.569550
2021-02-04,6.108464,61.433830,2.225616,119.665535,32.308914,17.127348,27.980925,81.306480,64.979187,105.290115,81.428696
2021-02-05,6.030645,61.396164,2.306697,117.152008,32.863117,17.273460,27.989986,81.784386,64.835449,105.481606,82.206741
2021-02-08,6.068484,61.577003,2.353858,116.378601,33.135754,17.995893,28.352434,82.482834,65.515823,105.609245,82.674500
2021-02-09,5.914272,61.403698,2.343102,115.288818,32.889931,17.805138,28.361498,82.694214,65.439140,105.764305,82.216286
2021-02-10,5.938547,61.554398,2.347652,117.239883,32.854183,18.146063,28.361498,82.565559,65.343307,105.955803,81.404861
2021-02-11,6.041353,61.607151,2.313730,116.255562,32.885464,17.866016,28.270885,82.390923,66.062027,106.156456,81.180511
2021-02-12,6.045638,61.787983,2.312489,117.784782,33.225140,18.129826,28.560844,82.988312,66.402199,106.949791,81.295067
2021-02-15,6.043496,62.089390,2.407636,115.939171,,,,,,,
2021-02-16,5.927838,61.486580,2.408877,114.568153,33.162567,18.584394,29.050146,82.905594,66.186592,105.891968,80.941849
2021-02-17,5.927838,60.883774,2.394812,114.937271,33.144688,18.860376,29.195126,82.675842,65.602066,106.274986,81.409615
2021-02-18,5.854301,60.280964,2.362544,113.865074,32.939095,18.434225,29.022957,82.262276,65.281044,105.609245,81.433487
2021-02-19,5.851447,59.715828,2.461829,116.431335,33.542469,18.742678,29.367287,83.613251,65.185234,104.332611,80.960960
2021-02-22,5.766488,59.602802,2.395639,115.570045,33.672085,19.392059,29.639118,83.879761,63.747845,104.086388,79.252182
2021-02-23,5.695093,59.030136,2.441145,113.917793,33.788280,19.712688,29.820347,84.137077,63.570553,103.913109,78.731934
2021-02-24,5.654399,59.806252,2.451073,115.060310,34.083248,20.410776,30.400261,85.727013,64.543175,104.633514,79.557663
2021-02-25,5.597284,59.557590,2.453555,114.409950,33.296650,20.017080,29.847523,84.146286,62.286507,103.584801,76.598358
2021-02-26,5.600140,58.917110,2.397294,112.476471,32.872063,19.542227,29.276680,83.273193,62.617100,102.691162,76.918144
2021-03-01,5.673675,60.047375,2.415910,115.025162,33.703358,20.049553,30.191858,85.405357,64.634232,104.031662,78.722374
2021-03-02,5.570155,60.989273,2.393157,114.146301,33.891071,19.939968,30.083122,85.157211,63.608902,103.730728,77.815491
2021-03-03,5.444501,60.868706,2.436180,116.993797,33.555870,20.232193,30.318710,85.249123,62.008595,102.417557,75.987404
2021-03-04,5.599425,61.327679,2.434112,115.570045,32.903358,20.715164,29.974386,83.888947,60.638306,101.040581,74.378876
2021-03-05,5.620843,60.300339,2.465552,113.478363,33.658669,21.490364,30.545248,85.874054,61.783409,103.065018,74.851418
2021-03-08,5.771485,61.845280,2.527191,118.224213,34.110073,21.530943,30.934870,86.774696,60.288536,102.809692,74.942078
2021-03-09,5.785050,61.327679,2.460174,118.733963,34.320126,21.153496,30.653978,86.416267,62.339218,103.411545,77.772522
2021-03-10,5.865011,61.421791,2.450245,118.962456,34.887730,21.689234,31.279202,87.693726,62.090046,103.648636,78.168686
2021-03-11,5.944258,61.523743,2.415497,120.140121,35.075443,21.697346,31.188583,87.758064,63.417221,104.277885,79.366745
2021-03-12,5.893569,61.061043,2.460174,118.980042,35.169312,21.741997,31.505724,88.934425,62.962067,104.505875,79.600639
2021-03-15,5.840737,61.523743,2.425011,118.470291,35.209530,21.494421,31.324505,89.678848,63.632843,105.226273,80.669777
2021-03-16,5.881432,62.409943,2.411360,119.015167,34.919018,20.881569,30.998297,88.401375,64.111969,105.162437,79.834488
2021-03-17,5.827172,62.143299,2.421701,119.507347,35.231876,21.043909,31.206703,89.421516,64.059273,104.779442,80.956154
2021-03-18,5.757206,62.386410,2.470516,123.901634,35.035221,20.098257,31.369802,89.338791,62.281708,104.560570,78.975349
2021-03-19,5.929979,62.653042,2.391917,121.071716,34.860920,20.102314,31.007360,88.658707,62.094841,104.934464,79.447884
2021-03-22,5.942831,62.739319,2.351789,119.313995,34.882465,19.909540,30.607809,88.608932,63.315826,105.847710,79.970886
2021-03-23,5.997089,63.476513,2.366268,119.507347,34.155369,19.618317,30.180044,87.060211,62.922134,104.777069,79.220329
2021-03-24,6.015652,63.217697,2.380747,119.138222,34.402218,20.110516,30.289267,87.696289,62.158710,104.658119,78.049057
2021-03-25,6.027075,64.048996,2.362544,119.050339,34.900417,20.184351,30.798937,89.097519,62.120289,105.097336,78.732697
2021-03-26,6.016366,64.213692,2.396053,120.737755,35.766655,20.684752,31.281309,90.637016,63.699940,107.083069,79.387627
2021-03-29,6.073481,64.605812,2.369578,121.142021,35.645462,20.438658,31.008270,90.655464,63.368660,107.586395,78.952591
2021-03-30,6.020649,64.198006,2.433698,123.989540,35.542229,20.262280,31.226700,91.051857,62.768490,106.616386,79.727089
2021-03-31,6.063486,63.343182,2.396880,123.040359,35.367199,20.122824,30.990067,90.756859,63.767166,106.826859,80.348572
2021-04-01,6.022079,63.641186,2.385298,123.743462,35.676868,20.635532,31.372326,91.061058,65.049141,106.506569,80.993950
2021-04-05,,,,,36.116726,20.143330,31.618067,92.185753,66.393517,107.247787,82.834503
2021-04-06,6.107036,63.821575,2.419633,124.130173,36.197517,20.090008,31.554356,91.964508,66.110245,106.835991,83.193047
2021-04-07,6.129883,62.974586,2.440731,123.075516,35.573639,20.159739,31.709078,91.540459,66.460732,106.598068,82.944443
2021-04-08,6.176288,63.249073,2.417565,123.427063,35.618538,19.897230,31.718168,91.761673,67.421013,106.762802,83.336479
2021-04-09,6.135593,63.445129,2.401845,123.391907,35.928223,19.765976,31.991222,92.655869,68.069191,107.934105,84.130051
2021-04-12,6.125598,63.272598,2.405568,122.407585,36.053894,19.610113,32.127731,92.996979,67.742714,108.043907,84.670273
2021-04-13,6.154871,62.574631,2.382815,122.513031,35.968613,19.630619,31.827394,92.545258,68.381294,108.492317,85.564247
2021-04-14,6.074909,62.645210,2.406395,121.950577,36.228939,20.176146,32.018524,92.665092,67.656265,108.483162,84.722870
2021-04-15,6.126313,63.154968,2.349307,123.040359,36.655308,20.012079,31.991222,93.033836,68.818222,110.340775,85.330002
2021-04-16,6.182000,63.421608,2.377851,128.278366,37.099655,19.852114,32.218750,93.236649,68.803818,111.164360,85.989738
2021-04-19,6.184143,63.476513,2.453141,126.380020,36.929096,19.831602,32.127731,92.849472,68.232468,111.191780,85.024048
2021-04-20,6.107751,63.013805,2.359236,123.286430,36.574524,19.306591,31.527044,91.826210,67.627495,111.621887,83.953194
2021-04-21,6.059203,63.703938,2.330691,124.094994,37.238789,19.552689,31.963911,93.079964,68.309296,112.939606,85.071861
2021-04-22,6.224123,63.656883,2.354271,125.202354,36.610428,19.323000,31.608961,92.609795,67.507446,112.436325,84.130051
2021-04-23,6.236259,63.249073,2.355512,125.624199,37.211849,19.499372,32.200539,93.623825,68.515732,113.177536,85.009727
2021-04-26,6.168436,63.076542,2.410946,125.219933,37.431782,19.630619,32.327972,93.347282,68.866241,112.793190,85.382614
2021-04-27,6.105609,62.049179,2.531741,124.938698,37.333027,19.868517,32.582802,94.121635,68.698189,112.143501,85.282211
2021-04-28,6.031359,62.049179,2.599999,124.235611,37.436264,20.553499,32.710213,93.928055,68.059586,111.804909,85.181808
2021-04-29,5.952825,61.390423,2.645918,122.513031,37.669647,20.783195,33.292709,94.591805,68.001991,111.356514,85.205696
2021-04-30,5.902136,61.139465,2.683055,122.003319,37.270191,20.258179,33.001457,93.964943,67.075325,111.027084,85.535576
2021-05-03,5.965677,61.610008,2.668033,123.778603,37.826740,20.816002,33.165298,94.932877,66.888062,112.289909,85.129219
2021-05-04,5.858586,61.178680,2.636320,119.612816,38.239647,20.828312,33.429234,95.347710,65.687721,112.408875,84.240028
2021-05-05,5.917842,61.860966,2.691400,123.040359,38.724380,21.500990,33.702274,95.439896,65.529266,112.610176,83.977081
2021-05-06,5.902136,62.017818,2.685976,123.163399,39.052029,21.611729,34.202850,96.103630,66.187065,112.756584,84.158737
2021-05-07,5.902849,62.339355,2.683889,126.801880,39.438004,21.997293,34.384865,97.117661,66.753647,113.534409,84.914093
2021-05-10,5.907133,62.300140,2.758998,126.380020,39.262978,22.005493,34.357567,97.209854,65.068344,113.680824,83.403404
2021-05-11,5.757206,61.892342,2.712264,122.811867,39.393127,21.439463,33.747772,95.771751,64.871490,112.454636,82.461601
2021-05-12,5.705803,62.778522,2.743559,122.389992,38.401222,21.542006,33.401924,93.476357,63.046967,111.393127,79.669701
2021-05-13,5.777197,,2.723948,123.321609,38.989182,21.279495,33.938908,95.227882,63.882397,112.399704,80.233803
2021-05-14,5.857159,63.123592,2.798222,126.977661,39.455963,21.939869,34.475883,96.546120,65.289207,112.967049,81.624985
2021-05-17,5.823603,62.856956,2.779862,124.288345,39.801559,22.448473,34.539597,96.251137,64.809082,112.756584,81.476776
2021-05-18,5.802898,62.519730,2.812826,122.179077,39.361706,21.927561,34.057220,94.849907,64.290512,112.793190,80.840981
2021-05-19,5.687240,62.002121,2.747732,117.485954,38.760288,21.382042,33.847893,94.315224,64.516182,112.601044,80.162117
2021-05-20,5.764345,62.088406,2.769013,118.523010,38.782722,21.349224,33.866089,94.527260,65.750137,113.781502,80.984390
2021-05-21,5.845734,62.190342,2.811992,119.401878,38.868000,21.394346,34.202850,94.988205,65.390038,113.799782,80.578041
2021-05-24,5.825030,,2.802812,,39.213600,21.607630,34.366665,95.578163,66.551971,113.909599,81.376419
2021-05-25,5.830741,62.307980,2.816164,118.980042,38.881474,21.168753,34.020817,95.292397,66.571167,113.571007,81.634560
2021-05-26,5.825030,62.731472,2.799473,118.382401,38.894936,21.357430,34.120937,95.596611,66.566383,112.912148,82.413811
2021-05-27,5.816463,62.386410,2.877086,114.269348,39.204624,21.373835,34.512291,96.905647,66.215874,112.665092,82.743683
2021-05-28,5.813607,62.425610,2.879590,118.558174,39.164223,21.414850,34.575993,96.905647,66.451164,113.104301,82.628929
2021-05-31,5.751494,61.892342,2.857474,116.571960,,,,,,,
2021-06-01,5.757206,62.190342,2.902539,118.681213,39.711796,22.239286,34.785324,97.283607,66.124641,111.246696,82.471176
2021-06-02,5.697950,62.778522,2.900036,119.858902,39.379662,22.653561,34.839935,97.007050,66.580788,111.027084,82.088745
2021-06-03,5.634409,63.225552,2.925907,119.313995,39.370682,22.715082,34.921844,96.795013,65.961418,111.365646,81.113472
2021-06-04,5.662252,63.539238,2.872914,119.524925,39.455963,22.866848,35.012859,97.108444,67.228951,111.722542,81.763641
2021-06-07,5.713656,63.358868,2.888352,119.560066,38.975719,22.768410,34.785324,96.435501,67.214561,112.125198,81.763641
2021-06-08,5.720081,63.037331,2.836193,119.472191,39.047531,22.965286,34.694313,96.684418,67.219360,111.777451,82.423347
2021-06-09,5.720795,64.503860,2.821589,119.524925,38.742336,22.821724,34.366665,95.697990,67.267372,112.857239,81.969200
2021-06-10,5.683671,65.531212,2.875834,118.733963,38.508942,22.793015,33.966213,95.227882,67.761917,114.788078,82.356438
2021-06-11,5.727221,65.343002,2.866237,120.157707,38.652573,22.715082,34.184631,95.421463,68.165230,113.973648,82.805832
2021-06-14,5.784336,65.750809,2.868741,119.296425,38.176815,22.616646,33.829689,94.988205,68.856628,114.074318,82.829720
2021-06-15,5.768629,66.103722,2.859144,121.809967,38.096024,23.047316,33.893398,95.393806,68.434105,114.110924,82.389885
2021-06-16,5.863584,66.801697,2.807402,120.210434,37.674137,22.924267,33.856998,94.490387,68.064407,113.671677,82.428146
2021-06-17,5.767917,67.389862,2.805733,120.755318,36.834839,22.144947,32.855843,93.033836,68.851837,114.540993,82.738899
2021-06-18,5.750067,67.225174,2.744394,117.503540,36.237911,21.488678,32.064034,91.826210,68.222855,113.232445,82.303841
2021-06-21,5.797186,67.570244,2.737300,119.964355,36.990250,22.404415,32.812374,93.845924,68.953995,114.592972,82.938225
2021-06-22,5.788620,67.280075,2.743559,120.140121,37.138996,22.553585,32.867203,93.947647,69.579330,114.841003,83.718636
2021-06-23,5.690810,66.621315,2.733545,120.280754,36.900101,22.615736,32.931164,93.734932,69.502373,114.363297,84.364975
2021-06-24,5.735788,66.723274,2.769013,118.857002,37.017292,22.810488,33.342350,94.465508,69.940094,114.951233,84.652245
2021-06-25,5.717938,66.393890,2.800308,120.333466,37.021786,22.930656,33.744400,94.650452,69.858330,115.474861,85.188454
2021-06-28,5.692952,66.589943,2.722696,117.942978,37.021786,22.155804,33.497673,94.151085,70.589462,115.649429,85.207642
2021-06-29,5.738643,66.323296,2.732293,118.294525,37.003765,22.048069,33.378895,93.966156,71.104164,115.778023,85.418289
2021-06-30,5.591572,66.127235,2.686810,117.433235,37.102936,22.321541,33.525101,94.696716,71.027191,115.704536,85.485321
2021-07-01,5.603710,66.205673,2.745229,117.890251,37.305782,22.711044,33.790081,95.371788,71.147461,116.733421,85.968872
2021-07-02,5.605137,66.284088,2.689314,117.644173,37.359882,22.661314,33.753525,95.519753,72.085449,117.854187,86.725342
2021-07-05,5.644403,66.025291,2.725199,117.503540,,,,,,,
2021-07-06,5.669391,66.307617,2.638824,116.202843,36.805424,21.923759,33.223568,94.604233,72.359596,117.743950,86.825882
2021-07-07,5.757206,66.636993,2.624637,117.749634,37.188587,21.567408,33.269253,95.547485,72.754044,118.488052,86.778008
2021-07-08,5.627983,65.962547,2.551614,115.148209,36.683720,21.443104,32.602222,94.215843,72.066200,117.835815,86.562546
2021-07-09,5.657255,66.613464,2.611701,116.747726,37.404961,21.898895,33.543377,95.704704,72.730003,118.240028,87.371674
2021-07-12,5.755778,66.997749,2.619630,117.362923,37.526661,21.865747,33.872318,95.834167,72.787704,118.469688,87.970169
2021-07-13,5.752922,66.738945,2.573313,118.382401,37.184071,21.700005,33.506824,94.909409,73.085945,118.359444,86.916840
2021-07-14,5.728649,66.566414,2.590421,117.380501,37.107445,21.053606,33.351479,94.900162,73.624702,118.249207,86.758873
2021-07-15,5.662966,65.735115,2.604608,114.462692,37.111954,20.759413,33.461132,95.085121,73.018608,117.835815,86.289642
2021-07-16,5.718654,66.244865,2.535341,113.724442,36.552994,20.171019,33.004261,94.243561,72.297081,118.157349,85.226768
2021-07-19,5.555723,65.154778,2.448966,110.806641,35.768658,19.458323,32.081383,92.273804,71.301384,116.917168,84.250076
2021-07-20,5.562298,65.358681,2.465657,111.650337,36.174351,19.719368,32.876339,94.853912,72.359596,118.341080,85.806091
2021-07-21,5.706233,64.903824,2.562046,114.515427,36.571026,20.407202,33.442856,95.760193,73.057098,118.533981,86.596092
2021-07-22,5.813635,65.735115,2.569140,117.767204,36.584538,20.179304,33.077366,95.408798,73.595825,119.406685,86.969521
2021-07-23,5.881585,66.323296,2.608781,118.259369,36.841492,20.104721,33.132183,95.815697,74.326988,120.784691,87.745117
2021-07-26,5.904233,65.491997,2.661357,118.136330,37.152519,20.601952,33.324078,95.769455,74.288490,120.003853,88.396271
2021-07-27,5.817288,65.311630,2.633400,117.081703,37.202103,20.411348,33.314941,95.242332,73.586205,120.564232,87.500954
2021-07-28,5.885238,65.860596,2.553283,117.099274,37.310284,20.597815,33.269253,95.020378,73.494812,120.995979,87.218483
2021-07-29,5.856012,65.499847,2.618795,117.046532,37.720490,20.796701,33.634754,95.769455,73.836342,121.289970,88.199966
2021-07-30,5.684314,65.782166,2.576651,115.640358,37.873753,20.465216,33.369759,95.584496,73.788239,121.400185,86.385429
2021-08-02,5.654358,65.695915,2.558708,118.733963,37.413975,20.311899,33.378895,94.927910,73.523682,121.565575,86.634361
2021-08-03,5.621479,65.468483,2.589586,118.523010,37.801628,20.659958,33.753525,96.167084,73.995071,123.255875,87.275917
2021-08-04,5.628055,65.366531,2.616709,121.106880,37.441010,20.100574,33.470276,94.863167,74.144196,122.732246,86.428505
2021-08-05,5.663856,65.327309,2.628810,124.253204,37.386925,20.328472,33.908859,95.307053,74.553055,122.226997,87.256775
2021-08-06,5.668970,65.484161,2.692653,123.304008,37.927845,20.514933,34.594181,95.750938,74.490524,122.125916,86.663094
2021-08-09,5.697465,66.386032,2.699746,121.827538,37.882771,20.224884,34.685551,95.371788,74.250023,122.594437,86.543396
2021-08-10,5.690159,66.511520,2.721027,122.337288,38.455242,20.581234,35.051041,96.342827,73.716080,122.309662,86.883347
2021-08-11,5.723038,66.895790,2.750236,124.499275,38.996170,20.742836,35.453094,97.591240,73.725716,121.097031,87.137100
2021-08-12,5.731074,67.240868,2.733545,125.325409,38.933071,20.722115,35.517048,97.406296,74.148994,122.052467,87.175392
2021-08-13,5.763953,67.413399,2.723530,124.903534,38.969124,20.477646,35.252056,97.101105,74.553055,122.814926,86.926430
2021-08-16,5.733267,67.374191,2.671371,124.552017,38.775299,20.100574,35.160686,97.434036,74.889771,124.211288,86.524239
2021-08-17,5.682122,68.025101,2.622550,125.325409,38.329029,19.893396,34.913986,96.379791,74.269249,125.681099,84.470314
2021-08-18,5.739111,68.032944,2.634234,125.290245,37.882771,19.479042,34.484516,95.325569,73.244698,123.770294,84.771927
2021-08-19,5.788064,66.982056,2.564132,121.897842,37.544689,18.973524,34.228683,94.659714,73.961403,124.330688,84.230919
2021-08-20,5.845783,67.029121,2.567054,121.792374,37.765564,19.014956,34.438839,94.909409,74.913803,125.038071,85.040062
2021-08-23,5.722307,67.421242,2.605025,122.671242,38.090130,19.727655,34.722099,95.686226,75.880669,125.083969,86.136436
2021-08-24,5.690159,66.284088,2.598766,123.163399,38.329029,20.055000,34.932259,96.167084,75.794083,124.643036,86.744499
2021-08-25,5.670432,65.735115,2.670537,122.108757,38.504833,20.208309,35.343433,96.786697,75.750786,124.303169,87.079651
2021-08-26,5.609789,66.064507,2.633817,122.214249,38.238876,19.901684,35.169838,96.361282,75.274590,123.816277,86.275284
2021-08-27,5.610520,66.095871,2.642162,123.637985,38.743740,20.432064,35.635841,97.027122,76.000923,123.678459,87.060478
2021-08-30,5.660933,65.931190,2.606277,124.288345,38.703167,20.191736,35.133278,96.916176,76.818649,124.376625,87.716423
2021-08-31,5.638284,66.495827,2.610033,123.778603,38.590473,20.055000,35.087597,96.647972,76.414604,124.211288,87.927055
2021-09-01,5.701849,66.393890,2.653429,122.372429,38.491306,19.760801,34.886562,96.278069,76.433823,124.248032,87.922302
2021-09-02,5.690159,66.229195,2.620047,124.552017,38.739239,20.262182,35.005360,97.313828,76.352043,125.580063,87.917496
2021-09-03,5.641937,65.382202,2.567054,125.307846,38.482288,20.146156,34.786057,96.721947,76.655113,125.717857,87.864830
2021-09-06,5.636823,65.586121,2.595428,129.016632,,,,,,,
2021-09-07,5.545494,64.778343,2.616709,128.383835,38.229855,20.025995,34.575897,95.048126,76.674362,124.982948,88.123367
2021-09-08,5.492888,63.641186,2.556204,123.884094,37.864742,19.769091,34.493652,95.177567,76.380913,124.927826,88.223923
2021-09-09,5.501657,62.566780,2.555370,125.975754,37.878265,19.810528,34.594181,94.715202,76.092316,123.485550,88.109001
2021-09-10,5.388408,61.696274,2.539514,128.383835,37.869251,19.802237,34.338329,94.289795,75.341919,122.355576,87.567978
2021-09-13,5.479006,61.641380,2.598766,128.788101,37.860218,20.369909,34.731224,94.539482,75.365982,121.602310,87.783440
2021-09-14,5.432246,61.798229,2.579571,129.930634,37.445522,20.075718,34.265232,93.402039,75.269760,121.583923,87.491371
2021-09-15,5.132687,61.366898,2.577903,128.946304,37.842201,20.825706,34.594181,94.428543,75.928772,122.373962,88.056335
2021-09-16,5.115151,61.084568,2.590421,131.635620,37.431992,20.589523,34.493652,93.781181,75.972046,122.061623,88.458481
2021-09-17,5.084466,60.731659,2.537010,131.407104,36.661175,20.436209,34.338329,92.782425,74.788750,122.181030,88.147316
2021-09-20,4.997520,60.551289,2.415167,124.780495,35.956711,19.812149,33.541759,91.718292,73.426529,120.906067,86.135834
2021-09-21,5.040627,60.441490,2.419756,128.331100,35.870689,19.858286,33.495880,91.235863,73.455452,121.090454,86.265289
2021-09-22,5.070583,60.096420,2.498204,131.477417,36.241940,20.470598,34.055664,91.959518,74.462524,121.293274,87.440041
2021-09-23,5.172141,60.629711,2.572895,132.057449,36.758064,21.187765,34.890778,93.369698,75.459991,122.169083,88.327118
2021-09-24,5.127573,60.355232,2.586248,130.036087,36.703743,21.347132,35.074310,93.564537,75.512993,121.671227,88.657967
2021-09-27,5.075697,60.119949,2.672623,129.438477,36.988964,22.106232,35.551521,93.657295,74.780556,119.938087,89.132660
2021-09-28,4.995328,59.696461,2.570392,125.799995,36.531700,22.181726,34.964191,92.571823,72.563988,117.882263,87.416084
2021-09-29,4.963181,60.566959,2.634234,126.046066,36.382294,22.181726,34.991726,92.673882,72.472427,118.813393,87.502373
2021-09-30,4.859431,60.253281,2.617543,124.727760,35.816368,21.846212,34.441109,90.771980,71.952019,117.356781,86.044731
2021-10-01,4.916420,59.649406,2.606694,121.018982,36.386818,22.580147,35.010082,92.015152,73.036209,117.384445,86.692039
2021-10-04,4.922996,59.845470,2.607946,119.401878,36.228359,22.949215,34.707241,91.514175,71.344849,115.595970,86.006371
2021-10-05,4.963181,59.602348,2.718940,121.159607,36.549801,23.083420,35.386333,92.534721,72.361603,116.287399,86.351616
2021-10-06,4.915689,59.272972,2.703084,118.804245,36.481892,22.840170,35.423031,92.942924,72.833832,116.075371,86.624916
2021-10-07,5.043549,60.198372,2.780279,121.071716,36.957279,23.016319,35.634109,93.666595,73.498795,117.614922,87.972290
2021-10-08,5.055241,60.072895,2.795718,120.983833,36.753536,23.725096,35.808475,93.657295,73.224152,117.024895,87.569534
2021-10-11,4.930303,60.151321,2.794884,119.858902,36.758064,23.637020,35.450577,92.905815,72.819374,116.112244,87.214691
2021-10-12,4.942723,60.041527,2.823675,119.647972,36.807869,23.657993,35.340450,92.599640,72.443520,115.549873,87.905174
2021-10-13,4.990214,59.994469,2.733962,120.298340,37.084045,23.637020,35.138561,92.794495,72.886818,115.734268,88.336685
2021-10-14,5.070583,59.963100,2.738135,123.971954,37.984993,23.926399,35.725876,94.547951,74.529999,117.393661,89.262115
2021-10-15,5.055241,60.331692,2.791963,124.147713,38.098175,24.043833,36.258141,95.457153,75.127510,117.974472,90.628670
2021-10-18,5.045742,59.853310,2.779027,122.917320,38.071014,24.060606,36.267326,95.522102,75.763565,117.172401,91.736305
2021-10-19,5.173602,60.143475,2.805316,123.602829,38.270222,24.333214,36.625225,96.088036,76.515259,118.711952,91.477379
2021-10-20,5.267854,60.951252,2.804064,124.885971,38.578079,24.530327,36.918884,96.691078,76.303261,120.408249,91.410248
2021-10-21,5.240821,60.817924,2.765258,121.792374,38.478481,24.077383,36.762871,96.885910,76.597176,120.896828,92.752815
2021-10-22,5.207212,60.810085,2.738969,122.653664,38.406040,24.303858,37.276779,97.229195,76.332176,121.385422,92.421967
2021-10-25,5.158989,60.402279,2.769430,122.179077,38.790878,24.660343,37.230900,97.451859,76.582733,121.532944,94.713936
2021-10-26,5.220363,61.068882,2.801143,124.235611,38.899529,24.802937,37.258434,96.848793,76.799576,122.132195,94.728333
2021-10-27,5.272239,59.618034,2.721444,123.655548,38.342663,24.089968,36.643566,95.716942,76.732101,121.164200,94.939285
2021-10-28,5.311692,60.010155,2.737717,122.899742,38.722961,24.261919,37.093250,96.913742,77.503082,122.178284,96.200356
2021-10-29,5.286850,59.320026,2.775412,123.286430,38.537334,24.102547,36.946415,96.941574,77.835571,123.367546,96.449699
2021-11-01,5.322651,60.057209,2.832165,123.690720,38.627895,24.517748,36.964775,97.210617,77.719955,123.220009,98.219009
2021-11-02,5.283197,60.261112,2.790659,127.434654,39.067039,24.287079,37.056541,97.535324,78.404198,123.994385,97.557327
2021-11-03,5.301463,59.970943,2.803789,126.713997,39.474525,24.085770,37.194191,97.321960,78.861954,124.722717,99.312271
2021-11-04,5.298540,59.861145,2.742376,128.260803,39.451870,24.119318,36.707821,97.711617,80.095520,123.865341,100.650055
2021-11-05,5.329226,59.672932,2.781765,127.944397,39.759739,24.433868,36.726166,98.704323,80.509941,122.482529,101.297356
2021-11-08,5.256894,59.649406,2.742800,128.454147,40.257755,24.656147,36.928066,99.112534,80.943619,123.210785,99.863686
2021-11-09,5.183101,59.508244,2.703411,128.049850,40.443375,24.756804,36.726166,99.363014,80.611122,122.759071,98.017647
2021-11-10,5.231322,60.072895,2.720776,129.157227,40.167206,24.102547,36.661919,98.806366,79.281174,123.109390,97.653236
2021-11-11,5.186754,59.743515,2.727553,132.848450,40.488651,24.194815,36.762871,98.398140,79.652229,122.749832,97.389511
2021-11-12,5.186754,59.774879,2.698329,130.422791,40.791996,24.136097,36.845478,99.177467,80.620766,123.358299,97.715538
2021-11-15,5.224016,59.759205,2.720352,131.881683,40.606369,24.337412,36.845478,99.363014,80.538834,122.593124,97.634048
2021-11-16,5.177987,59.994469,2.718235,134.992859,40.493195,24.375154,36.808762,99.381592,81.386925,123.109390,99.173195
2021-11-17,5.164104,59.774879,2.710611,135.994781,40.226063,24.001894,36.386616,98.787811,81.141174,123.284554,99.806145
2021-11-18,5.145107,59.406284,2.658093,136.082642,40.054031,23.859295,36.203087,98.583702,81.950699,123.330627,100.937721
2021-11-19,5.077889,59.633720,2.590752,136.399017,39.981583,22.928244,35.808475,98.091988,82.548218,122.583923,101.374054
2021-11-22,5.079351,59.751358,2.627599,137.031815,40.044971,23.335056,36.313206,98.361053,81.627876,122.030792,101.119949
2021-11-23,5.046473,60.386597,2.594987,134.764343,40.085720,24.052221,36.882172,98.528038,81.439926,122.159836,100.386337
2021-11-24,5.147300,60.033684,2.568304,133.533951,39.800491,24.287079,36.799580,98.416702,82.032631,122.113770,100.592491
2021-11-25,5.223285,60.049366,2.588211,134.975266,,,,,,,
2021-11-26,4.979985,58.598522,2.357385,127.645592,39.116852,23.309895,35.579060,95.754044,79.984711,121.662018,97.849815
2021-11-29,4.960258,58.222088,2.357808,127.047951,39.297955,23.444096,35.689163,95.921036,81.984421,121.993927,99.369797
2021-11-30,4.900345,57.594692,2.329431,124.165314,38.324554,22.894691,34.835716,93.490288,81.300194,119.596992,98.027229
2021-12-01,4.935417,58.222088,2.390420,130.088821,37.935192,22.651445,34.450279,92.191452,80.187096,119.384949,96.257904
2021-12-02,4.814862,57.877022,2.365432,129.895462,38.709381,23.309895,35.478107,94.928337,80.924332,119.965759,97.629242
2021-12-03,4.768102,57.696640,2.340868,128.788101,38.623360,23.125360,34.899948,94.817009,79.570297,120.186996,95.730461
2021-12-06,4.912036,58.527939,2.383220,131.248901,39.189289,23.469263,35.432224,96.422020,80.326805,120.869171,96.823708
2021-12-07,4.976332,58.700470,2.387456,134.553436,39.786903,24.018671,36.065426,97.405449,83.131279,122.427177,99.082100
2021-12-08,4.895963,58.676949,2.328161,133.235138,39.954418,24.014473,35.872719,97.646690,83.511955,123.349091,99.331451
2021-12-09,4.896693,58.535782,2.301902,132.725388,39.732586,23.829943,35.799294,97.340508,82.610878,123.634872,97.610062
2021-12-10,4.887926,58.551468,2.287925,132.742966,39.977051,24.006088,35.835999,97.739449,84.268478,124.068146,98.290955
2021-12-13,4.825091,58.457355,2.251925,132.321121,39.737099,23.339252,35.450577,96.728188,83.015648,125.238976,95.759239
2021-12-14,4.841165,58.590683,2.275643,129.473618,39.696358,23.242796,35.661644,95.809692,81.651955,124.731895,95.203026
2021-12-15,4.893041,58.818108,2.250231,130.563416,39.782375,23.129555,35.762589,96.644707,83.815529,127.285568,96.411346
2021-12-16,4.857239,62.190342,2.343408,131.828964,40.189842,23.276339,36.212261,96.691078,81.439926,128.041534,94.282410
2021-12-17,4.928841,62.582474,2.350609,129.983337,39.687305,22.802425,35.413864,95.039680,80.895424,127.147285,93.639877
2021-12-20,4.860892,61.649216,2.333244,127.153412,38.978363,22.519918,34.725979,93.517052,79.933258,126.377304,92.128159
2021-12-21,4.993867,62.237404,2.381103,128.823257,39.469803,23.161407,35.445206,95.379578,81.956093,126.904823,94.514824
2021-12-22,5.023823,62.229553,2.384915,129.754852,39.783768,23.310095,35.611183,95.649635,83.027840,128.385483,96.238777
2021-12-23,5.053048,62.754997,2.457762,132.022324,40.184196,23.322840,35.795612,96.776474,83.491302,128.912994,97.573761
2021-12-27,5.061816,62.896160,2.476398,132.532059,40.789394,23.832628,36.164448,97.800873,85.282410,130.273407,98.524567
2021-12-28,5.140723,63.405918,2.482751,134.307358,41.026020,23.815634,36.182892,98.294411,84.838272,129.931015,98.567787
2021-12-29,5.121727,62.998119,2.475551,133.393326,41.194386,23.662699,36.136791,98.471352,84.910675,130.671326,98.764671
2021-12-30,5.148030,62.958912,2.490798,134.184296,41.048759,23.518257,36.072224,98.117493,84.350670,130.939713,98.409325
2021-12-31,,,,,41.230785,23.577730,36.007687,98.536560,83.940308,130.384460,98.174019
2022-01-03,5.256894,62.998119,2.499268,135.098312,40.693840,24.308430,36.450294,97.726349,84.736877,129.042557,100.992836
2022-01-04,5.240090,63.107906,2.568728,136.592377,41.194386,25.149582,37.409271,99.691299,83.838913,127.339752,100.378181
2022-01-05,5.202096,63.601982,2.572963,138.824692,41.189827,25.145330,36.975880,98.741417,81.260902,126.432831,97.669792
2022-01-06,5.077158,63.994099,2.613622,135.485031,40.671093,25.706100,37.519924,99.197746,80.850517,124.970627,97.415291
2022-01-07,5.047934,64.096062,2.636493,133.727295,40.634689,26.058704,37.962524,99.169792,80.107018,124.332100,95.792175
2022-01-10,5.063276,64.613655,2.639035,129.965775,40.220604,25.977991,37.833427,98.052284,80.121544,125.609215,95.206337
2022-01-11,5.064008,64.856766,2.641999,132.092621,40.661995,26.861620,38.165386,98.638985,81.082260,126.608681,96.123528
2022-01-12,5.057432,64.229378,2.637340,133.780029,41.071526,26.912598,38.193043,98.955612,81.463646,126.247772,96.757401
2022-01-13,5.085926,64.699913,2.648776,133.147263,40.752995,26.776659,38.045509,99.169792,79.353928,124.285820,94.812553
2022-01-14,4.973409,64.558762,2.682235,128.190475,40.407173,27.405397,37.649017,98.573799,80.024979,124.073021,94.370743
2022-01-17,5.014325,64.660706,2.673764,128.313522,,,,,,,
2022-01-18,4.976332,64.386223,2.659788,125.325409,39.874775,27.515848,36.809914,97.437660,78.103516,122.333168,92.584373
2022-01-19,4.976332,63.884315,2.655129,126.854622,39.774670,27.316183,36.192112,96.348099,77.012474,121.833412,90.913254
2022-01-20,5.116613,63.829414,2.651740,129.104492,39.196777,27.065535,35.961586,95.118820,76.017937,121.037544,89.256531
2022-01-21,5.045011,62.637367,2.611081,127.012810,38.241199,26.530260,35.223911,94.243431,74.506844,119.815979,86.639381
2022-01-24,5.007446,60.190533,2.492915,120.790489,38.263947,26.708687,35.325344,94.783546,74.893066,119.418045,87.681442
2022-01-25,5.008196,60.559120,2.561104,121.739647,37.918125,27.745256,35.472878,93.852310,73.159897,118.649940,86.197586
2022-01-26,5.045011,61.296310,2.655976,124.130173,37.522247,27.698524,35.565079,93.032791,73.589577,118.029884,85.779816
2022-01-27,5.147940,62.480511,2.711882,123.479782,37.649651,28.000153,35.242348,92.203979,73.082672,118.335289,83.700508
2022-01-28,5.072810,62.245243,2.665294,121.581459,37.868073,27.881201,35.703411,92.846558,76.278648,120.750671,85.525307
2022-01-31,5.094597,62.841267,2.621246,122.934898,38.427765,28.004395,36.016914,93.815056,78.195259,121.444748,88.814735
2022-02-01,5.149443,63.601982,2.680964,123.866493,39.019310,29.002735,36.514835,95.109505,78.398026,121.768661,89.352562
2022-02-02,5.145686,61.657066,2.689858,123.497383,39.142174,29.096195,36.763802,95.770706,79.035286,123.406700,88.819534
2022-02-03,5.093094,62.331505,2.794471,120.245605,38.459606,28.820063,36.358089,94.243431,76.742096,122.879181,86.101540
2022-02-04,4.987912,62.613842,2.756353,116.747726,37.822571,29.270374,36.975880,93.228363,77.051071,122.434975,88.550621
2022-02-07,4.831641,63.053020,2.790236,119.173393,37.636002,29.644213,37.086540,93.302887,76.539330,122.222122,88.368141
2022-02-08,4.756509,62.911850,2.855460,120.052238,38.218445,29.006977,37.602917,94.234138,77.485565,123.221550,89.611893
2022-02-09,4.866201,63.202026,2.907978,121.423264,39.051159,29.249128,37.842655,95.528587,79.204254,124.174782,90.797989
2022-02-10,4.832392,62.856956,2.949060,127.153412,38.823650,29.066452,37.510708,93.964058,77.133148,122.231377,89.232513
2022-02-11,4.803842,62.558941,2.949060,127.840355,38.223000,29.911865,36.985107,92.529930,74.777206,120.537811,86.668198
2022-02-14,4.748246,62.104073,2.834707,126.086876,37.909023,29.206656,36.570164,92.185364,74.753059,119.306999,87.162819
2022-02-15,4.830139,62.809898,2.899508,129.611877,38.605232,28.900774,37.068100,93.572937,76.717949,120.648865,89.112480
2022-02-16,4.890994,63.311806,2.862236,128.834564,38.887352,29.134434,37.095757,94.066536,76.640717,120.833954,89.366982
2022-02-17,4.869957,62.723637,2.829201,126.086876,38.223000,29.087698,36.173672,92.343666,74.347527,118.890541,86.975533
2022-02-18,4.834646,62.605999,2.813953,123.230705,38.159294,28.909271,36.164448,91.580048,73.594421,118.002144,86.437698
2022-02-21,4.730215,61.821754,2.783036,120.736099,,,,,,,
2022-02-22,4.766277,62.190342,2.779647,119.344170,37.617802,28.441963,35.980030,90.695358,72.913704,117.706001,83.916588
2022-02-23,4.743738,62.464828,2.742376,118.892235,37.135464,28.735094,35.352997,89.028381,71.088791,117.113708,81.112175
2022-02-24,4.652079,61.704117,2.531457,112.239922,37.026253,28.509939,34.928837,90.164528,73.517159,117.585686,82.965775
2022-02-25,4.920295,63.421608,2.641576,117.247246,38.377705,29.261877,36.053791,92.315750,74.516502,121.185608,84.608116
2022-02-28,4.957860,63.005955,2.528069,114.481461,37.940872,29.984079,35.518986,93.023483,74.381325,120.269470,85.203545
2022-03-01,4.638556,63.194176,2.396774,108.877602,37.067204,30.285702,34.209606,91.635933,72.894363,119.603134,83.911812
2022-03-02,4.635550,63.547081,2.479362,111.896454,37.881718,30.978165,35.094822,93.591560,74.473061,121.407730,85.674187
2022-03-03,4.474019,62.331505,2.431079,109.926071,37.927212,31.063135,34.984177,93.694016,73.584747,122.027763,83.734123
2022-03-04,4.259898,60.668919,2.302749,102.333748,37.795261,31.959507,34.329479,93.489136,72.295738,122.638573,82.403946
2022-03-07,4.178005,60.268951,2.228631,102.839897,36.484764,32.431068,33.075436,90.984024,69.650124,120.500801,78.365372
2022-03-08,4.298965,60.916676,2.284537,104.394524,36.298195,32.940861,32.881802,90.425285,69.312180,118.039146,78.528664
2022-03-09,4.537130,61.965122,2.450139,115.439545,37.422131,31.934019,34.089737,92.064285,72.054359,120.269470,81.054558
2022-03-10,4.311738,62.726891,2.416680,111.245689,37.522247,32.911114,33.803890,91.943245,70.794312,120.223198,81.630798
2022-03-11,4.303474,63.464085,2.425997,115.041847,37.244671,32.647728,33.564148,91.207542,69.548744,119.325508,80.060509
2022-03-14,4.371842,65.061333,2.503080,116.741081,37.190071,31.670631,33.988308,91.514862,68.259727,120.167648,78.725533
2022-03-15,4.377101,65.225151,2.526798,116.018005,37.617802,30.510866,34.467804,92.967628,70.552917,122.564545,81.361877
2022-03-16,4.375598,65.069519,2.674188,123.140350,38.209354,30.370668,35.435989,94.196877,72.846092,124.035965,84.137489
2022-03-17,4.297463,66.027870,2.660211,121.603783,38.941956,31.415741,35.878593,95.407501,73.362686,125.997864,85.539711
2022-03-18,4.327515,66.167122,2.642846,122.959557,39.178574,31.385992,35.961586,95.770706,74.864120,126.775246,87.340500
2022-03-21,4.375598,66.019684,2.650470,120.284180,39.504230,32.651207,35.926403,95.986542,74.721916,126.678726,86.608971
2022-03-22,4.374847,65.692039,2.694517,120.392624,39.718910,32.411034,36.509609,96.509796,75.795639,126.706528,88.758804
2022-03-23,4.289199,65.454498,2.651740,118.404167,39.536205,32.968590,35.833839,95.584763,74.630020,124.432182,87.657448
2022-03-24,4.335028,65.913200,2.595410,117.608780,40.330944,33.050076,36.120808,96.313576,76.569511,125.917480,88.340378
2022-03-25,4.375598,66.109779,2.589481,116.036087,40.783138,33.774899,36.583660,96.911552,76.525986,126.502373,88.186470
2022-03-28,4.416169,66.511139,2.608964,116.777245,40.600433,32.938576,36.481827,96.939598,77.435287,127.421349,90.538315
2022-03-29,4.565679,66.806015,2.751694,121.531487,40.942997,32.852791,36.565144,97.836555,79.079758,128.173325,92.115822
2022-03-30,4.580705,66.879730,2.661905,117.518402,40.805977,33.234501,36.305946,97.724449,78.025352,128.423935,90.716270
2022-03-31,4.558917,66.552101,2.625905,113.577621,40.262436,32.784168,35.472813,96.220131,76.869377,127.170715,88.975227
2022-04-01,4.585964,66.019684,2.694517,114.517616,40.687210,33.050076,35.380241,95.472633,76.642067,128.173325,89.085831
2022-04-04,4.590472,66.945267,2.702141,113.631851,40.696350,33.092976,35.222881,95.351158,78.097900,127.105705,91.086594
2022-04-05,4.682131,67.231949,2.659788,110.269531,40.372063,32.574013,35.000713,93.996361,76.453445,127.374939,88.951187
2022-04-06,4.664100,68.829201,2.573387,106.654144,39.906174,32.767010,34.760033,93.267555,74.644493,129.315155,86.681099
2022-04-07,4.634048,69.484489,2.574657,104.810280,40.166519,33.195896,34.723000,93.585251,74.760590,131.803040,87.123566
2022-04-08,4.740733,71.040787,2.641152,106.744514,40.413166,34.109432,35.074764,93.061996,73.715858,132.592117,86.320412
2022-04-11,4.723453,71.917221,2.675035,105.027206,40.212196,33.084393,34.917389,92.763000,71.858589,129.955673,84.718842
2022-04-12,4.694152,70.991631,2.653858,105.424904,40.221333,33.633358,34.537853,92.613525,71.539391,128.693161,84.906418
2022-04-13,4.656587,70.999817,2.645811,105.099510,40.815109,34.135166,34.537853,93.482452,72.690506,129.324432,87.017776
2022-04-14,4.659592,71.565002,2.670376,105.750290,40.678082,34.246677,34.149071,93.379677,70.925117,128.702454,85.800980
2022-04-18,,,,,40.714626,34.748470,34.352715,93.052650,71.157295,127.282112,86.060692
2022-04-19,4.643815,71.335663,2.678423,105.858765,41.098297,34.465408,34.824821,94.743851,72.492195,128.498230,88.556808
2022-04-20,4.631793,70.737717,2.720776,108.244911,41.358639,34.598362,35.065502,95.257744,72.424500,130.224854,87.416962
2022-04-21,4.590472,70.639420,2.736023,111.173370,40.682648,33.500416,34.510090,94.286003,71.195961,128.785980,86.570503
2022-04-22,4.517595,70.467407,2.681811,106.871056,39.161674,32.681221,33.482559,91.968811,69.203262,124.088669,84.560135
2022-04-25,4.585212,70.377304,2.586940,104.828362,39.052055,31.600435,33.538105,91.968811,70.243134,124.924194,85.170952
2022-04-26,4.577700,70.631233,2.411173,102.152962,38.449142,31.643328,32.695713,89.959946,67.626495,122.724045,80.861649
2022-04-27,4.562674,71.106308,2.385338,103.129135,39.015518,32.106525,32.667953,90.296303,68.627701,122.454865,80.871269
2022-04-28,4.673115,71.171837,2.374552,105.081444,39.632122,33.080101,33.084515,91.314766,71.374916,124.144379,82.530540
2022-04-29,4.671612,70.860573,2.430206,106.455292,38.837379,32.230904,31.945904,88.894760,68.400360,120.950943,78.336685
2022-05-02,4.637804,70.147957,2.364198,104.051056,38.718628,32.745571,31.955154,89.081642,69.440247,120.199005,79.481331
2022-05-03,4.694903,70.319977,2.435383,103.544884,39.152550,33.663383,32.371719,89.670288,69.561165,120.579636,79.284164
2022-05-04,4.653581,69.877655,2.391809,104.647598,40.422298,35.061562,33.362225,92.267815,72.003693,123.253220,81.611946
2022-05-05,4.549150,69.812126,2.320625,105.370674,39.170811,34.534031,32.390247,89.857132,68.540611,120.858154,77.038124
2022-05-06,4.513839,69.353432,2.286974,103.617203,38.609013,35.563366,32.158817,89.249840,67.989243,120.477524,76.061775
2022-05-09,4.412413,68.296791,2.243400,100.959885,37.389492,32.621189,31.390482,87.091446,65.358093,117.358360,72.820221
2022-05-10,4.389121,68.730919,2.272305,103.689507,37.156540,32.917126,31.112772,86.521500,66.354454,117.776108,72.603790
2022-05-11,4.492803,69.386200,2.323645,105.569527,37.174809,33.358883,30.825802,85.736649,64.260155,116.996323,70.001884
2022-05-12,4.386117,69.779358,2.289562,102.948357,37.106293,33.500416,30.594387,85.895477,63.597549,118.128868,70.482819
2022-05-13,4.460496,70.737717,2.353844,104.918747,37.677238,34.645531,31.038708,86.988678,65.711166,119.382095,73.257881
2022-05-16,4.498061,71.696068,2.329253,102.677208,37.608730,35.559078,30.779518,86.867226,65.130753,120.264000,71.675560
2022-05-17,4.515341,71.597771,2.396986,105.298363,38.672951,35.970810,31.603394,88.838699,67.017059,121.916435,73.483925
2022-05-18,4.461247,71.261932,2.364198,102.695282,37.471710,35.048702,30.733232,85.531082,63.950611,118.769409,68.679268
2022-05-19,4.459744,70.188919,2.364630,101.646812,37.736618,34.920033,30.529579,84.764908,63.249310,119.029335,68.727348
2022-05-20,4.600239,71.016212,2.367650,104.014900,37.645267,35.070141,30.474041,83.849243,63.389557,120.477524,67.529800
2022-05-23,4.607751,71.818932,2.459112,105.479126,38.334965,35.996548,31.464537,85.222740,64.845398,121.535812,68.034790
2022-05-24,4.537130,71.818932,2.496645,103.219505,38.115715,36.133781,31.399733,85.176041,63.882904,121.897865,66.284126
2022-05-25,4.607001,71.933601,2.547985,103.779892,38.284718,36.880039,31.649668,85.671257,64.627747,121.860748,68.155037
2022-05-26,4.646069,,2.605795,107.124138,38.988106,37.287491,32.380978,87.409134,66.180313,122.380577,71.497604
2022-05-27,4.647571,71.360229,2.623052,110.142990,39.901619,37.969418,32.927143,89.203102,68.419693,124.413597,73.950447
2022-05-30,4.629540,71.540436,2.655840,112.818382,,,,,,,
2022-05-31,4.540886,71.147263,2.601050,110.667229,39.294128,37.399002,32.834576,88.483658,67.931198,122.751900,74.325577
2022-06-01,4.450729,70.590279,2.575595,110.793762,38.901333,38.008018,32.306931,87.941711,67.728050,120.988068,73.551254
2022-06-02,4.473269,70.115189,2.570850,113.197998,39.974686,37.887928,32.751255,89.623566,69.367691,121.944252,75.802094
2022-06-03,4.436454,70.303589,2.557044,112.095291,39.586445,38.389732,32.279152,89.277855,67.708725,120.514656,73.584938
2022-06-06,4.529616,,2.621327,113.740303,39.960983,38.346848,32.371719,89.651588,67.713547,120.533234,74.320763
2022-06-07,4.498813,70.385490,2.587244,112.981071,40.248737,39.491974,32.621658,90.856918,68.521271,122.102074,74.137993
2022-06-08,4.392128,70.262634,2.575595,112.221855,39.412880,39.577751,32.047726,89.212463,67.747429,121.136642,73.700356
2022-06-09,4.304225,69.894043,2.507431,109.980301,38.481121,38.702824,31.242371,87.455864,65.938499,118.398071,72.368141
2022-06-10,4.117901,68.739105,2.329685,104.032974,37.302704,38.046619,30.113018,84.877029,63.404068,116.495010,69.482437
2022-06-13,4.048030,67.805321,2.252460,100.869507,35.845680,36.060871,29.215084,82.326248,60.593956,112.967407,66.274536
2022-06-14,4.006708,66.117973,2.263246,98.718346,35.571617,36.129498,28.965149,82.120674,60.976055,111.890572,66.221626
2022-06-15,4.174249,66.396461,2.321487,98.501427,35.562481,35.331760,29.289141,82.914894,62.262615,113.023087,68.082901
2022-06-16,4.057046,64.881134,2.274031,92.463722,34.279022,33.341721,28.548580,80.149178,59.728188,111.361397,64.749916
2022-06-17,4.088600,64.692741,2.326233,93.656799,34.219643,31.518953,28.631895,79.943604,60.274731,111.296417,65.456909
2022-06-20,4.123911,65.233345,2.410792,93.584488,,,,,,,
2022-06-21,4.105881,64.578056,2.413812,93.222939,34.737045,33.151821,29.203300,81.402000,61.808556,114.292648,67.329231
2022-06-22,4.020231,64.365097,2.420283,91.776794,34.290939,31.824713,29.138155,80.951523,61.546692,115.877464,67.199066
2022-06-23,4.073575,64.078400,2.343490,89.716011,33.821827,30.645052,29.026484,80.538612,62.468063,118.478401,68.254799
2022-06-24,4.141943,66.019684,2.381455,92.752945,35.164761,31.048389,30.096712,83.353989,64.713249,120.445427,70.857895
2022-06-27,4.063807,67.199188,2.390515,94.126793,34.875023,31.959158,29.994341,83.156906,64.276833,120.892876,70.115524
2022-06-28,4.114144,66.461998,2.396555,94.126793,34.502491,32.822212,29.696547,82.190308,62.351681,118.786041,67.314774
2022-06-29,4.058548,66.502960,2.360747,91.650253,34.254139,31.681583,29.529022,81.711678,62.477753,119.820808,67.261726
2022-06-30,3.921811,66.224449,2.319331,87.754662,33.849419,31.013693,29.268450,81.965080,61.643673,119.550468,66.273529
2022-07-01,3.991682,65.798515,2.315879,86.769470,34.088570,31.477758,29.668621,82.678299,61.784306,120.892876,67.493134
2022-07-04,3.967640,66.879730,2.315016,87.962547,,,,,,,
2022-07-05,3.814375,66.273605,2.215789,84.726768,33.403305,30.228695,29.566250,81.439537,62.560200,120.193710,69.001991
2022-07-06,3.888754,66.527519,2.179118,86.814659,33.614868,29.712603,29.491804,81.908760,63.098454,121.004776,68.775406
2022-07-07,3.954117,67.256531,2.256774,88.315048,33.913807,30.783838,29.919895,82.875374,64.402893,121.517487,70.549377
2022-07-08,3.945853,67.788948,2.254617,90.240234,33.582672,30.770823,29.854753,82.499992,64.431999,121.881073,70.559036
2022-07-11,3.938339,67.985535,2.208886,87.492554,33.490685,30.475908,29.612787,81.946281,63.544582,121.573441,68.625969
2022-07-12,3.890256,67.919998,2.128210,88.242729,33.426308,29.881746,29.426661,81.692917,62.676575,120.025925,68.211395
2022-07-13,3.851939,66.724106,2.110953,86.868889,33.233143,29.834034,29.166082,80.698151,62.511700,118.860611,68.770584
2022-07-14,3.632558,66.363701,2.016903,86.642921,32.621449,29.270226,28.607698,80.238327,63.083912,118.515671,68.712746
2022-07-15,3.756523,67.674271,2.075576,90.475243,33.131950,29.747293,29.575556,81.495834,64.194405,121.377670,69.821480
2022-07-18,3.833840,67.256531,2.081185,91.469482,33.210148,30.428204,29.463882,81.007851,63.573692,118.814011,70.023964
2022-07-19,3.884214,68.239449,2.167901,95.609100,34.221947,31.364985,30.347984,83.898300,65.513382,120.836945,72.169128
2022-07-20,3.762771,67.395775,2.123465,96.585266,34.281734,31.668573,30.459660,84.545830,66.536568,119.643684,73.354973
2022-07-21,3.708102,67.960960,2.116993,96.838341,34.769245,31.113443,30.655092,85.155823,67.472473,121.536125,75.032524
2022-07-22,3.689359,67.944572,2.099305,95.283714,34.520889,30.857565,30.478270,84.883682,66.541435,121.032753,74.598694
2022-07-25,3.709665,67.977325,2.118719,94.361786,34.663464,31.989511,30.673700,85.287231,66.119545,121.666656,73.957550
2022-07-26,3.698340,68.706345,2.103187,92.951782,34.428909,31.698933,30.245615,84.827362,65.047859,122.291229,71.576172
2022-07-27,3.694826,67.911812,2.147192,94.470245,34.842831,32.414539,30.710932,86.141197,67.845879,123.055702,74.285347
2022-07-28,3.743638,68.124771,2.095853,95.898338,35.459106,32.596695,30.934292,87.943054,68.878761,123.838799,75.562805
2022-07-29,3.833840,66.928886,2.105345,98.103729,35.932819,34.010532,31.371685,89.754280,69.935890,123.428604,78.493744
2022-08-01,3.868204,,2.064790,96.729874,35.643070,33.307957,31.111105,89.848129,69.785576,122.514969,78.884178
2022-08-02,3.798696,66.953461,2.057456,96.169495,35.279736,33.229881,30.766769,88.900299,69.290947,122.076820,78.344292
2022-08-03,3.807287,67.076324,2.099736,97.199875,35.316528,32.275753,31.232090,89.735535,71.133659,123.195511,80.253242
2022-08-04,3.836965,66.642204,2.122170,98.754501,35.339531,31.078743,31.129721,90.063972,71.458557,122.589577,80.581062
2022-08-05,3.866642,67.207382,2.157978,98.194115,35.463703,31.694603,31.353065,90.204742,71.293701,122.542953,79.207176
2022-08-08,3.929902,67.395775,2.203709,98.881035,35.661476,31.859402,31.334457,90.176575,70.687531,122.831963,79.563904
2022-08-09,3.911158,68.198494,2.205435,96.277946,35.486702,32.418873,31.492657,89.848129,69.979538,122.459053,78.296089
2022-08-10,3.895148,67.584167,2.255911,98.682182,36.493908,32.653072,32.199940,91.818901,71.890152,123.792183,80.503906
2022-08-11,3.904910,66.380089,2.274894,99.351036,36.618088,33.776340,32.581501,92.306885,71.608887,122.990433,80.094162
2022-08-12,3.932244,65.610123,2.300779,101.086433,37.307949,34.032219,33.093361,93.695824,73.034576,124.565895,81.906715
2022-08-15,,65.896820,2.276620,101.411812,37.284958,33.368679,33.084049,93.921059,73.495262,125.190514,82.470718
2022-08-16,3.984571,66.330940,2.294739,101.267197,37.491905,33.290600,33.326015,94.343361,73.296417,124.854919,83.381821
2022-08-17,3.980665,66.535713,2.261951,98.194115,36.976814,33.568165,33.158501,93.592598,72.772720,124.127747,82.485168
2022-08-18,3.976760,66.429237,2.261088,99.658348,37.091793,34.470268,33.195724,93.967972,73.150955,123.577751,82.461067
2022-08-19,3.907253,67.174614,2.184727,97.796417,36.411118,34.461582,32.534973,92.757355,71.822258,123.913353,80.759407
2022-08-22,3.854146,67.051750,2.154527,93.729095,35.831638,34.396530,31.818384,90.993027,69.819511,122.291229,78.517845
2022-08-23,3.858052,65.692039,2.154527,93.277176,36.185772,35.636909,31.688105,91.161964,69.635239,120.585266,78.739563
2022-08-24,3.861956,66.191696,2.134250,94.777565,36.263950,36.074944,31.855610,91.462273,69.678886,120.734413,79.077026
2022-08-25,3.862737,65.692039,2.110090,95.157173,37.087193,36.352505,32.348846,92.860580,70.857246,122.067528,80.021851
2022-08-26,3.774096,65.831284,2.077302,93.006020,35.951210,35.927479,31.380989,89.641663,67.831329,118.664864,76.975227
2022-08-29,3.751447,65.503647,2.076439,92.391411,35.698257,36.469601,31.157637,89.238121,66.934212,117.835159,76.565498
2022-08-30,3.759257,64.840172,2.111816,93.765251,35.114166,35.233570,30.990122,87.952438,66.235924,117.052078,75.712242
2022-08-31,3.667101,64.815598,2.085499,91.361015,34.681866,34.912636,30.757467,87.211052,65.590958,116.306267,74.965050
2022-09-01,3.625709,64.348709,2.054005,90.041389,34.226551,34.053917,30.850527,87.333054,65.270912,118.217369,75.649567
2022-09-02,3.713179,65.077713,2.095422,94.795639,34.194355,34.678429,30.608562,86.488449,64.422302,116.520699,74.955414
2022-09-05,3.670615,65.380783,2.066516,92.246788,,,,,,,
2022-09-06,3.653043,64.848366,2.079459,93.566406,34.088570,34.357498,30.534121,86.629211,63.995567,116.632568,74.801163
2022-09-07,3.708884,64.741882,2.057456,94.416023,35.031380,33.958504,31.139025,88.018120,65.018761,118.534332,77.095741
2022-09-08,3.753400,64.528908,2.114404,93.204872,35.371723,34.105957,31.688105,88.280884,65.241821,120.594574,77.814034
2022-09-09,3.791667,65.003990,2.187315,94.904099,35.905224,34.955994,31.976587,89.425804,66.531723,121.657341,79.289116
2022-09-12,3.898272,65.642891,2.276188,97.236038,36.240963,35.597881,32.237171,89.960747,67.598572,122.468384,80.311096
2022-09-13,3.865080,65.053146,2.221829,94.506409,34.948597,34.700119,31.036650,86.572914,64.010117,118.422462,76.170204
2022-09-14,3.842432,63.963730,2.230889,92.843330,34.520889,35.680275,30.943592,86.403969,64.242874,118.487732,77.148781
2022-09-15,3.824469,63.701614,2.309408,92.210632,34.065578,34.760838,31.045969,85.503052,62.763851,119.149612,76.753494
2022-09-16,3.842041,63.505039,2.286974,90.511406,33.527481,34.019211,30.766769,83.719978,62.414715,118.814011,76.136444
2022-09-19,3.850632,63.627895,2.277914,91.288704,34.082500,34.039383,31.115726,84.856232,62.923695,118.173813,77.213707
2022-09-20,3.780344,62.948044,2.275326,89.815445,33.434978,33.802635,30.657314,83.800148,62.554230,116.788582,75.904594
2022-09-21,3.787373,62.079803,2.227437,91.198334,32.704212,33.307213,30.021152,82.687447,61.577118,114.851173,74.107574
2022-09-22,3.775658,61.473656,2.245557,89.535240,32.311073,33.188828,29.515966,81.442757,60.950027,115.459534,72.397499
2022-09-23,3.626880,60.908485,2.178255,89.146591,31.649683,30.900259,29.048203,79.915184,60.152782,114.869881,70.730919
2022-09-26,3.551516,60.597225,2.154095,88.803123,31.136297,30.141781,28.589788,79.075966,59.734718,113.774818,70.571495
2022-09-27,3.359784,60.933048,2.097579,88.504852,31.205673,30.479368,28.468172,78.811943,59.812500,113.428513,70.793716
2022-09-28,3.373061,61.285271,2.103619,89.896774,32.010437,31.829716,29.029497,80.546951,60.444462,115.908798,72.706665
2022-09-29,3.317612,61.367184,2.054868,88.812172,31.538685,31.829716,28.664633,79.151382,58.869415,114.935402,70.194710
2022-09-30,3.298868,61.866837,2.068673,91.469482,31.455433,31.575426,28.402683,78.114136,57.741619,113.353661,68.813141
2022-10-03,3.402739,62.235432,2.126484,91.216408,32.477581,33.359818,29.169821,80.471504,59.530544,115.684158,68.880753
2022-10-04,3.485913,63.046333,2.274894,96.097191,33.670860,34.793476,30.255033,83.272072,61.528511,118.370369,71.286453
2022-10-05,3.375014,62.538486,2.222260,94.217171,33.291599,35.512489,30.021152,82.819458,61.732681,118.763474,70.866165
2022-10-06,3.256696,61.875019,2.200258,95.030640,32.940090,36.143837,29.600163,81.867088,61.227104,117.247223,70.363800
2022-10-07,3.218817,61.875019,2.179981,92.789108,32.126072,35.863239,28.898521,80.301788,58.709000,114.766922,67.943611
2022-10-10,3.271534,61.899590,2.155821,93.891785,32.195454,35.126678,28.767542,80.584663,57.722168,114.046257,67.523338
2022-10-11,3.183283,62.047035,2.120876,93.186790,31.945683,34.846085,28.402683,80.565826,56.837429,114.654625,66.972641
2022-10-12,3.126271,62.055225,2.085068,92.590256,31.705185,35.126678,28.337202,79.934029,56.662426,114.093048,67.146538
2022-10-13,3.180159,61.883221,2.154527,95.121033,32.634830,36.560333,29.506615,81.697372,58.422188,116.751160,67.880829
2022-10-14,3.212179,62.243618,2.183432,94.144867,31.534052,35.196827,29.010782,79.905754,56.779091,115.964958,65.344704
2022-10-17,3.291840,63.062717,2.214495,96.729874,32.320320,35.635250,29.740494,81.650192,58.509693,117.827522,67.996742
2022-10-18,3.325421,63.308449,2.261520,97.904884,32.953964,35.946529,30.217611,83.620972,59.005539,118.482674,68.933899
2022-10-19,3.345337,62.890713,2.273169,97.597580,32.565468,37.007523,29.721783,83.026917,58.835392,116.826042,68.160988
2022-10-20,3.312145,62.415638,2.302505,97.525261,32.329578,37.042603,29.244665,81.395622,58.869415,115.833931,66.842209
2022-10-21,3.275829,62.710506,2.293445,96.567184,33.448853,38.112362,30.114706,83.630417,60.444462,118.435883,68.788979
2022-10-24,3.353146,63.873634,2.350393,99.278732,33.254597,38.292118,30.516981,84.743095,61.280582,120.719612,69.073990
2022-10-25,3.419920,63.758961,2.362904,100.544121,34.077873,38.331573,30.881836,85.884048,62.452137,121.636848,70.803383
2022-10-26,3.424606,64.414238,2.285679,101.556427,34.318367,38.853306,30.956680,86.185814,61.061832,122.984604,70.233345
2022-10-27,3.531601,64.406059,2.264971,101.411812,34.230503,38.993603,31.209286,87.194771,60.366676,122.338829,69.962845
2022-10-28,3.492552,65.593750,2.293445,100.724884,34.572762,39.129505,31.985765,89.222130,62.991741,124.351128,70.025627
2022-10-31,3.529258,66.265411,2.313118,100.001808,34.262878,39.458324,31.789301,88.967491,62.160461,124.248169,69.576378
2022-11-01,3.545268,66.109779,2.332085,101.502197,34.350750,39.839764,31.873499,88.882645,61.640312,124.323036,68.871117
2022-11-02,3.586660,66.470192,2.312677,99.712570,33.458103,38.879604,31.471222,87.317352,59.511105,122.207802,66.267357
2022-11-03,3.572212,66.519333,2.284888,97.706039,33.712486,39.598621,31.153143,88.232025,57.761066,121.693024,65.871254
2022-11-04,3.654606,66.486572,2.354581,102.171051,34.882641,40.080887,31.723816,89.646423,58.815945,122.432411,66.421951
2022-11-07,3.699902,66.019684,2.347082,103.544884,35.155525,40.769215,32.041897,90.608238,59.797924,123.742783,65.958176
2022-11-08,3.736218,66.224449,2.333408,105.334511,35.761414,40.808685,32.229004,91.400322,60.371540,124.360474,65.793945
2022-11-09,3.763552,67.010796,2.304737,104.629517,35.183273,38.813843,31.686394,90.127357,58.801369,123.022087,63.784378
2022-11-10,3.912720,67.412155,2.252687,109.094528,37.130440,39.677536,33.286160,93.908577,63.633408,126.148155,68.446014
2022-11-11,3.942397,64.717308,2.229751,110.811844,37.579090,40.830601,33.557453,93.851990,64.722343,124.603844,70.088440
2022-11-14,3.966608,64.545303,2.269008,111.046837,37.528217,40.817451,33.080338,93.276802,64.168144,124.716141,68.977371
2022-11-15,3.990818,65.249733,2.301208,111.281845,37.472702,41.247108,33.155182,93.917999,64.945961,124.557037,69.919365
2022-11-16,4.013467,64.741882,2.272096,109.474144,37.107327,40.405331,32.996140,93.239075,64.056351,124.500870,68.851799
2022-11-17,3.904910,64.774643,2.231515,117.120712,36.751186,40.493015,32.818390,93.078781,64.138992,124.444733,68.016068
2022-11-18,4.027524,66.765068,2.299003,119.759941,36.996323,40.172958,33.089695,93.767143,64.211906,125.951614,68.107849
2022-11-21,3.971294,67.928192,2.371784,116.686867,37.121201,39.629311,33.192600,94.068886,63.521610,126.007797,67.122414
2022-11-22,3.990818,68.411461,2.449858,118.114929,37.962971,40.870060,33.529392,94.794968,64.751511,127.102859,67.880829
2022-11-23,3.954112,67.207382,2.447212,118.114929,38.110970,40.427246,33.669720,95.153275,65.325119,127.608223,68.861443
2022-11-24,4.024400,67.256531,2.457357,118.368027,,,,,,,
2022-11-25,4.025963,68.010109,2.499702,119.362244,38.097095,40.278179,33.781986,95.521027,64.945961,128.366348,68.900093
2022-11-28,3.959579,68.214882,2.472354,118.892235,37.246082,39.173347,33.201950,93.785988,63.555634,127.402328,68.474983
2022-11-29,3.987694,68.231262,2.501467,120.284180,37.370956,39.765228,33.398418,94.361191,62.933395,127.084152,68.257607
2022-11-30,4.009562,68.517944,2.514700,118.603012,38.272850,39.962524,33.969086,95.917068,66.093201,130.116623,70.610153
2022-12-01,4.100156,68.886551,2.484705,120.808403,38.319107,39.830986,33.772629,95.945374,66.185562,130.490982,70.600487
2022-12-02,4.113433,68.919312,2.481177,121.748405,38.739994,39.594227,33.613586,96.492271,65.801537,130.827911,70.508713
2022-12-05,4.122023,70.279015,2.478529,122.417252,37.972218,38.419254,32.780964,94.879829,64.707748,129.573792,68.474983
2022-12-06,4.065793,69.853081,2.480294,120.898788,37.634590,37.406498,32.490955,93.757706,63.322296,128.591019,67.407402
2022-12-07,4.079851,70.262634,2.467502,120.121468,37.551338,37.318817,32.359978,93.635117,63.001465,129.648621,67.001625
2022-12-08,4.040801,69.869461,2.445888,119.308022,37.828842,37.152218,32.388046,94.191467,64.032043,130.818588,67.648949
2022-12-09,4.078289,70.016899,2.457798,120.609566,37.454208,36.249054,32.303848,93.418251,63.638290,129.143234,67.354263
2022-12-12,4.059545,69.566391,2.446770,121.386864,37.777969,37.200432,32.734192,95.021240,65.028595,130.519073,67.523338
2022-12-13,4.098594,69.459915,2.468826,121.893013,38.300594,37.906296,32.818390,95.379578,65.796669,130.921555,67.523338
2022-12-14,4.101717,70.549316,2.439272,120.229958,37.888969,37.673931,32.406754,95.200432,65.242493,131.127441,67.020950
2022-12-15,3.947864,69.312485,2.378842,115.258774,36.732681,37.445957,31.770601,92.899628,62.802143,128.722000,65.919571
2022-12-16,3.943959,69.001221,2.402661,114.861084,36.575439,36.985607,31.527365,92.503571,61.970890,126.850136,64.687737
2022-12-19,3.940835,68.919312,2.396927,115.710701,36.100155,36.981178,31.442633,92.016602,61.144543,126.376465,63.649193
2022-12-20,3.941616,68.460602,2.481177,115.493767,36.337555,37.539288,31.574427,92.130280,61.237167,126.348289,62.908073
2022-12-21,4.006438,69.386200,2.512935,117.409927,36.654106,38.252415,32.063953,93.864120,62.251202,128.011749,63.910770
2022-12-22,3.962703,69.246941,2.478529,116.198784,36.300327,37.370960,31.781527,92.670341,60.681396,127.833176,62.268673
2022-12-23,3.983789,69.394379,2.465738,116.180695,36.551689,38.562473,31.960402,93.219864,60.744770,127.908363,62.694931
2022-12-27,3.965827,69.443535,2.483382,117.066475,36.584274,38.974419,31.950983,93.504089,60.169502,127.579407,61.677711
2022-12-28,3.943179,69.197792,2.468384,116.072227,36.025669,38.101818,31.838020,92.281891,59.199341,126.752403,61.159412
2022-12-29,3.983789,69.427139,2.486028,117.898018,36.416698,38.500465,32.280472,93.418823,60.749653,128.133896,62.733681
2022-12-30,3.928340,68.468796,2.472354,117.174934,36.160667,38.744087,32.195747,93.049324,60.666771,127.673386,62.564148
2023-01-02,4.038458,,2.513818,117.337631,,,,,,,
2023-01-03,4.139205,70.303589,2.520434,118.349930,36.123428,37.384251,32.308712,93.248276,60.091499,127.306877,62.191162
2023-01-04,4.285249,70.238068,2.613947,122.272629,36.751865,37.379826,32.826477,94.072563,60.247505,127.645210,63.092152
2023-01-05,4.278220,69.541824,2.623651,121.874947,36.169975,38.061951,32.581718,93.058800,59.077469,126.338852,62.506020
2023-01-06,4.374280,70.254440,2.687610,123.049957,37.412880,38.783943,33.306595,95.607437,60.808155,127.504234,63.973724
2023-01-09,4.372718,69.877655,2.663791,125.038422,37.650295,38.646641,33.184208,95.181084,61.515049,125.370850,64.361244
2023-01-10,4.323516,68.411461,2.678347,124.857651,38.027351,38.921261,33.372494,95.702179,61.895317,126.423462,65.170181
2023-01-11,4.396929,68.722725,2.659380,126.683418,38.623203,39.040859,33.683151,96.621193,62.967865,127.137680,66.928520
2023-01-12,4.457065,68.902916,2.719810,128.400726,38.767513,39.785000,33.749046,97.189682,63.435871,126.733589,67.039940
2023-01-13,4.473465,69.214180,2.767008,128.744202,39.004917,39.842587,34.003223,97.076004,63.616257,127.297447,67.669662
2023-01-16,4.535944,70.623039,2.733926,128.635727,,,,,,,
2023-01-17,4.498456,70.123375,2.741424,131.058044,38.613899,39.926735,33.777298,96.251686,63.903877,126.705414,67.718079
2023-01-18,4.501580,69.410774,2.765244,131.021896,38.069252,39.195877,33.146561,94.442078,63.079975,124.919746,66.836494
2023-01-19,4.418015,69.222374,2.688493,127.081123,37.775978,39.683109,32.760582,92.499779,62.343830,125.220497,65.727242
2023-01-20,4.412549,69.197792,2.732161,128.238037,38.534763,40.077347,33.278351,93.788330,64.030640,125.850166,67.320892
2023-01-23,4.425503,69.975952,2.730838,130.081894,38.660442,40.130486,33.664326,94.811584,65.488319,126.282478,68.372025
2023-01-24,4.449791,69.672882,2.738336,129.521500,38.683716,39.975464,33.683151,95.436890,65.459068,125.446060,68.294510
2023-01-25,4.435218,69.869461,2.729074,129.087662,38.762859,39.979893,33.946735,94.906326,65.322578,125.483650,68.643280
2023-01-26,4.439267,67.723419,2.817734,130.208435,38.949066,41.242279,34.125610,95.427406,66.365852,125.718597,70.048012
2023-01-27,4.440886,67.641502,2.797885,130.606125,38.823372,40.409546,34.125610,95.825356,66.643745,124.863365,71.636826
2023-01-30,4.398785,68.124771,2.818616,129.485352,38.558041,39.483799,33.956150,94.887375,65.371315,123.735580,70.416145
2023-01-31,4.364780,67.543213,2.825674,129.159958,39.405258,39.833733,34.417446,96.498055,66.282982,125.333275,72.029190
2023-02-01,4.269242,65.708427,2.865814,129.250366,39.665936,39.049717,34.417446,97.199142,67.843048,125.925362,73.395149
2023-02-02,4.357492,64.102982,3.029902,129.901123,39.540260,38.159405,34.511574,97.957115,69.695618,125.070122,75.642738
2023-02-03,4.341300,65.151428,3.086363,131.076126,38.828030,38.075245,34.445686,97.445488,69.115471,124.703606,73.312828
2023-02-06,4.355064,64.831985,3.039606,129.214203,38.399769,37.902493,34.436264,97.208641,68.272049,124.008156,73.206261
2023-02-07,4.338871,64.954842,3.105330,127.316116,38.916470,39.133873,34.831650,97.511818,69.978363,124.806992,73.375793
2023-02-08,4.328346,65.790329,3.112829,126.593040,38.604588,38.783943,34.624550,96.962296,69.134964,124.440453,72.750923
2023-02-09,4.323488,65.601944,3.089451,135.053055,38.045979,38.451740,34.238571,96.090652,68.754700,123.350266,72.615295
2023-02-10,4.380973,65.339836,3.042253,135.583344,38.185616,39.957741,34.351543,96.772804,68.437798,124.515648,71.762772
2023-02-13,4.374496,65.872238,3.070483,135.974075,38.385799,39.855865,34.746933,97.653946,69.622490,125.549400,72.813904
2023-02-14,4.355874,65.872238,3.088127,134.913528,38.474239,39.869156,34.558651,97.388657,69.919861,124.806992,73.685791
2023-02-15,4.361541,66.101593,3.062102,138.150986,38.641823,39.191452,34.596310,97.995033,70.246498,124.186699,74.548019
2023-02-16,4.351016,65.003990,3.135324,137.109055,38.204250,38.806095,34.247990,96.981239,69.027695,122.946159,72.920448
2023-02-17,4.334014,65.765762,3.108859,135.304245,37.845806,37.424118,34.257404,97.616035,68.164818,124.045731,72.935013
2023-02-20,4.331584,65.413551,3.096949,134.578598,,,,,,,
2023-02-21,4.303247,66.126175,3.107977,133.722733,37.222027,37.238091,33.551357,95.380058,66.546242,122.438644,70.498497
2023-02-22,4.241714,66.445610,3.058573,134.280914,37.501331,36.990036,33.513702,95.143181,66.448730,122.025146,70.856941
2023-02-23,4.258716,65.945961,3.105330,135.806595,37.543228,37.548141,33.541943,95.588486,67.550529,122.354088,70.798836
2023-02-24,4.237666,66.093399,3.070042,131.601608,37.794605,37.499420,33.570190,95.038956,66.346344,120.775177,69.684731
2023-02-27,4.295960,65.839485,3.134001,133.778534,37.920284,37.610161,33.560776,95.882195,66.702240,120.408653,70.546936
2023-02-28,4.304866,64.938469,3.283975,134.615799,38.092533,37.069763,33.626675,95.664284,66.555992,119.515831,70.498497
2023-03-01,4.210138,64.381477,3.255303,135.211212,38.390457,37.800613,33.513702,96.043259,66.068489,119.318474,69.612061
2023-03-02,4.262764,65.372589,3.249569,134.392548,38.828030,38.132820,33.353668,97.170731,66.882622,120.051537,69.379547
2023-03-03,4.291912,64.995796,3.349698,136.829956,39.381989,38.651066,33.880848,98.222397,68.320816,121.395447,70.871498
2023-03-06,4.318630,64.889320,3.403512,137.239288,38.744247,38.668777,33.909084,98.042389,68.647438,121.339088,70.353188
2023-03-07,4.287054,64.791023,3.321909,137.704453,37.980804,37.995518,33.033581,96.782288,67.794273,119.384262,69.394081
2023-03-08,4.307295,64.381477,3.369107,139.379013,38.167000,37.605728,32.911205,97.009666,68.354935,118.745186,69.268143
2023-03-09,4.306486,64.626488,3.324556,140.625626,37.184788,37.074188,31.574427,95.579018,67.375023,117.542236,67.616371
2023-03-10,4.312153,63.864769,3.184727,137.220688,36.393421,36.600246,31.000175,93.797806,66.190353,116.677597,66.943054
2023-03-13,4.231999,63.950356,2.950505,131.136475,36.021015,35.856113,29.776360,93.267242,66.551117,117.767792,67.083534
2023-03-14,4.342919,64.070168,3.039606,135.434494,36.481869,36.210461,30.378851,94.252594,68.086792,118.820381,68.221855
2023-03-15,4.247381,64.592247,2.830085,128.475769,35.299484,34.265957,29.569250,91.931328,68.125801,118.716988,68.120140
2023-03-16,4.287864,65.893166,2.903749,131.136475,35.704460,34.638016,30.134089,93.115631,70.036880,119.825966,69.350502
2023-03-17,4.280577,65.251274,2.768772,127.787346,35.150520,34.093204,29.164450,91.590240,69.939377,118.284676,68.464066
2023-03-20,4.362351,65.679199,2.845524,129.145599,35.873795,34.775738,29.488955,92.803200,70.127968,119.783859,68.760429
2023-03-21,4.436838,65.807587,2.978293,132.829620,36.308594,35.979683,30.236349,93.878204,70.694733,120.510353,70.660179
2023-03-22,4.456270,65.217041,2.984910,134.839096,35.663399,35.214348,29.536257,92.080193,69.991158,118.689445,69.085968
2023-03-23,4.458698,64.874687,2.928450,135.062363,35.621319,34.726498,29.337582,91.813812,71.129593,118.462982,69.013084
2023-03-24,4.365589,65.353973,2.840671,130.782944,35.911198,34.860767,29.318661,92.194351,71.315254,120.104645,68.789597
2023-03-27,4.423883,70.395027,2.902425,131.787689,36.177685,35.603725,29.725470,92.964943,70.763130,120.595253,68.930496
2023-03-28,4.412548,71.439186,2.931978,133.518051,36.350674,36.154224,29.716009,93.440605,70.430878,119.868790,68.847885
2023-03-29,4.459508,71.036934,2.982705,136.104309,36.855614,36.655510,30.151203,94.801010,71.906441,120.198997,70.154877
2023-03-30,4.542091,71.336487,3.045341,138.169601,37.108078,36.816628,30.084974,95.000793,72.741951,120.850006,70.767075
2023-03-31,4.555855,71.687386,3.022404,138.858032,37.711197,37.071743,30.416100,96.256546,73.782654,122.142570,72.657112
2023-04-03,4.535614,72.218018,3.032990,137.927719,37.949635,38.750107,30.472866,96.427795,73.665382,123.510605,71.991478
2023-04-04,4.521850,72.577492,3.040048,137.276505,37.402626,38.047428,30.189047,94.268257,73.259834,123.529457,71.874847
2023-04-05,4.584193,73.792816,3.015346,133.908768,37.318462,38.620312,30.151203,93.041046,72.424355,125.661728,70.402672
2023-04-06,4.735596,74.545975,3.108859,131.285309,37.229637,38.034008,30.264727,93.012489,72.834778,125.973076,70.417252
2023-04-10,,,,,37.407299,38.338348,30.330956,93.859169,72.795685,125.888168,70.728218
2023-04-11,4.780126,74.332016,3.020639,133.350586,37.697170,38.700874,30.595852,94.420479,72.111649,126.312737,70.839951
2023-04-12,4.851375,74.246422,3.072248,134.727463,37.725224,38.727726,30.529627,94.734436,71.701248,126.350464,69.741882
2023-04-13,4.661108,74.554543,3.069601,134.225082,38.113266,38.969406,30.803989,95.086411,73.035103,127.992111,71.282104
2023-04-14,4.621436,74.845528,3.185169,135.974075,37.837433,39.041019,31.106730,94.972252,72.629555,126.963753,71.374413
2023-04-17,4.631152,75.401840,3.122533,136.811340,38.057163,38.580032,31.466238,95.723816,72.893425,126.859962,71.879715
2023-04-18,4.662727,75.085175,3.175905,136.941589,38.216125,38.732201,31.560850,96.180443,73.118149,125.991936,71.996346
2023-04-19,4.703210,75.521667,3.208988,136.364807,38.108601,38.597931,31.636532,96.104340,72.908066,126.378769,71.928322
2023-04-20,4.728309,75.444649,3.159585,135.825211,38.066521,38.257790,31.541920,95.933090,72.429253,125.859818,70.820518
2023-04-21,4.801986,76.095100,3.126944,135.490311,37.729885,38.034008,31.428396,95.714302,72.194710,126.709007,71.602791
2023-04-24,4.880522,76.608620,3.124297,135.508926,37.987041,38.615837,31.352709,95.942627,71.877151,127.416588,71.593063
2023-04-25,4.903192,79.698296,2.937713,137.109055,37.164181,37.890785,30.813450,94.173126,70.342941,126.057983,70.174309
2023-04-26,4.930719,78.448730,2.905954,135.527512,36.724705,37.385029,30.520168,92.394127,71.388535,124.265411,69.814781
2023-04-27,4.991442,78.183418,2.949527,137.090454,37.224960,37.519302,31.012119,94.220695,72.903191,124.916374,71.656227
2023-04-28,5.018970,77.995125,2.862829,138.523117,37.659767,38.101135,31.381083,95.133972,73.694687,125.982513,71.840836
2023-05-01,,,,,37.641068,37.671474,31.295948,95.647690,73.738678,126.633522,71.131470
2023-05-02,4.937196,78.928017,2.788709,137.053223,37.276394,36.033394,30.586397,94.648796,73.049744,126.086304,71.204353
2023-05-03,4.938007,79.176216,2.803084,139.062698,36.864952,35.353088,30.236349,94.287300,72.434135,125.916466,70.640747
2023-05-04,4.928290,79.330269,2.746483,138.150986,36.626518,34.959232,29.848457,93.259834,72.087227,124.916374,70.096581
2023-05-05,4.989014,79.775322,2.829138,139.992996,37.243660,35.908073,30.586397,94.667839,73.895035,126.039101,71.515320
2023-05-08,4.954199,80.203255,2.863278,139.379013,37.122105,35.908073,30.633694,94.325333,73.855934,125.765533,71.758255
2023-05-09,4.948532,79.989296,2.861482,140.141861,36.785477,35.921494,30.520168,94.534630,73.289177,124.925827,71.738808
2023-05-10,4.933149,78.688377,2.824197,138.764999,36.808857,35.514214,30.349882,94.192146,74.183311,125.274925,72.103218
2023-05-11,4.893476,79.236130,2.820154,138.485901,36.448853,35.089024,30.302570,93.621353,73.851051,124.888077,72.438477
2023-05-12,4.904811,79.193336,2.823299,139.639496,36.514317,35.142735,30.179581,93.687935,73.753326,124.718277,71.826286
2023-05-15,4.872425,79.159096,2.828240,140.123245,36.822884,35.321754,30.425560,94.144592,74.364075,124.501266,71.918602
2023-05-16,4.874044,79.167656,2.820603,139.174347,36.215088,34.453491,30.141743,92.869804,74.442253,123.463440,71.627068
2023-05-17,4.840040,77.935219,2.837224,142.728119,36.453529,35.115887,30.747225,94.468048,75.434097,123.614380,73.118698
2023-05-18,4.777697,,2.852947,146.747055,36.668602,35.370991,30.974283,95.153000,76.978065,123.312462,74.255630
2023-05-19,4.865138,77.464485,2.874958,148.644882,36.762093,35.644012,30.841829,94.924698,76.943855,123.887985,73.633713
2023-05-22,4.889428,78.089264,2.901462,146.914505,36.570415,35.496307,30.898600,94.905663,77.090431,124.010643,73.405350
2023-05-23,4.882951,77.721245,2.897419,144.607346,36.004707,35.876743,30.539085,93.764046,75.952011,122.652039,72.734848
2023-05-24,4.829515,77.532951,2.822400,141.648956,35.593266,36.033394,30.141743,92.555862,75.395012,121.812340,72.467621
2023-05-25,4.760695,75.786980,2.834529,142.932785,35.467026,35.393379,30.132282,92.860275,78.287483,120.566948,72.142090
2023-05-26,4.820608,76.095100,2.872262,145.760925,35.644695,35.254627,30.378256,93.554756,80.510590,120.321640,73.837769
2023-05-29,4.823037,,2.823299,145.128326,,,,,,,
2023-05-30,4.867567,74.477509,2.794549,145.742325,35.453011,34.892101,30.368793,93.412056,80.940567,119.576294,74.333359
2023-05-31,4.742882,74.597328,2.735703,142.653687,35.074310,34.278934,30.047131,92.137260,80.266296,120.604683,73.662865
2023-06-01,4.823846,75.367615,2.798143,145.760925,35.541836,34.704128,30.368793,93.316917,81.082245,121.397202,74.532562
2023-06-02,4.895095,76.488800,2.883942,148.179733,36.734055,35.760372,31.031046,96.028252,81.546410,122.953957,76.281715
2023-06-05,4.855422,77.353218,2.859685,147.472702,36.705994,35.523170,30.870211,95.362289,81.077370,123.397377,76.510071
2023-06-06,4.898334,77.473045,2.883044,147.323853,36.939766,35.809612,31.258099,95.961632,81.057823,122.368996,77.306900
2023-06-07,4.867567,76.600060,2.884841,147.416885,37.379246,36.758446,31.381083,97.502815,79.846100,121.887825,76.782150
2023-06-08,4.917765,77.344658,2.899215,147.695953,37.243660,36.601795,31.352709,97.674057,80.710922,122.670898,77.919090
2023-06-09,4.916955,77.344658,2.876306,147.119186,36.935093,36.400394,31.362165,97.417198,81.111557,123.048309,78.322365
2023-06-12,4.947722,77.746925,2.865075,149.575211,37.103405,36.051292,31.352709,98.111664,82.875389,123.491737,79.668228
2023-06-13,4.914527,77.019440,2.867770,152.998734,37.963665,36.221367,31.541920,99.253281,83.378624,124.114426,80.494209
2023-06-14,4.945292,76.736992,2.919879,152.887085,37.804703,35.849888,31.418934,98.986900,84.238571,122.840752,80.435905
2023-06-15,4.937196,77.344658,2.869568,154.226746,38.127293,36.243740,31.835211,100.480507,85.323265,124.746552,80.960655
2023-06-16,4.947722,77.678452,2.893376,152.366119,38.220802,36.190044,31.768978,100.318787,84.619682,124.737144,80.839180
2023-06-19,4.937196,77.755478,2.885739,151.919571,,,,,,,
2023-06-20,4.939626,77.592857,2.868669,150.263626,37.703526,35.380035,31.531403,99.573761,84.047798,124.596916,81.444809
2023-06-21,4.893476,77.473045,2.878552,149.203064,37.825680,35.659973,31.493383,100.127747,82.804176,124.615860,80.466240
2023-06-22,4.893476,77.079346,2.835427,149.333313,37.736416,35.181374,31.246304,99.401855,83.479843,125.468498,81.493500
2023-06-23,4.904001,77.618538,2.754569,146.040009,37.431026,34.928532,31.113264,98.647285,82.574059,125.051666,80.549011
2023-06-26,4.922623,76.103661,2.770291,144.644562,37.820984,35.556114,31.046740,99.468704,81.981628,124.341118,79.516907
2023-06-27,4.968772,75.932487,2.870915,146.579605,38.356583,35.637394,31.293825,100.662636,83.597343,124.056915,81.225739
2023-06-28,4.977679,75.769875,2.973784,142.076904,38.093479,35.998608,31.217794,100.662636,83.646332,123.659027,81.547066
2023-06-29,4.968772,76.283386,3.002085,140.086044,38.572704,36.413982,31.759474,101.636894,83.793205,124.464287,81.634666
2023-06-30,4.993872,77.027992,3.041167,141.909439,38.934471,36.648762,32.035065,102.506073,85.124962,125.743202,82.671669
2023-07-03,5.052166,75.778427,3.090580,138.411469,39.080116,36.734558,32.215622,102.525154,84.943810,124.710594,83.669708
2023-07-04,5.132320,76.018074,3.037124,136.755539,,,,,,,
2023-07-05,5.027876,76.137886,3.007476,135.676361,38.116970,36.531376,32.149101,101.971176,84.419922,124.644279,83.703796
2023-07-06,4.888618,75.033821,2.914938,132.308655,37.839779,35.709625,31.873514,101.207062,84.194687,123.649559,82.355225
2023-07-07,4.936387,72.671631,2.932457,132.680756,38.168648,36.477196,31.921030,101.436302,83.827484,122.209564,82.457451
2023-07-10,4.919384,73.416237,2.943238,134.318115,38.159256,36.761642,32.063576,102.878563,84.047798,123.175865,82.710617
2023-07-11,4.955009,73.236504,2.995796,135.806595,38.535114,37.569836,32.443699,104.091591,84.228966,123.204292,83.401932
2023-07-12,5.044069,72.782898,3.120677,138.858032,39.042519,37.917500,32.652775,103.910133,85.183708,122.872711,84.151695
2023-07-13,5.125033,72.406311,3.135950,140.011627,39.347912,37.773018,32.766808,104.043839,86.295135,122.920097,84.940392
2023-07-14,5.050546,72.714424,3.108998,140.104645,39.117695,36.775188,32.548229,103.738197,86.167847,124.767448,85.159470
2023-07-17,5.044069,72.680183,3.098216,139.472031,39.155285,36.702950,32.861839,104.129807,87.269485,124.199036,85.505127
2023-07-18,5.082122,76.052299,3.153470,139.732513,39.460659,37.073181,33.232456,104.712440,88.258514,125.117958,85.855659
2023-07-19,5.080503,76.129333,3.142688,138.113800,39.249249,37.289902,33.375008,104.664696,88.038193,125.695831,86.157501
2023-07-20,5.095887,77.841064,3.166946,140.848892,39.343216,37.727871,33.622089,105.132698,86.280472,127.780045,83.221817
2023-07-21,5.129891,78.114937,3.170091,141.034958,39.347912,38.061985,33.508053,104.636040,86.236389,129.068481,83.241280
2023-07-24,5.179218,77.712685,3.162454,140.569809,39.470070,38.676033,33.831158,104.874832,86.388184,128.784256,83.786560
2023-07-25,5.180890,77.687012,3.178625,141.221024,40.179508,38.879208,33.612587,104.741104,87.377197,128.727402,83.591812
2023-07-26,5.200118,76.805466,3.278350,140.365128,40.043266,38.892750,33.812157,105.476555,86.202126,128.642120,83.572342
2023-07-27,5.276197,77.669891,3.331358,144.830597,39.784855,38.644424,33.384514,104.569176,85.952423,127.694763,82.705765
2023-07-28,5.246099,77.241966,3.303956,143.528183,40.062050,38.761814,33.451035,105.218674,87.122612,128.073746,84.107880
2023-07-31,5.243592,77.943764,3.309346,144.179398,40.273476,39.497776,33.574577,105.467010,87.323349,127.088478,84.584991
2023-08-01,5.191758,,3.233429,139.974396,40.094936,39.312649,33.574577,105.782204,87.470230,126.425323,83.625908
2023-08-02,5.079730,77.678452,3.169192,137.518387,39.596920,38.797939,33.289482,104.674232,85.306122,126.510567,82.126404
2023-08-03,5.021207,76.223473,3.221301,136.067093,39.352619,39.190750,33.308483,104.015198,84.958496,125.875824,82.321152
2023-08-04,4.968536,76.232033,3.241965,138.467300,39.263348,39.244934,33.175446,103.384796,83.803001,125.430580,83.518791
2023-08-07,4.959341,76.899605,3.253195,138.039352,39.521751,39.290085,33.641094,104.655136,84.038017,126.880051,84.375633
2023-08-08,4.951817,77.010872,3.165149,135.527512,39.103603,39.484226,33.336998,104.177559,83.391724,127.855858,83.703796
2023-08-09,5.022044,77.601425,3.188957,136.271759,38.943867,39.980885,33.089912,104.120247,82.314545,127.817917,82.710617
2023-08-10,5.096450,77.524391,3.277003,129.740997,38.972050,39.976364,33.118416,103.833717,82.324341,127.732697,82.910240
2023-08-11,5.021207,77.695572,3.227590,127.843163,38.863995,40.590412,33.184944,104.005630,81.717216,128.528442,82.627853
2023-08-14,5.061337,77.815384,3.231184,129.052551,38.948563,40.418842,33.118416,104.043839,83.019600,128.916885,82.881020
2023-08-15,,77.224838,3.204679,128.066437,38.314297,39.579052,32.510220,102.716202,82.201950,128.443192,81.751526
2023-08-16,4.976897,77.105026,3.195246,128.494370,38.055889,39.235901,32.462708,102.143105,81.418549,127.467438,80.738869
2023-08-17,4.919211,76.908173,3.195696,126.354683,37.980721,39.705467,32.301163,101.283478,80.644958,126.453751,79.370842
2023-08-18,4.952652,76.505913,3.190754,125.033623,37.976021,40.098274,32.291656,101.474495,80.767365,126.501099,79.190712
2023-08-21,4.952652,77.027992,3.199290,125.517395,37.980721,39.845436,32.253632,101.350334,82.309669,126.633743,80.101112
2023-08-22,5.006994,77.575745,3.213215,127.359383,37.947838,39.538406,31.949543,101.111557,82.216629,126.188469,80.217949
2023-08-23,5.068861,77.344658,3.175032,127.452438,38.008911,39.439079,32.263138,102.152657,83.700172,126.567436,80.860603
2023-08-24,5.078057,76.908173,3.176828,126.150002,37.849174,39.168171,32.149101,100.910980,81.771072,125.468498,79.278343
2023-08-25,5.107318,76.788345,3.178625,126.894249,37.961929,39.547440,32.301163,101.761055,82.603439,126.387428,80.164413
2023-08-28,5.124876,77.421692,3.211418,128.382751,38.239128,39.813828,32.481712,102.592018,83.279114,126.681137,80.485725
2023-08-29,5.189250,77.515839,3.262628,130.317795,38.873394,39.922184,32.776310,103.375237,84.948692,127.817917,82.496407
2023-08-30,5.170857,76.968079,3.259933,128.661835,38.962658,40.120850,32.795322,103.843269,85.590111,127.723198,82.851807
2023-08-31,5.191758,76.437439,3.236125,129.201416,38.943867,40.147942,32.671780,103.375237,86.006256,126.197968,83.109856
2023-09-01,5.146612,76.471687,3.162004,127.917587,39.380802,40.969677,32.966370,103.919662,86.270660,126.539001,82.603508
2023-09-04,5.140760,76.197800,3.157962,128.512985,,,,,,,
2023-09-05,5.127383,75.136528,3.147181,128.345535,38.652573,41.186401,32.633759,102.171753,86.579124,125.231667,82.661934
2023-09-06,5.102302,74.640121,3.060932,127.694305,38.568001,41.204464,32.614758,101.732391,85.663551,124.549553,81.926781
2023-09-07,5.190922,75.855461,3.033081,126.950073,38.394169,41.163822,32.529228,101.398087,84.424805,125.108505,82.155609
2023-09-08,5.175873,75.418968,3.061830,127.564064,38.431747,41.561165,32.595753,100.891861,84.601067,125.108505,82.155609
2023-09-11,5.191758,75.581581,3.085189,127.433823,38.596199,41.014835,32.747795,100.920525,85.041733,125.970573,84.365913
2023-09-12,5.182561,76.745560,3.095971,126.447693,38.506927,41.981060,32.966370,100.557564,83.499435,125.809563,83.601562
2023-09-13,5.121531,76.873940,3.103158,124.791748,38.281410,41.665001,32.966370,99.888977,83.709969,125.828499,84.263672
2023-09-14,5.285393,78.080711,3.167395,126.875648,38.821709,42.152630,33.270470,100.872765,84.317101,126.226418,85.091309
2023-09-15,5.254460,78.962257,3.136849,128.475769,38.389477,41.543098,33.099422,100.290108,82.696457,125.231667,83.635628
2023-09-18,5.213495,78.756844,3.095521,127.619865,38.229904,41.895138,33.190098,100.401375,83.093903,125.041397,82.726036
2023-09-19,5.204298,78.739723,3.112142,125.163864,38.196857,41.503979,33.151913,99.979393,83.049736,125.146034,82.311485
2023-09-20,5.246099,79.501450,3.165149,126.708176,37.795586,41.117367,32.922829,99.586205,81.744583,125.155540,81.492126
2023-09-21,5.088926,79.347397,3.150325,124.363792,37.035507,40.553371,32.378719,97.955849,80.498283,124.061623,79.268166
2023-09-22,5.053813,78.688377,3.128314,123.954468,36.997749,40.621597,32.130539,97.620155,80.670021,123.804749,78.487801
2023-09-25,4.995290,79.167656,3.099564,123.247421,37.290443,41.131012,32.206905,98.109283,80.930069,124.480171,78.970642
2023-09-26,4.972717,79.587036,3.085639,120.865837,36.752262,40.894497,31.777346,96.613190,79.472801,123.424278,77.531891
2023-09-27,4.891622,79.133430,3.139544,124.847565,36.747532,41.913342,31.729622,97.332451,79.595467,122.805969,77.234390
2023-09-28,4.838952,80.203255,3.279249,126.131386,37.144096,41.958828,31.958721,97.744850,80.159721,123.395737,78.097633
2023-09-29,4.865705,80.340202,3.250949,126.205826,37.082733,41.112816,31.662800,97.226974,80.434502,122.463531,78.512199
2023-10-02,4.732776,79.912262,3.209621,125.070831,36.591751,40.294106,31.395527,96.277527,81.298073,122.292282,78.575600
2023-10-03,4.612388,78.688377,3.193899,123.824226,36.492615,40.266827,30.899153,95.606209,79.919312,121.207870,76.663773
2023-10-04,4.645829,79.103775,3.164700,124.233551,36.922207,39.002377,31.128250,95.913086,80.915344,121.721542,78.175690
2023-10-05,4.643321,78.769669,3.189856,123.042755,36.473728,38.761307,31.271425,95.347260,81.023300,122.387413,77.785515
2023-10-06,4.682614,79.808121,3.242863,125.275505,36.818344,38.993267,31.538710,96.651543,82.539444,123.671593,78.331741
2023-10-09,4.685122,79.582367,3.155716,123.470711,36.865562,40.294106,31.557796,98.166809,82.966316,124.099655,78.414658
2023-10-10,4.774578,80.476357,3.240617,127.284988,37.257397,40.344147,31.786896,98.761429,83.093903,124.689430,79.273026
2023-10-11,4.833101,80.982033,3.243761,128.606018,37.347095,39.825626,31.834627,99.356010,83.864250,124.137711,79.555908
2023-10-12,4.810528,80.413147,3.222648,127.117516,36.790020,39.871117,31.634163,98.454536,83.942757,123.072311,78.687775
2023-10-13,4.784611,79.031532,3.156165,124.177734,36.653122,40.748943,31.700985,97.581818,82.740631,123.842842,77.531891
2023-10-16,4.802167,78.742569,3.212766,124.568466,37.011913,41.021851,32.035084,98.617569,83.535507,124.775055,78.785324
2023-10-17,4.800495,78.905113,3.209172,124.624298,37.375420,41.449402,32.187805,98.924469,83.147865,124.603828,78.970642
2023-10-18,4.766218,78.697426,3.154368,121.312378,36.407639,41.826908,31.634163,96.536476,82.294113,123.519409,77.117340
2023-10-19,4.750333,76.530197,3.152122,120.810020,35.982746,41.754143,31.214159,95.644554,81.823074,122.301811,75.146980
2023-10-20,4.721071,76.575348,3.105404,118.260971,35.548428,41.053688,30.736877,94.656754,80.439415,121.816666,73.981339
2023-10-23,4.757857,76.304443,3.073959,118.800552,35.151875,40.389633,30.545963,94.215591,80.532639,121.055664,74.069115
2023-10-24,4.826412,76.855278,3.038022,118.558678,35.567307,39.821079,30.755968,94.925285,81.087082,121.426666,74.859230
2023-10-25,4.808855,77.496414,3.109447,118.112122,35.151875,39.748302,30.641417,93.707306,80.130287,120.342232,73.347305
2023-10-26,4.831428,76.837219,3.154368,112.753532,35.397362,39.439014,30.574600,93.314110,78.599419,119.153183,72.201180
2023-10-27,4.811363,75.636215,3.127415,113.888512,35.383194,38.492950,30.020956,92.489334,79.055733,117.136520,72.957138
2023-10-30,4.920884,76.421829,3.206926,115.079308,35.746712,38.620308,30.555510,93.640182,79.904579,117.792892,73.625313
2023-10-31,5.006159,76.340561,3.186242,116.251511,35.907211,38.747662,30.889605,94.330688,80.473747,118.468285,74.181297
2023-11-01,5.043780,76.945580,3.217957,116.753868,35.926098,38.656693,31.090063,94.637566,82.029137,118.715599,75.098190
2023-11-02,5.111498,76.448929,3.295637,118.744728,36.620075,39.825626,31.825087,96.584419,83.417732,120.599068,77.058807
2023-11-03,5.149956,75.256943,3.288743,118.893585,37.196030,39.425373,32.245083,97.437958,84.276398,121.198349,78.141533
2023-11-06,5.138252,76.069656,3.254269,119.991341,37.011913,38.979622,32.149628,97.179008,84.830849,122.006912,78.239075
2023-11-07,5.115679,76.015480,3.236803,119.898323,36.294327,38.115440,32.101898,96.939255,85.758202,122.092529,79.112099
2023-11-08,5.089762,76.647583,3.262083,120.865837,36.407639,37.637856,32.140087,97.159828,86.243965,121.921303,78.902367
2023-11-09,5.146612,76.123840,3.306668,123.731194,36.096058,37.524139,32.006443,96.948845,85.841614,119.400490,77.429474
2023-11-10,5.124039,75.726509,3.317700,121.684509,36.520935,37.938049,32.369175,98.349052,88.083946,120.113930,78.717041
2023-11-13,5.170020,76.412811,3.355391,123.638145,36.469009,38.210945,32.321453,98.435349,87.568748,120.808350,79.053581
2023-11-14,5.246099,76.358620,3.386187,127.043091,37.545368,38.552082,32.932373,100.410973,89.320412,121.626411,81.716476
2023-11-15,5.224363,75.509789,3.373776,129.220016,37.710609,38.479305,33.113731,100.621948,89.433273,121.721542,81.814026
2023-11-16,5.268672,75.157623,3.392162,136.588074,37.823902,37.728828,33.247368,100.641144,89.879761,122.244713,80.975159
2023-11-17,5.354784,75.943245,3.422958,138.113800,37.894711,38.520245,33.419189,101.283691,89.693336,121.997414,81.516502
2023-11-20,5.425846,76.105782,3.432611,137.350937,37.960815,38.574821,33.552830,101.590576,90.993576,122.739365,81.935951
2023-11-21,5.363980,76.819153,3.425256,137.369537,38.107159,38.488407,33.533749,101.513855,90.257591,123.481339,81.726234
2023-11-22,5.343079,77.658958,3.444101,139.230148,38.130760,38.470203,33.667385,101.734428,90.659943,124.071121,81.974968
2023-11-23,5.335555,77.884712,3.456971,139.211548,,,,,,,
2023-11-24,5.362308,78.372337,3.463866,140.346527,38.295990,38.629406,33.772381,101.983780,90.483284,124.737000,82.053001
2023-11-27,5.377357,77.631866,3.419281,139.769745,38.248783,38.492950,33.657837,101.408356,90.478378,123.956955,82.184685
2023-11-28,5.385717,77.008789,3.474438,140.867493,38.324322,38.502045,33.648289,101.168602,90.650131,123.319641,82.657761
2023-11-29,5.378193,76.611458,3.491445,142.225754,38.522591,38.215492,33.886932,101.552216,90.718819,123.357681,82.433426
2023-11-30,5.422503,76.864319,3.494202,143.267700,38.904999,38.470203,34.268757,102.664696,90.851288,124.908234,82.316368
2023-12-01,5.440059,77.099083,3.527297,145.128326,39.348763,38.670341,34.526482,104.285461,91.057358,125.402863,83.442993
2023-12-04,5.463468,77.785385,3.537409,146.040009,38.890831,38.492950,34.488308,104.458092,89.948463,125.640678,83.125977
2023-12-05,5.476009,76.810127,3.603597,147.677368,38.357376,37.819794,34.316483,103.614151,90.488197,125.478973,83.272293
2023-12-06,5.474336,76.656616,3.637151,149.705444,38.277111,37.255802,34.144665,104.074478,89.722763,125.574081,83.394218
2023-12-07,5.469320,76.078690,3.553497,150.245026,38.536758,37.001087,34.306938,104.170380,90.812035,125.421898,84.081894
2023-12-08,5.489385,76.503113,3.621983,151.100891,38.678387,37.401344,34.488308,104.496460,91.587288,125.631157,84.467186
2023-12-11,5.448420,77.279694,3.622902,152.849899,38.952202,37.446823,34.698303,105.493851,92.387070,126.458733,84.691528
2023-12-12,5.476009,77.595757,3.562689,152.440567,39.178799,36.932854,34.946491,105.973366,93.000404,127.000961,84.954903
2023-12-13,5.527843,78.300095,3.528216,151.528854,39.655624,37.446823,35.509689,107.152992,93.819801,129.341034,86.066895
2023-12-14,5.619806,77.279694,3.570503,154.263962,40.311825,38.547531,35.862869,108.534004,93.589203,128.713181,87.222786
2023-12-15,5.576333,76.566315,3.492824,155.157059,40.207966,38.342857,35.652870,108.390129,94.060234,127.619255,87.403236
2023-12-18,5.570480,76.990730,3.482252,152.012604,40.270245,38.656033,35.771820,108.385315,94.341515,127.827553,87.945557
2023-12-19,5.601413,76.412811,3.486389,156.273407,40.641045,39.119827,36.040421,109.224236,94.700485,128.687515,88.634460
2023-12-20,5.574660,76.394745,3.483171,157.352600,40.018280,38.757057,35.397701,107.459602,93.269508,126.824272,87.017258
2023-12-21,5.579676,76.114815,3.486848,156.738571,40.441387,38.908596,35.743042,108.568535,94.316925,128.372223,88.341316
2023-12-22,5.617298,76.611458,3.500638,156.366470,40.693336,39.023399,35.819782,109.089226,94.439865,129.012405,87.691490
2023-12-26,,,,,40.883492,39.358616,35.963688,109.860664,94.833252,129.299042,88.062805
2023-12-27,5.618970,76.033539,3.502476,157.054901,40.983318,39.184120,36.078793,110.024590,94.828331,129.843674,88.365738
2023-12-28,5.608938,75.889061,3.481792,156.738571,40.826435,38.587147,36.184319,110.053513,94.941437,130.178116,87.906441
2023-12-29,5.626495,76.638557,3.474438,158.078232,40.664810,38.499901,36.069195,109.918510,94.651291,130.311890,87.364143
2024-01-02,5.608938,,3.542465,156.180405,40.593506,38.913197,36.222683,108.809601,92.172920,132.605103,86.553101
2024-01-03,5.539546,80.033867,3.492824,151.007889,40.156147,39.546898,35.915714,107.189613,91.233673,132.385330,84.803963
2024-01-04,5.621478,81.126518,3.566826,151.100891,40.027794,38.853497,36.059605,107.324600,90.564903,133.044617,84.207878
2024-01-05,5.593889,81.641243,3.596703,149.314713,40.094349,38.885632,36.213097,107.449959,90.540321,132.929977,84.339783
2024-01-08,5.608938,81.993416,3.612330,149.575211,40.265484,38.435616,36.443325,108.153893,92.812180,134.105225,85.776237
2024-01-09,5.600577,82.300438,3.577398,148.291367,39.804359,37.820274,36.213097,107.816383,92.959694,134.086105,85.458656
2024-01-10,5.632347,82.670677,3.538328,149.575211,39.752064,37.448322,36.270653,108.366028,93.751419,134.697662,86.142670
2024-01-11,5.578005,82.462975,3.486848,149.463547,39.633221,37.544758,36.136353,108.115311,94.228409,134.602112,86.030281
2024-01-12,5.676656,82.562309,3.494662,151.752121,39.671246,37.967224,36.069195,108.105667,94.533295,134.267670,84.994492
2024-01-15,5.690869,83.077019,3.456512,150.635742,,,,,,,
2024-01-16,5.643215,83.799446,3.414684,149.928711,39.214874,37.062584,35.819782,107.016045,94.769333,133.465042,84.896774
2024-01-17,5.547908,84.566994,3.368720,147.863434,38.929642,36.754913,35.752636,106.292816,94.302170,133.197510,84.154121
2024-01-18,5.536202,84.088402,3.417442,149.612411,39.053242,36.695225,35.810192,107.729607,96.215065,133.178406,84.632942
2024-01-19,5.569644,84.702446,3.410547,149.724030,39.091274,36.814606,36.385777,108.433525,98.432846,133.254837,85.448875
2024-01-22,5.514354,85.244255,3.432611,152.012604,39.205368,36.952370,36.558437,109.272446,98.865585,133.837708,85.072670
2024-01-23,5.472022,84.431541,3.374236,150.747391,39.333725,37.030445,36.615993,109.185669,99.263885,133.742126,84.867462
2024-01-24,5.456471,84.458633,3.427554,155.826889,38.801292,37.558529,36.759888,108.510674,99.947418,132.519089,84.544991
2024-01-25,5.439194,83.754280,3.337005,155.547775,39.210125,38.403469,36.942150,109.552086,100.365402,132.318436,83.499420
2024-01-26,5.417595,83.492416,3.353092,156.161789,39.224380,38.688175,37.076450,109.378540,99.209801,133.073318,83.880516
2024-01-29,5.376128,83.898773,3.283686,155.678024,39.419289,38.633068,37.172382,110.092087,100.119530,134.009705,85.106873
2024-01-30,5.404637,83.609795,3.364124,157.520050,39.599941,39.032581,37.642437,110.130669,99.293396,134.315460,85.058014
2024-01-31,5.478069,80.729195,3.433990,155.064011,39.081764,38.302444,37.181976,108.857796,97.208397,134.133942,83.509193
2024-02-01,5.359714,81.758636,3.438126,154.952377,39.733047,38.297852,37.239532,110.709236,98.432846,135.872925,85.116653
2024-02-02,5.340707,81.090401,3.565447,155.045410,39.500103,38.352951,37.393017,111.451736,99.450760,135.672287,86.636139
2024-02-05,5.293192,81.596085,3.387106,153.147583,38.497036,38.256519,37.172382,110.844223,99.676956,136.092712,85.414680
2024-02-06,5.249133,81.352272,3.445021,155.715256,39.176846,38.380508,37.249123,111.837456,99.219627,137.573730,85.932587
2024-02-07,5.209393,81.930199,3.379292,156.440887,39.490608,38.458572,37.527313,112.579941,100.532600,137.946381,86.895096
2024-02-08,5.142871,79.437897,3.359987,157.947983,39.438309,38.853497,37.383423,112.599220,100.847305,137.707489,87.276199
2024-02-09,5.074622,79.744919,3.378373,158.368988,39.523876,38.256519,37.488949,112.772781,102.204544,137.602386,87.896690
2024-02-12,5.111770,79.176018,3.405951,158.005386,39.837635,38.678993,37.661621,112.936714,101.427574,137.783936,87.823410
2024-02-13,5.082397,79.483032,3.365962,156.608475,39.276672,38.288658,37.153202,111.779579,99.706451,136.503571,86.074272
2024-02-14,5.109179,79.284378,3.372857,157.909714,39.528637,38.251930,37.508125,113.650291,100.748978,137.688431,86.983040
2024-02-15,5.118682,79.428864,3.374236,159.785034,40.274990,39.317295,38.150848,114.498856,100.537521,138.691650,87.989532
2024-02-16,5.074622,79.862305,3.376534,161.909119,40.488922,39.294327,38.016548,113.814209,99.613029,139.140747,87.466743
2024-02-19,5.063392,80.873672,3.435828,162.253571,,,,,,,
2024-02-20,5.099676,81.966316,3.493283,161.430725,40.403351,38.936146,37.911034,113.457451,98.600029,138.672546,86.641037
2024-02-21,5.146327,81.307129,3.508451,162.100494,40.626785,39.666286,38.026138,113.910652,97.980423,138.978317,87.281090
2024-02-22,5.125593,81.785721,3.529135,164.664703,41.035614,39.735172,38.467411,115.318504,101.186646,140.612244,88.976479
2024-02-23,5.147191,82.742905,3.524998,167.726456,41.278069,39.473427,38.659279,115.925987,100.950577,141.281113,88.575829
2024-02-26,5.076350,82.499100,3.512128,167.343719,41.030861,39.611187,38.467411,115.752419,101.048935,140.554916,88.849449
2024-02-27,5.131640,81.857964,3.512588,168.989426,41.182987,39.441277,38.572941,115.925987,101.137444,140.210922,89.142578
2024-02-28,5.056480,81.271004,3.547521,172.089432,41.311340,39.363209,38.716831,116.321358,100.660446,139.513428,89.494377
2024-02-29,5.082397,80.810471,3.535111,175.036377,41.625099,39.556076,38.697655,116.678146,101.781631,138.376358,90.100227
2024-03-01,5.090173,81.397430,3.559471,173.448090,41.815258,40.015285,38.649689,117.179558,103.640434,139.828735,90.398262
2024-03-04,5.099676,81.433540,3.544763,173.256729,42.119503,39.588219,38.745617,117.603859,103.640434,139.618515,89.176788
2024-03-05,5.216304,81.758636,3.553037,170.826462,41.896065,39.882107,38.755203,116.639557,101.093193,138.577026,88.067703
2024-03-06,5.270730,82.228195,3.591647,172.223404,42.205074,40.006104,38.956657,117.247063,101.894745,139.522980,87.754997
2024-03-07,5.303559,82.246933,3.659214,173.696854,42.723255,40.345917,38.899094,118.192062,103.502747,140.172714,88.424377
2024-03-08,5.295784,82.556137,3.670245,174.060440,42.476044,40.488266,38.966248,117.931709,101.963577,139.914719,88.097015
2024-03-11,5.318245,83.202644,3.662431,172.816605,42.956188,40.906143,39.033401,117.324226,101.683296,139.838272,87.857620
2024-03-12,5.313926,82.068909,3.730459,174.845016,42.951435,40.841862,39.196472,117.844910,103.768288,140.488037,88.614922
2024-03-13,5.364033,81.637901,3.762634,175.954895,43.374535,41.493931,39.484264,118.163139,102.647110,139.943390,88.429253
2024-03-14,5.294920,81.328712,3.721726,176.050568,43.146347,41.920990,39.167698,117.661705,102.666771,139.446533,87.867378
2024-03-15,5.296648,80.241829,3.785156,176.969116,43.165363,42.044979,39.129326,117.680992,101.117783,138.892319,86.992821
2024-03-18,5.247405,80.138763,3.803541,175.686996,43.244083,42.190334,39.353680,117.889915,101.614761,138.876053,87.657265
2024-03-19,5.249133,80.129395,3.850885,165.564087,43.248856,42.671772,39.546261,118.905548,102.141800,139.796631,88.416229
2024-03-20,5.272458,79.745232,3.851804,168.166565,43.683014,42.611595,40.018078,120.337097,103.284538,139.480148,89.733391
2024-03-21,5.243949,81.253754,3.932701,167.286316,43.864315,42.866192,40.345470,121.526833,103.358414,139.662369,90.257324
2024-03-22,5.253452,81.056992,4.014058,167.822128,43.592361,42.773617,39.883270,121.110909,103.392899,139.470581,89.468971
2024-03-25,5.241357,80.963295,4.057264,166.540009,43.606678,43.171722,39.729210,120.327415,102.708252,139.278793,89.175194
2024-03-26,5.256044,80.719681,4.100012,167.726456,43.573280,42.838417,39.864017,119.892143,102.284645,139.787033,89.287804
2024-03-27,5.328613,81.197533,4.139540,169.276459,44.198280,43.236530,40.335835,121.817017,102.806763,141.647415,90.320976
2024-03-28,5.286281,81.862778,4.156548,169.314728,44.317551,43.704079,40.557301,121.836349,102.585106,141.666595,90.041862
2024-04-01,,,,,44.212589,44.028126,40.335835,120.898109,102.870796,140.458313,89.371056
2024-04-02,5.173109,80.298042,4.150571,168.013489,44.050381,44.643803,40.124001,120.337097,101.880753,138.271881,88.053894
2024-04-03,5.174836,80.391747,4.213543,168.912872,44.312778,44.949322,40.104740,120.956154,102.151657,138.118439,88.117546
2024-04-04,5.223215,82.677940,4.298117,168.530151,43.864315,44.921551,39.652184,119.892143,100.536064,136.123825,87.084389
2024-04-05,5.103131,80.635345,4.216301,164.913467,44.260300,45.402988,40.027710,121.555840,101.688652,137.341705,87.569138
2024-04-08,5.096220,80.907074,4.266401,166.731384,44.293694,45.115978,40.201035,121.343056,101.570442,136.900574,88.401535
2024-04-09,5.032290,80.925819,4.196996,165.659775,44.398651,45.129868,39.969936,121.062561,102.082695,137.389664,88.817741
2024-04-10,4.923438,80.700943,4.207108,166.846207,43.706863,45.268745,39.372940,120.027557,100.831596,135.778595,87.446709
2024-04-11,4.930348,80.232460,4.096334,166.080765,43.673473,45.236336,39.093697,120.162994,102.846176,135.222412,88.151802
2024-04-12,5.073758,80.672836,4.088980,165.200516,42.900574,44.500298,38.573738,118.876534,101.181320,133.208633,86.722031
2024-04-15,5.052160,81.047615,4.109664,168.300522,42.695419,44.083675,38.381157,118.025330,99.260338,132.940079,85.277573
2024-04-16,5.005509,79.642166,4.005324,165.602371,42.366222,43.699448,38.121170,117.754509,99.378555,132.988022,84.792824
2024-04-17,4.998598,79.501625,4.061402,165.219635,42.461643,43.574463,38.217461,117.145126,97.945221,132.757904,84.381516
2024-04-18,5.072895,79.192421,4.177691,167.936951,42.475952,43.440208,38.352268,116.738892,96.827110,132.748306,83.857574
2024-04-19,5.144598,80.138763,4.147354,165.487564,42.442562,43.963306,38.881870,116.526085,94.832237,133.246933,83.123108
2024-04-22,5.225806,81.853409,4.290303,166.501755,42.485500,44.250320,39.353680,117.406288,95.679443,133.755188,83.490341
2024-04-23,5.287145,83.333824,4.364305,167.764725,42.118134,44.495667,39.604038,119.040962,97.098000,135.500488,84.484322
2024-04-24,5.259500,83.502472,4.393723,167.094955,42.146751,44.528069,39.594410,118.093040,97.541313,135.078568,85.292267
2024-04-25,5.235310,84.327003,4.364766,166.195572,42.447334,44.731758,39.363312,118.450935,97.329529,134.177124,85.365692
2024-04-26,5.295784,83.858521,4.458992,169.946213,42.709728,44.319756,39.305534,118.644379,98.427917,134.215485,86.134460
2024-04-29,5.356258,83.268234,4.454304,169.965363,43.067558,44.620655,39.247761,119.437531,98.851517,134.666199,88.137123
2024-04-30,5.339843,83.436890,4.287871,168.300522,42.285118,43.292080,38.862602,117.541702,96.674416,134.570297,85.992447
2024-05-01,,,,,42.504581,42.602337,38.862602,117.251526,95.684380,134.810074,85.453842
2024-05-02,5.392542,83.268234,4.280838,167.630768,42.285118,42.847683,38.958885,117.928612,97.063530,134.714142,86.531082
2024-05-03,5.399453,82.424965,4.248021,169.946213,42.714504,42.852310,39.045547,118.750793,99.767677,135.049805,87.113754
2024-05-06,5.464246,82.546768,4.285527,171.611038,42.972141,43.190239,39.546261,119.950195,100.939957,135.596375,88.044106
2024-05-07,5.515217,84.120865,4.433207,172.357346,43.482632,43.148571,39.681072,120.279045,100.609955,136.718384,87.412453
2024-05-08,5.568780,84.832970,4.473994,173.735123,43.282249,43.097656,39.825500,120.279045,100.895622,136.248520,87.084389
2024-05-09,5.622343,,4.472588,176.127136,43.764122,43.676304,40.124001,121.478462,100.866066,137.418396,87.676849
2024-05-10,5.835729,86.500763,4.439301,180.260483,43.816593,43.435577,40.278065,121.565521,101.240440,137.696503,87.206795
2024-05-13,5.833138,87.203491,4.458992,179.858627,43.787979,43.319855,40.114368,121.052872,101.718201,137.562256,87.094162
2024-05-14,5.800309,87.597015,4.456180,177.237000,43.830910,43.375408,40.316582,121.023849,102.619583,138.147217,87.490776
2024-05-15,5.910890,87.418991,4.511969,179.590729,43.907249,43.472622,40.615078,121.817017,104.929688,140.199371,87.622993
2024-05-16,5.891019,86.781853,4.504937,167.439407,43.592361,43.352257,40.615078,121.091553,104.565186,140.036362,87.055008
2024-05-17,5.874606,87.484589,4.557445,165.104828,43.964504,43.958683,40.913582,121.226974,104.333687,140.304901,87.500572
2024-05-20,5.840912,,4.573854,165.640625,44.026520,43.671673,40.355095,121.459114,105.560158,140.007614,86.849327
2024-05-21,5.818451,87.971802,4.540099,166.138168,44.026520,43.458729,40.615078,121.062561,105.732574,140.247299,87.407539
2024-05-22,5.765752,87.287819,4.505406,166.195572,43.597126,42.625484,40.383984,121.207634,105.968979,140.496643,86.496788
2024-05-23,5.707006,86.922401,4.485246,169.525223,43.210686,42.236629,39.825500,119.776077,105.107010,138.962326,85.096390
2024-05-24,5.663811,85.957321,4.456180,169.640045,43.587597,42.296810,40.066231,120.385452,105.993614,138.492432,85.953278
2024-05-27,5.754522,86.229042,4.462743,171.190048,,,,,,,
2024-05-28,5.753657,85.367035,4.464618,169.601761,43.420605,42.731945,39.623299,118.915230,106.441849,136.814255,85.742737
2024-05-29,5.675906,84.804855,4.396639,168.147446,42.800388,41.977394,39.305534,117.232178,105.767044,135.749863,85.179634
2024-05-30,5.719100,85.479469,4.489466,168.511017,43.148666,42.097752,39.517376,118.035019,103.353493,135.816956,85.683975
2024-05-31,5.750202,87.297188,4.533067,168.644958,43.668701,43.143948,40.095108,119.466560,103.516045,137.802002,86.163841
2024-06-03,5.831409,86.884926,4.548538,170.462891,43.411068,42.014427,39.844761,118.005997,103.777100,138.770554,86.124664
2024-06-04,5.819315,86.884926,4.444927,166.750519,42.929199,41.611687,39.661808,117.715805,103.993835,139.173309,86.212799
2024-06-05,5.885836,88.543350,4.388199,171.094391,43.224995,41.607059,39.777359,118.905548,106.303925,139.806198,86.717140
2024-06-06,5.872877,89.002464,4.447741,168.090027,43.272713,41.824635,39.758095,118.199432,105.949287,140.266510,87.348793
2024-06-07,5.796853,88.964981,4.438833,166.903610,42.838547,41.657978,39.941051,118.325203,106.195572,140.419952,86.991341
2024-06-10,5.770072,88.355965,4.417267,166.903610,42.795609,41.972767,39.786987,118.692749,106.466469,140.937759,87.270432
2024-06-11,5.674177,88.149826,4.319283,165.009155,42.781300,41.889435,39.334423,118.015678,108.446541,140.352829,87.040321
2024-06-12,5.737243,88.693275,4.313188,170.405487,42.862400,41.440411,39.295902,119.137695,110.845322,140.055542,87.946167
2024-06-13,5.662082,88.318481,4.126595,163.459137,42.848087,41.060818,39.267017,118.373558,111.722061,139.940460,88.014709
2024-06-14,5.474613,89.021210,4.105498,158.579468,42.452103,40.755287,39.141846,117.183815,112.140747,139.892532,87.319405
2024-06-17,5.459063,87.643867,4.135035,160.837509,42.766987,40.861759,39.488487,118.479958,113.840073,139.748672,88.852028
2024-06-18,5.572236,87.278450,4.174416,161.162827,42.719280,41.033039,39.738838,119.118362,113.982910,139.930862,88.553337
2024-06-19,5.529040,87.999908,4.173946,160.971481,,,,,,,
2024-06-20,5.605928,88.384071,4.164102,162.980728,42.762211,41.787598,39.950680,119.195724,112.702248,140.391144,88.665955
2024-06-21,5.588650,88.065498,4.064711,160.933182,42.766987,41.546883,39.796612,118.944229,112.505234,140.784332,89.415100
2024-06-24,5.651715,89.958176,4.134097,163.650482,43.042625,42.594471,40.205540,119.449905,109.747002,141.605545,89.033348
2024-06-25,5.682817,89.845734,4.107373,162.253571,42.496140,42.692467,39.905857,118.430786,111.760170,141.162704,88.675148
2024-06-26,5.656899,89.883217,4.073618,161.909119,42.467381,42.272495,39.654510,118.110497,111.631882,140.662079,89.960777
2024-06-27,5.612840,89.433472,4.066586,166.042480,42.347534,42.370495,39.606174,118.236679,111.686157,140.431046,90.510361
2024-06-28,5.610248,90.108086,4.060492,166.214706,42.333157,42.533817,39.741516,118.285217,111.626945,140.315506,89.504425
2024-07-01,5.707870,90.623421,4.170196,169.467819,41.681217,42.557148,39.828518,117.013725,112.470688,139.526093,89.808662
2024-07-02,5.688864,90.379807,4.053928,167.286316,41.757912,42.524487,40.292538,117.654320,113.033188,139.015839,91.555565
2024-07-03,5.730331,90.051865,4.143004,169.123367,42.069508,42.711132,40.166866,118.081390,114.557861,137.956863,92.139511
2024-07-04,5.744155,91.110641,4.225986,169.678314,,,,,,,
2024-07-05,5.793397,90.520348,4.167852,169.467819,42.136608,42.043842,40.157200,117.654320,114.908203,139.025467,92.890282
2024-07-08,5.765752,91.091904,4.170196,169.506104,42.261250,41.787201,40.050861,117.799911,115.692749,138.871429,92.934456
2024-07-09,5.744155,90.970093,4.111124,165.774582,41.829819,41.418549,40.360210,117.285500,115.598999,139.545334,93.243591
2024-07-10,5.815859,92.103828,4.217079,168.759781,42.390686,41.698536,40.514885,118.333733,117.276619,140.864258,93.945297
2024-07-11,5.865102,93.022049,4.184261,171.170914,42.970722,42.132511,40.833897,119.838142,114.340759,141.855865,92.752884
2024-07-12,5.948038,93.752884,4.227861,176.203674,43.382977,42.239834,40.969238,120.527267,115.362144,142.741547,93.964935
2024-07-15,5.866830,92.853401,4.173478,173.065384,43.272724,42.879120,41.568596,121.391075,115.569389,142.240936,93.856979
2024-07-16,5.823635,92.666008,4.163632,173.715988,44.111614,43.070442,42.042290,124.419304,115.184517,144.272263,95.540092
2024-07-17,5.846960,92.815918,4.195044,170.692520,44.020542,43.499748,42.361298,122.827553,110.704247,144.926910,93.945297
2024-07-18,5.874606,89.096153,4.208171,163.152954,43.584309,43.579082,41.848946,121.866669,110.714104,141.634430,92.988426
2024-07-19,5.827954,88.262260,4.158007,163.076416,43.196022,43.103115,41.423588,121.196976,108.982193,142.356461,92.159134
2024-07-22,5.857402,90.258003,4.248490,165.774582,43.339836,42.832458,41.655602,122.429619,111.562790,143.174759,93.174896
2024-07-23,5.876141,90.117462,4.281776,166.119034,43.512405,42.151169,41.732937,122.196663,111.118713,143.088165,92.757782
2024-07-24,5.917190,90.192413,4.411641,164.033218,42.956337,42.155842,41.162586,119.566383,106.520020,144.281891,88.964653
2024-07-25,5.943067,90.820183,4.270056,161.526428,43.076183,42.883789,41.317257,120.527267,105.380226,143.559860,88.616249
2024-07-26,5.951991,91.307404,4.247552,162.483200,43.780853,43.019119,41.964947,122.584900,106.717392,144.368530,89.607460
2024-07-29,5.934144,91.888321,4.189417,160.588745,43.857555,42.650475,41.906944,122.371368,106.243698,144.455185,91.104126
2024-07-30,5.916297,92.272484,4.230674,161.220230,43.713741,43.313091,42.390301,122.730476,103.574280,144.580322,90.598686
2024-07-31,5.884171,92.366173,4.177228,162.100494,44.169144,43.495083,42.283962,124.099007,107.960808,144.050812,92.002121
2024-08-01,5.816353,,3.992043,157.431305,43.991772,42.342487,41.684601,121.798721,103.934494,145.523773,89.744873
2024-08-02,5.787798,90.520348,3.796542,150.982513,43.162468,41.250568,40.659889,119.119919,101.013412,145.234985,86.442444
2024-08-05,5.619143,87.559532,3.736533,148.437424,42.198929,40.340622,39.480499,117.052559,97.648277,141.355240,83.998726
2024-08-06,5.620036,87.409622,3.716843,147.346680,42.414654,40.587952,40.118523,118.459915,98.975578,142.009888,84.926163
2024-08-07,5.737826,90.642159,3.815296,149.202881,41.839405,40.751270,40.166866,117.887260,97.371971,140.565811,83.444229
2024-08-08,5.736042,90.051865,3.811545,152.322021,42.486557,41.628544,40.814571,120.604904,101.008484,143.675385,85.264740
2024-08-09,5.719087,90.501610,3.843425,150.389297,42.452999,41.721870,40.988575,120.624306,101.462440,144.387787,85.549339
2024-08-12,5.744965,90.642159,3.834049,150.408432,42.266045,41.927189,40.775898,120.012856,102.291397,143.839066,85.210762
2024-08-13,5.804753,91.045052,3.856552,152.073257,42.687897,41.521214,41.114243,121.274605,105.434486,145.581573,87.345329
2024-08-14,5.790474,92.085091,3.844363,152.417694,42.687897,41.763866,41.616936,121.769608,106.011810,146.101425,86.879166
2024-08-15,,92.544197,3.961101,155.670807,43.363804,42.263168,42.003620,123.409904,109.061142,147.016006,89.651627
2024-08-16,5.862756,93.200081,3.964382,156.149200,43.416531,42.216503,42.312962,123.235191,109.243706,147.170044,89.862633
2024-08-19,5.881495,93.884056,4.017828,157.163406,43.622669,42.501152,42.544971,123.982536,111.044708,148.065353,90.966721
2024-08-20,5.870787,94.071457,3.975634,156.742432,43.464466,41.381226,42.409637,123.642830,110.654900,148.662231,90.883316
2024-08-21,5.892203,93.940285,3.990167,157.737503,43.963017,41.451221,42.341969,124.390175,111.306229,148.912567,92.031555
2024-08-22,5.895772,94.071457,4.009858,157.756638,43.871937,41.558540,42.583645,124.234886,108.745369,149.008820,90.441673
2024-08-23,5.991254,94.071457,4.080182,159.880722,44.451973,42.179173,42.950996,125.477242,110.506882,149.653839,92.188576
2024-08-26,5.986792,94.521194,4.057209,160.550476,44.648510,42.557148,43.086334,125.341370,109.120346,149.576828,91.472153
2024-08-27,6.042118,94.408768,4.159882,159.899857,44.653301,42.160507,43.308674,125.419014,109.781540,149.807861,91.231705
2024-08-28,6.094767,95.102119,4.187543,160.952316,44.461559,41.889854,43.415016,125.360771,108.266731,149.981155,90.348442
2024-08-29,6.109045,95.495644,4.208640,162.865921,44.706043,42.435822,43.801701,126.244026,107.289757,150.298859,90.456375
2024-08-30,6.125107,95.683037,4.215672,162.578873,45.194996,42.594471,44.217388,127.593132,108.715752,151.338593,91.820541
2024-09-02,6.146523,96.226471,4.197388,163.191223,,,,,,,
2024-09-03,6.150986,94.970947,4.098935,160.856644,44.169144,41.535217,43.888702,124.768723,103.722321,151.049789,90.559418
2024-09-04,6.141170,94.558678,4.082995,159.517136,43.986980,40.961254,43.937042,124.894890,103.455849,150.789871,90.794975
2024-09-05,6.242005,92.675377,4.113937,158.081940,43.641838,40.643944,43.453686,123.439011,103.297981,148.720001,91.825455
2024-09-06,6.291977,92.384911,4.024860,154.178207,43.090569,40.135307,42.815655,122.186958,100.618683,148.209763,89.504425
2024-09-09,6.294654,93.321884,4.071274,155.575134,43.507610,40.424618,43.453686,124.060188,102.266724,149.249496,90.809700
2024-09-10,6.319640,92.581673,3.981728,155.345505,43.526787,39.729340,43.008999,124.273720,103.796326,149.933029,91.849976
2024-09-11,6.294654,91.326149,3.981260,155.135010,43.632244,39.360691,42.805988,124.496956,107.339096,149.490173,92.767624
2024-09-12,6.319640,92.235001,4.056740,157.201691,44.034920,39.715340,42.902660,125.457825,108.227257,150.029282,93.812813
2024-09-13,6.351765,91.972656,4.130815,156.972046,44.432800,39.939323,43.028332,126.729324,108.770027,150.337372,94.450722
2024-09-16,6.364257,92.206894,4.163632,155.862152,44.845058,40.396622,43.589027,127.379623,108.355545,151.377090,94.288780
2024-09-17,6.410660,91.850845,4.229737,159.172684,44.931343,40.942585,43.821041,128.078415,108.143379,149.817505,94.769676
2024-09-18,6.330348,91.860222,4.227393,158.560333,44.739597,41.021915,43.685692,127.971649,107.156532,149.567184,94.583206
2024-09-19,6.222373,92.235001,4.313188,162.578873,45.415501,41.511883,44.169052,130.174881,110.339111,150.106293,96.737411
2024-09-20,6.237544,92.787811,4.274275,159.459732,45.094326,41.418549,44.140045,129.262527,109.801270,149.490173,96.516586
2024-09-23,6.300008,92.712845,4.208640,160.263428,45.488201,41.929981,44.086685,130.130127,109.781013,149.197357,97.689323
2024-09-24,6.347303,92.291222,4.270056,162.980728,46.109352,41.826473,43.718006,131.064911,110.532364,148.897842,98.544914
2024-09-25,6.333918,93.097015,4.238645,165.085678,45.801182,41.007816,43.456047,130.451477,110.848717,147.448364,98.190887
2024-09-26,6.385674,91.729034,4.346474,173.888229,46.749756,40.203285,43.679199,131.103867,112.316811,147.941177,98.608841
2024-09-27,6.436538,91.757149,4.364758,174.959824,46.667896,41.021931,43.805328,131.288879,111.268890,147.863876,98.756348
2024-09-30,6.402629,91.026314,4.313656,173.505493,46.407887,41.308933,43.970264,131.882874,111.595131,148.830215,98.525253
2024-10-01,6.443677,90.707741,4.103155,172.089432,46.292328,42.249908,43.737415,131.951004,108.876427,148.047501,98.126961
2024-10-02,6.346411,91.101280,4.150037,172.816605,46.114166,42.682758,43.785923,131.707565,109.682152,147.747910,97.295959
2024-10-03,6.232190,91.326149,4.150974,171.821548,45.603764,43.435539,43.553070,131.035736,110.136909,146.414444,96.169930
2024-10-04,6.206311,91.551018,4.200669,174.978958,45.825264,43.840160,44.290432,131.951004,111.362793,146.530380,97.443466
2024-10-07,6.192926,91.569756,4.275681,176.414169,45.690430,43.995426,43.747112,131.629684,110.596626,145.882965,95.928986
2024-10-08,6.225943,91.429214,4.277557,172.395615,45.478573,42.847431,43.999367,131.921783,112.662834,146.675323,96.863258
2024-10-09,6.247360,93.012680,4.251771,176.490707,45.767483,43.106197,44.406860,133.100021,113.923317,148.173111,97.556580
2024-10-10,6.230404,92.431770,4.252240,175.438232,45.873409,43.397900,44.271027,132.418396,113.893654,147.622299,97.074684
2024-10-11,6.305362,93.171974,4.287403,177.811096,46.171947,43.666077,45.124813,134.784576,114.091393,148.704590,96.661636
2024-10-14,6.403522,93.977760,4.318813,177.256149,46.436775,43.647259,45.406185,135.592789,115.579247,149.525925,97.084526
2024-10-15,6.432969,94.221367,4.345068,174.940689,46.388626,42.240498,45.503204,134.550888,113.038506,147.699615,97.295959
2024-10-16,6.500787,94.446243,4.322564,173.180191,46.749756,42.442810,46.065933,135.592789,113.389473,148.115112,97.807343
2024-10-17,6.532020,94.596161,4.295841,176.318481,46.821987,42.645119,46.192062,135.203308,113.735489,147.255112,97.718826
2024-10-18,6.542728,94.614899,4.350694,177.581451,47.009773,42.503967,46.201763,135.612259,114.140823,147.970184,98.102364
2024-10-21,6.547190,94.108932,4.294434,177.103058,46.648643,42.376942,45.833088,135.135117,114.674675,146.230835,97.340218
2024-10-22,6.398167,92.581673,4.327721,175.572189,46.220097,42.475742,45.745762,133.499268,114.556030,146.018250,96.946831
2024-10-23,6.404413,92.459869,4.323502,173.371552,46.094906,42.254612,45.706955,133.109726,112.914932,145.332153,95.422523
2024-10-24,6.425831,92.047600,4.278964,171.706741,45.531536,42.249908,45.745762,132.194458,113.246117,144.375519,98.431824
2024-10-25,6.414229,92.441139,4.290215,172.625244,45.242630,42.235786,45.241249,131.843903,113.834335,143.583130,98.741600
2024-10-28,6.432077,93.518646,4.343661,173.983902,45.618210,41.967617,45.803974,132.233398,113.799744,143.795746,98.972710
2024-10-29,6.369612,89.705193,4.212859,173.237595,45.324490,41.327751,45.522606,132.058121,115.332108,143.399536,98.456413
2024-10-30,6.318748,89.339775,4.229162,171.725861,45.570053,41.421844,45.726357,131.834183,113.498215,143.128967,98.318726
2024-10-31,6.219697,87.887474,4.307800,170.692520,44.968174,41.680618,45.095715,130.315140,109.855164,141.921112,96.814095
2024-11-01,6.257175,89.470947,4.421920,173.677719,44.842983,41.417145,45.250946,130.490402,110.680656,142.761810,98.387573
2024-11-04,6.274130,89.555283,4.415686,173.467239,45.040398,42.141693,44.901665,130.344360,110.596626,141.824478,98.048279
2024-11-05,6.244683,88.056137,4.441579,176.050568,45.107811,42.423992,45.318863,132.525528,112.153687,142.868073,99.784035
2024-11-06,6.081382,87.849998,4.229162,176.146271,45.728958,44.018944,48.074280,137.715530,115.346931,143.051697,102.975281
2024-11-07,5.975192,87.137909,4.334172,179.858627,45.907112,43.816635,47.298107,136.887878,117.358765,144.085648,104.298012
2024-11-08,5.959129,87.006721,4.252657,175.170334,45.488201,44.108341,47.725002,138.358200,117.230247,145.119568,105.778061
2024-11-11,6.027841,87.222221,4.341364,177.811096,45.290787,44.357700,48.404152,139.429321,116.582695,144.269226,107.912117
2024-11-12,5.881495,86.538246,4.221970,170.252396,44.520370,44.122459,48.258633,138.231598,116.730980,142.259323,106.471382
2024-11-13,5.907373,86.154091,4.222929,171.649323,44.626305,44.465916,48.287731,138.523727,116.325668,141.882462,107.381065
2024-11-14,6.042118,86.884926,4.313553,180.069122,44.260357,44.635288,48.161606,136.186783,115.930214,139.650314,105.856743
2024-11-15,6.057289,85.929214,4.388834,179.303680,43.952187,44.569424,48.384750,135.456482,113.053345,137.060608,104.951981
2024-11-18,5.977869,85.470100,4.430551,176.050568,44.294056,45.162228,48.530285,135.271454,113.419121,137.157227,105.920670
2024-11-19,5.927897,85.320183,4.361024,170.156708,44.149605,44.875237,48.210114,135.154602,114.348419,136.451828,105.999336
2024-11-20,5.857402,85.254593,4.321225,168.932022,44.510735,45.326904,48.064579,135.300659,114.249557,138.065552,105.532211
2024-11-21,5.871679,85.788666,4.341844,168.396210,45.054844,45.693890,48.675816,136.994980,115.411201,139.176804,105.719070
2024-11-22,5.999286,87.775040,4.188884,169.888794,45.305229,45.764465,49.219139,138.903503,115.470505,139.302429,107.243385
2024-11-25,6.016241,86.135345,4.254096,173.007980,45.772297,44.861122,49.539310,139.770096,115.465553,140.490997,108.339920
2024-11-26,5.989470,86.135345,4.211421,172.529572,45.430424,44.799957,49.636333,139.935669,116.043892,141.244690,108.733299
2024-11-27,6.013564,86.903656,4.196077,171.247452,45.406349,44.752914,49.733353,139.419540,114.472008,141.998398,108.197311
2024-11-28,6.041226,87.493950,4.194638,173.065384,,,,,,,
2024-11-29,6.076920,87.390884,4.196077,175.246872,45.637466,44.945808,49.810970,140.208313,115.534760,142.442917,109.308594
2024-12-02,6.095659,87.269081,4.196077,179.992569,45.608582,44.470612,49.316158,139.176117,116.632133,142.191650,110.262520
2024-12-03,6.167940,87.156639,4.256973,181.982712,45.464127,44.465916,48.947472,138.299789,117.052299,141.872787,110.178940
2024-12-04,6.195603,84.420700,4.291497,183.609268,45.021137,43.393204,48.763134,138.903503,119.192650,141.795502,111.201706
2024-12-05,6.257175,84.683044,4.488090,184.719162,44.428886,43.562572,48.908669,137.218903,118.589584,140.210739,112.111389
2024-12-06,6.233974,84.148972,4.452608,185.331512,44.255539,42.823906,48.898972,136.868408,119.049301,139.418381,114.471634
2024-12-09,6.177756,83.746086,4.460759,185.752502,44.245911,42.753338,48.229515,135.680435,118.273239,139.824234,114.107758
2024-12-10,6.189356,83.165161,4.484734,184.546936,43.793289,42.461628,48.219814,135.349350,116.632133,139.244461,114.294601
2024-12-11,6.173295,82.396851,4.447333,187.072876,43.639206,42.532200,48.316837,135.037766,118.322655,137.350510,116.300789
2024-12-12,6.165263,82.509285,4.470829,185.618546,43.335854,42.188740,48.103390,134.171127,117.660294,136.258591,115.337044
2024-12-13,6.195603,82.209457,4.490967,183.111740,42.965099,41.977028,48.064579,133.820587,118.164482,136.239227,115.794334
2024-12-16,6.263422,82.453072,4.479939,182.097534,42.584705,41.054867,47.977264,133.937439,119.345879,134.615829,117.362915
2024-12-17,6.206311,83.127686,4.277112,184.585205,42.348763,40.749050,47.637684,132.710541,118.624199,134.519241,117.731697
2024-12-18,6.171509,82.490547,4.320746,186.307449,41.144989,39.544601,46.211468,128.961639,114.798241,132.692917,112.426071
2024-12-19,6.068889,81.553581,4.218134,181.255554,40.702000,39.201138,46.376400,128.796112,114.921822,131.687943,112.273659
2024-12-20,6.073350,81.253754,4.177856,181.083313,41.207584,39.586948,47.065254,130.305420,116.637077,133.349976,112.558838
2024-12-23,6.067104,82.153236,4.153882,180.815430,41.175636,39.819412,47.178272,130.276031,117.872887,134.681763,112.900246
2024-12-24,,,4.143812,,41.398293,40.156265,47.733662,131.293823,119.090874,135.235046,115.511284
2024-12-26,,,,,41.335365,40.123055,47.850582,131.391663,119.170097,135.506836,115.082687
2024-12-27,6.109938,83.221382,4.208065,181.408646,41.112713,40.118309,47.499817,130.413040,117.585716,134.875900,113.181068
2024-12-30,6.144740,83.108948,4.216216,180.413574,40.560940,40.113567,47.041870,129.101669,116.090462,133.216049,111.363182
2024-12-31,,,4.281427,,40.725494,40.640198,47.090588,128.945099,115.124985,133.536346,110.525688
2025-01-02,6.268776,,4.222449,180.949371,40.275360,41.114628,46.973663,128.494934,114.852669,133.575195,109.072365
2025-01-03,6.258068,83.408775,4.218134,178.710464,40.265686,41.498917,47.343922,129.884598,116.724213,134.885620,111.279434
2025-01-06,6.273238,83.352554,4.363421,184.738297,40.536732,41.309143,47.197762,129.600784,118.209579,134.943863,111.717888
2025-01-07,6.241113,84.692413,4.405617,185.178421,40.512524,41.721905,47.090588,129.473557,115.837952,135.613632,109.555153
2025-01-08,6.234867,85.226486,4.382122,187.187683,40.735184,41.764606,47.246487,129.982452,115.798340,136.312500,109.865540
2025-01-09,6.275915,85.863625,4.382122,188.106232,,,,,,,
2025-01-10,6.219697,85.348289,4.381162,186.096939,40.318924,41.935398,46.106491,128.524292,113.273232,135.545685,108.786644
2025-01-13,6.143847,85.067207,4.399863,184.833969,41.219204,42.817848,46.437771,130.031372,112.471138,137.312317,109.402451
2025-01-14,6.175972,84.430069,4.493844,185.580276,41.732254,43.278057,47.012638,131.567856,112.768211,135.895111,109.190598
2025-01-15,6.290192,84.870445,4.570084,187.130280,42.129162,43.918541,48.211094,132.399689,115.011108,136.448425,111.969154
2025-01-16,6.339272,84.879807,4.586387,186.728424,42.477654,44.236416,48.532635,134.004639,114.124832,136.991989,111.363182
2025-01-17,6.385674,83.689865,4.602690,192.172607,42.753544,44.578011,48.941860,134.807129,115.912224,136.069839,112.924881
2025-01-20,6.247675,83.605537,4.694273,193.081573,,,,,,,
2025-01-21,6.249516,83.727341,4.593101,195.330032,43.300484,44.350281,49.351097,137.576675,116.877693,138.321823,113.752525
2025-01-22,6.152916,84.074028,4.543712,198.200424,42.951996,43.543743,49.117249,137.253693,119.516685,138.011200,113.323929
2025-01-23,6.134516,84.570618,4.654955,199.970490,43.189167,43.743000,49.399807,138.643387,119.729591,139.855484,114.008698
2025-01-24,6.146476,84.570618,4.682286,199.444260,43.077835,43.320751,49.545959,138.056198,118.481888,140.078751,113.314056
2025-01-27,6.218235,86.407074,4.700987,192.698837,43.102043,42.870041,50.091599,136.206558,112.674141,143.223755,113.959442
2025-01-28,6.246755,86.613205,4.712495,191.407166,42.961674,42.462029,50.003910,135.306213,115.679504,142.223938,114.097389
2025-01-29,6.228355,87.550171,4.801681,194.564590,42.884224,42.556911,49.964935,134.846252,114.738777,141.389191,113.772232
2025-01-30,6.316675,87.887474,4.820861,196.286819,43.290813,42.775150,50.442371,136.353348,114.951683,143.019897,114.885628
2025-01-31,6.319435,89.555283,4.760445,198.487457,42.976192,41.579575,50.150066,135.394318,114.278336,142.563675,114.378181
2025-02-03,6.335075,90.033127,4.642968,193.368607,43.019760,41.840515,49.945446,134.053574,112.738495,143.116959,112.865761
2025-02-04,6.363595,89.564644,4.783940,193.129410,43.145603,42.718220,49.828529,134.092743,114.362495,142.728699,114.195915
2025-02-05,6.395794,92.366173,5.180484,192.555328,43.111721,42.808361,50.354679,134.190582,115.951836,144.097351,112.900246
2025-02-06,6.340595,91.551018,5.397216,199.061539,43.261765,42.020802,50.773655,134.797333,116.268707,142.806351,113.348557
2025-02-07,6.342434,90.726486,5.300358,198.487457,42.734180,42.016056,50.491089,134.396103,115.273514,142.136566,111.131630
2025-02-10,6.367275,90.829552,5.259121,202.027603,42.951996,42.941212,50.091599,135.599808,116.956917,142.010391,111.510979
2025-02-11,6.320354,91.860222,5.424068,205.615585,43.203686,43.287544,50.218273,135.648758,117.011383,141.748306,110.244873
2025-02-12,6.261475,91.635345,5.530517,202.888733,42.893913,42.243786,50.042885,134.807129,116.758881,141.544464,110.225166
2025-02-13,6.357154,91.616600,5.486403,217.623383,43.639305,42.561653,50.374165,134.944122,118.412567,142.097763,111.880470
2025-02-14,6.325874,89.358521,5.554491,220.511993,43.489258,42.732449,50.471600,134.611404,118.813622,140.554367,111.831200
2025-02-17,6.287235,89.705193,5.571753,222.274521,,,,,,,
2025-02-18,6.271595,90.108086,5.716561,221.491165,44.041039,43.316013,50.832111,135.668335,119.897919,140.282608,111.520821
2025-02-19,6.278955,90.501610,5.566958,215.762955,43.523140,43.657600,50.851593,135.805344,119.907829,142.107452,111.456779
2025-02-20,6.251355,90.567207,5.580384,216.644211,43.421497,44.056129,50.072113,134.914764,119.526588,142.903427,110.496109
2025-02-21,6.299195,91.963287,5.642719,216.840057,42.627701,43.140469,49.448528,131.959290,116.288506,142.136566,107.589493
2025-02-24,6.384754,92.206894,5.710807,213.559799,42.579296,43.149956,49.662888,131.362320,114.624908,143.291687,107.185532
2025-02-25,6.426154,94.371284,5.797117,212.091019,42.908428,42.528446,49.653141,132.037582,113.139549,144.524460,106.623901
2025-02-26,6.432594,90.913879,5.976449,218.798416,42.889072,42.286484,49.545959,132.115891,114.372398,143.485840,106.185440
2025-02-27,6.427994,91.457321,5.943843,216.007751,42.598663,42.514214,49.818787,131.655914,110.208458,142.903427,104.653297
2025-02-28,6.494233,91.504166,5.966858,216.595261,42.961674,43.173676,50.841862,133.417465,111.664108,144.563248,106.392365
2025-03-03,6.426154,92.684746,6.038783,221.246368,42.100121,41.664974,50.413139,131.518921,108.267593,145.194229,104.431610
2025-03-04,6.307475,93.115746,5.673407,208.859711,41.528973,41.261703,48.639812,128.954865,108.183411,143.844986,102.589111
2025-03-05,6.176836,93.696663,5.907401,226.729797,42.613178,40.659164,48.922375,130.990463,109.703438,145.291290,104.150810
2025-03-06,6.118876,93.200081,6.052209,237.941452,42.390530,40.782520,48.113663,129.865005,106.658455,144.893295,101.510223
2025-03-07,6.244915,94.558678,5.967817,229.422562,42.506699,41.479942,47.860329,131.381897,108.203224,144.903030,101.323006
2025-03-10,6.384754,94.989677,5.706972,223.645370,41.620937,41.788326,46.788544,129.326767,103.603569,143.340225,97.706978
2025-03-11,6.405914,92.874054,5.621621,218.553619,41.301483,41.456215,46.389050,127.340126,103.182709,141.777435,96.751236
2025-03-12,6.410514,93.466042,5.755879,222.127640,41.107872,41.645992,46.457253,127.330345,104.806702,140.360260,97.312836
2025-03-13,6.435353,94.067741,5.759716,221.784927,41.078835,41.361336,46.203922,126.028755,102.816338,139.612823,94.884094
2025-03-14,6.475834,93.504868,5.959187,226.925644,41.616100,42.585381,47.275715,128.328568,105.925674,140.680557,96.903954
2025-03-17,6.500673,95.688423,6.067553,229.422562,42.138840,43.263821,47.831097,130.099899,106.663399,142.466599,97.056664
2025-03-18,6.509873,95.523445,6.310178,232.066345,42.066238,43.334984,47.772633,129.062546,105.039413,142.534531,95.327469
2025-03-19,6.603713,95.339050,6.291957,231.772583,42.206600,44.041897,48.298786,130.775162,106.405945,142.612244,97.155212
2025-03-20,6.669033,96.833580,6.137560,229.569427,41.940392,44.203209,48.366993,130.119476,105.648422,142.699585,96.923653
2025-03-21,6.721472,96.299828,6.175919,224.086014,41.524132,43.894817,48.191608,129.424606,105.935577,142.301605,97.273445
2025-03-24,6.631313,95.222603,6.235376,220.658875,42.086819,44.394951,49.041401,131.824738,107.941856,143.388092,100.920166
2025-03-25,6.670872,94.989685,6.347579,224.134964,42.077084,44.576649,49.315208,132.021057,108.298973,141.556168,101.725403
2025-03-26,6.703992,94.407402,6.235376,219.826553,42.154907,44.839619,49.168526,131.147430,105.883492,141.039734,100.396523
2025-03-27,6.781271,95.387581,6.187428,216.937973,42.135445,44.404514,49.070736,130.450439,104.906403,141.263840,100.460747
2025-03-28,6.932150,95.707840,6.058922,211.503510,41.362186,44.194141,48.122181,127.760735,102.361977,140.825333,97.338631
2025-03-31,6.897191,94.950867,5.941925,207.488846,41.814472,44.681835,48.708916,128.663864,102.411583,142.277237,97.546127
2025-04-01,6.915591,95.513741,6.063716,210.279526,41.970100,44.944813,48.650238,129.390259,103.160530,139.675491,98.563782
2025-04-02,6.970790,93.960983,6.091528,210.279526,42.315388,45.006966,49.051174,130.607498,103.924347,140.610962,100.436050
2025-04-03,7.161229,94.426819,5.775060,193.369034,40.404125,41.473537,46.635777,123.539680,96.831726,139.470871,94.369667
2025-04-04,6.826351,89.312431,5.268711,181.755920,37.875214,37.658016,43.222927,115.774895,90.453316,131.821533,90.299072
2025-04-07,6.309315,84.547424,5.028004,172.923706,37.267303,37.414165,43.115360,115.234978,90.993950,131.032257,89.232033
2025-04-08,6.405914,86.022537,5.278301,178.935883,36.119572,36.548740,42.949116,114.282791,89.143906,129.580353,87.112755
2025-04-09,6.247675,80.510262,5.145000,173.472046,39.275841,39.379307,46.185951,124.432968,101.112083,135.212585,96.597641
2025-04-10,6.413274,82.208588,5.429822,183.048447,38.021114,36.806931,44.895119,121.223007,96.405167,131.441544,92.823441
2025-04-11,6.434434,83.547829,5.358856,176.918762,39.149399,37.720169,45.638325,123.362984,98.379204,133.370911,93.722519
2025-04-14,6.513553,86.119583,5.560245,181.834259,39.621136,37.854050,46.107716,124.648941,99.276939,134.998184,93.994232
2025-04-15,6.636833,87.536469,5.759716,181.442596,39.309883,37.796680,46.225067,124.030502,99.639015,134.169952,93.317451
2025-04-16,6.709512,87.788795,5.777937,182.265106,39.003494,38.107464,45.501419,122.332260,96.177017,132.805740,91.015388
2025-04-17,6.782192,87.953773,5.698340,183.126785,39.270973,38.968102,45.618767,122.999786,95.656235,132.026184,91.588425
2025-04-21,,,,,38.672791,37.949677,44.640873,120.241364,93.186211,129.180862,89.143112
2025-04-22,6.897191,88.002296,5.804789,185.378906,39.577362,38.915508,46.117496,122.342079,95.457832,131.607178,91.963875
2025-04-23,6.857631,88.215805,6.060840,192.409439,39.626003,38.843792,46.665119,123.873444,98.225433,132.260040,94.018936
2025-04-24,6.899951,89.283318,5.997547,196.473038,40.481934,39.465366,47.183399,126.651489,101.890800,133.877594,95.891212
2025-04-25,6.927550,89.807373,6.152904,202.495026,40.180408,39.393642,46.958485,126.641678,103.398605,134.520737,97.615288
2025-04-28,6.945951,90.641975,6.267024,200.781464,40.253353,39.670971,47.105164,127.063789,103.229965,135.056686,97.649864
2025-04-29,7.028749,91.428055,6.274827,198.039734,40.588928,39.556213,47.594109,127.888351,103.711082,135.719299,98.341476
2025-04-30,7.032430,91.020462,6.029999,197.745987,40.798050,38.489971,47.682121,128.811111,104.142586,136.878876,97.447319
2025-05-01,,,,,40.618099,38.633411,47.672344,129.782944,105.670219,133.146774,97.985794
2025-05-02,7.061870,91.428055,6.181188,205.432571,41.303822,39.197617,48.660019,132.109421,107.435936,134.988464,99.507317
2025-05-05,7.102349,90.185860,6.227031,206.852386,40.997448,38.489971,48.347095,132.178131,106.865555,134.608444,98.450150
2025-05-06,7.080269,90.176147,6.192892,204.600266,40.700783,38.499531,48.073284,131.019775,105.977737,130.895828,97.590576
2025-05-07,7.123509,89.108635,6.194843,204.796097,40.477070,38.513878,48.356873,131.687332,107.039146,131.899521,98.351349
2025-05-08,6.976310,88.419601,6.399680,208.761795,41.016895,39.020706,48.757809,133.503357,108.060875,130.710693,99.512253
2025-05-09,7.120749,88.225510,6.489418,209.594101,41.123886,39.412773,48.757809,133.611343,107.926979,129.288025,99.991447
2025-05-12,7.071989,88.972771,6.598664,217.133804,42.077084,40.440765,49.745483,137.724411,112.936440,132.484161,104.961128
2025-05-13,7.111549,87.439423,6.616221,220.463028,41.867966,41.009747,49.950844,138.686417,115.376709,128.498718,106.349289
2025-05-14,7.124429,86.701859,6.727418,219.385925,41.483768,40.761120,49.813938,138.018906,116.125656,125.477997,106.759308
2025-05-15,7.239428,87.672333,6.701082,217.231735,41.906872,40.933247,50.146416,139.550278,116.284363,127.124794,106.522186
2025-05-16,7.319468,88.768967,6.743025,215.371277,42.334839,40.871086,50.449562,141.140518,116.502602,129.687531,107.529945
2025-05-19,7.372827,88.846611,6.772287,217.182770,42.441833,40.340359,50.478901,141.621521,116.333969,130.934799,107.278015
2025-05-20,7.443666,90.535225,6.870804,217.623398,42.368881,39.967407,50.205093,141.111069,115.897491,131.256378,106.719795
2025-05-21,7.434467,90.991348,6.863000,216.399414,41.804745,39.231079,49.178307,138.725708,113.720108,128.216156,104.556046
2025-05-22,7.474026,90.253792,6.900066,212.580612,41.760979,39.078079,49.119633,138.696228,113.749870,127.212479,105.005592
2025-05-23,7.432627,90.020874,6.798623,207.880539,41.678299,39.202393,48.943611,138.244675,112.495018,127.007835,104.062042
2025-05-26,7.479547,91.039871,6.884459,214.098328,,,,,,,
2025-05-27,7.424346,90.913712,6.930304,216.399414,42.407791,39.541866,49.804157,140.679169,115.168396,128.781311,107.134758
2025-05-28,7.392147,89.991768,6.861050,212.972275,41.829067,39.039825,49.471668,139.982193,114.692245,128.118698,106.151688
2025-05-29,7.383867,,6.857148,208.174286,41.984684,39.331490,49.725925,140.109772,114.885674,128.976212,106.196129
2025-05-30,7.438147,91.253372,6.858124,207.390945,41.989544,38.982452,49.833492,140.198151,114.528572,129.249039,105.618149
2025-06-02,7.429867,92.272369,6.867877,209.202423,42.237576,39.494061,49.853050,140.021469,115.540390,129.326981,105.865166
2025-06-03,7.421587,92.485878,6.827886,209.594101,42.670406,39.962631,49.950844,141.101257,117.276352,129.629074,106.428322
2025-06-04,7.430786,93.204018,6.779115,213.510834,42.830898,39.183266,49.667252,141.179794,117.449944,129.882416,106.146729
2025-06-05,7.371906,93.815414,6.875681,214.685852,42.578011,39.145023,49.530350,141.081619,117.117630,129.707016,103.469246
2025-06-06,7.387547,94.213310,6.903968,214.245224,42.689861,39.881344,50.146416,142.269409,118.223679,130.944565,104.812935
2025-06-09,7.304748,,6.908845,214.734818,42.976795,39.957851,49.872604,142.141815,118.803978,130.720413,105.652733
2025-06-10,7.320387,94.688843,6.769361,214.490021,43.244278,40.670273,49.931286,141.523361,119.468597,132.211319,106.917381
2025-06-11,7.334188,94.135674,6.790820,215.126480,42.816307,41.258381,49.872604,141.592087,119.205727,132.279541,106.072647
2025-06-12,7.382946,95.174072,6.826910,212.825409,42.996250,41.401817,49.872604,141.219086,120.311790,133.312439,105.573700
2025-06-13,7.343387,94.290955,6.690353,210.475357,42.495327,42.123806,48.855598,140.031265,118.625427,132.649826,104.600510
2025-06-16,7.346148,93.524277,6.952739,211.503510,42.855213,41.999489,49.412998,140.993286,120.544891,132.240570,105.726845
2025-06-17,7.330507,92.747902,6.766435,209.545135,42.436974,42.391560,49.129406,139.933105,119.691811,130.057800,103.903969
2025-06-18,7.322227,92.165619,6.790820,206.656555,42.315388,42.114246,49.109852,139.599350,119.835640,129.833725,103.953362
2025-06-19,7.313947,92.398529,6.627926,203.572113,,,,,,,
2025-06-20,7.353507,92.087975,6.744976,204.942978,42.028458,42.544571,49.246758,139.756409,119.304924,129.210068,104.076859
2025-06-23,7.439067,92.272369,6.688402,204.453400,42.496731,41.468685,49.866909,141.648895,120.665199,129.396103,106.139748
2025-06-24,7.472186,92.602325,6.898116,210.034729,42.848675,40.928818,50.612648,142.830414,122.831299,130.982208,106.728867
2025-06-25,7.392147,92.194733,6.733271,209.153473,42.438068,40.750465,50.445839,141.570099,123.879562,131.099716,105.471436
2025-06-26,7.415147,93.184608,6.716689,210.377457,42.907330,41.333717,50.818714,143.106125,124.734070,131.413010,106.441734
2025-06-27,7.419746,93.339890,6.863976,218.112991,42.961094,41.116806,50.965904,144.533844,124.585037,131.129089,108.214027
2025-06-30,7.411467,93.330177,6.854222,213.119156,42.921986,40.880611,51.387833,145.252609,125.807182,131.971100,107.590263
2025-07-01,7.582585,95.009094,6.793746,211.160782,44.031582,41.193924,51.672394,145.735092,124.684395,133.850937,108.050674
2025-07-02,7.543946,95.523445,6.944935,214.930649,44.691467,41.902504,51.633148,145.882782,126.000931,132.529175,108.917015
2025-07-03,7.507146,93.941582,7.069788,216.693176,44.662144,41.950710,52.192455,147.123428,127.660286,132.666229,109.511086
2025-07-04,7.493347,95.222603,6.953714,211.503510,,,,,,,
2025-07-07,7.438147,94.727661,7.119534,213.804596,44.231987,41.545811,51.692024,146.611389,126.646790,131.550095,108.119972
2025-07-08,7.391227,94.824707,7.193666,212.531647,44.593704,42.664108,51.230835,146.572006,127.327423,132.147339,107.753647
2025-07-09,7.469427,94.669434,7.364363,220.805740,44.862549,42.447197,51.417271,147.596024,128.092514,132.656448,108.392250
2025-07-10,7.372827,96.280411,7.160501,222.078690,45.102062,42.770157,51.721458,148.423126,127.670235,133.469086,109.590286
2025-07-11,7.347067,93.388412,7.034673,218.406754,44.735458,42.962959,51.181774,147.891418,127.108826,132.362717,109.619987
2025-07-14,7.322227,93.582504,7.053206,215.713989,44.486168,42.490582,51.564461,148.688965,127.004486,132.206070,110.025932
2025-07-15,7.267948,93.223427,6.968345,213.755630,43.572105,41.878403,50.681335,147.576340,128.132263,129.826920,108.451668
2025-07-16,7.234828,92.311188,6.995656,212.629562,43.689415,41.516884,51.034584,148.098206,128.529709,131.442398,108.649673
2025-07-17,7.256908,90.583748,7.110755,221.295334,43.997360,41.772358,51.525208,149.466843,129.697189,129.944382,109.020981
2025-07-18,7.286348,89.564758,7.075641,219.532806,44.100014,41.434937,51.554653,149.132065,129.612762,129.082779,109.986328
2025-07-21,7.331026,88.846611,7.104903,219.875519,44.324860,41.005939,51.407463,148.344360,129.781662,128.348465,110.506134
2025-07-22,7.431789,89.428886,7.050280,215.762955,44.935871,41.198750,51.692024,148.698822,128.579391,130.737442,111.624962
2025-07-23,7.351940,90.370247,7.201468,222.959946,45.087399,41.844666,52.104137,151.367172,129.314651,133.420166,112.154678
2025-07-24,7.283496,90.768135,7.390699,222.519318,44.623028,42.143520,52.074707,151.111176,129.861145,132.920792,110.298218
2025-07-25,7.333879,90.108215,7.406305,222.568283,45.150940,41.984451,52.437767,152.607803,130.159225,133.625748,111.322968
2025-07-28,7.319619,90.583748,7.366313,220.952621,44.495937,42.461655,52.074707,152.135178,131.197571,132.460632,111.971497
2025-07-29,7.304409,91.922997,7.527256,222.323486,44.324860,42.876198,51.809769,150.402237,131.202530,131.618622,111.199219
2025-07-30,7.379507,92.214134,7.504822,224.183914,43.430347,42.264023,51.711643,149.663773,131.495651,131.383621,110.496239
2025-07-31,7.350988,91.408653,7.350707,220.218231,42.882889,42.037472,51.387833,149.673599,130.531845,127.702286,109.619987
2025-08-01,7.310113,,7.018092,208.516998,42.389198,41.256592,50.436031,147.438522,127.714920,128.387650,106.976395
2025-08-04,7.466012,91.787132,7.296084,212.286850,42.951321,41.165009,50.936462,148.797256,130.308289,130.228302,108.233841
2025-08-05,7.405173,92.650856,7.306813,214.245224,43.254379,41.218033,50.730400,148.492050,129.230209,129.728989,108.372467
2025-08-06,7.427988,89.642395,7.420936,214.441055,42.785126,40.837231,50.975708,148.610184,130.685852,127.780609,110.624962
2025-08-07,7.373803,90.302315,7.583830,222.372437,42.970879,40.678162,50.406586,148.393616,130.805084,126.311966,110.590302
2025-08-08,7.397568,91.282486,7.759404,227.562103,43.185944,40.938457,50.877586,148.511734,132.111710,127.437927,110.783363
2025-08-11,7.426086,93.184608,7.803298,223.302658,43.088184,40.610680,50.857964,148.029282,131.217453,127.565186,111.070496
2025-08-12,7.454604,93.388412,7.817930,226.289169,43.650311,40.808311,51.476143,149.565292,133.249390,128.446396,112.248734
2025-08-13,7.551565,94.640312,7.935954,225.456863,44.471504,41.280693,51.770515,150.136398,133.299072,130.502457,113.788361
2025-08-14,7.622860,95.659309,8.015938,228.394409,44.007137,41.242134,52.015831,148.807159,133.010941,131.158463,113.659637
2025-08-15,,96.552139,8.041299,229.373596,44.007137,41.242134,51.476143,148.127731,132.002411,133.361389,113.387360
2025-08-18,7.584836,97.260590,8.001307,228.688171,43.752964,40.996300,51.515392,148.708679,132.285568,133.048080,113.842804
2025-08-19,7.639971,97.920509,8.037396,233.290329,44.016914,41.010757,51.613522,149.033600,129.975418,133.899887,113.788361
2025-08-20,7.697958,99.337395,7.973020,228.639206,44.051132,41.353001,51.878456,148.895752,129.096054,134.624420,112.664581
2025-08-21,7.725525,99.822632,8.053979,228.786072,44.183105,41.637394,51.711643,148.364029,128.629074,134.174026,111.996246
2025-08-22,7.711267,98.949203,8.111528,231.968430,45.058071,42.485760,52.565327,150.786209,130.372864,135.280396,115.397285
2025-08-25,7.668489,98.250465,8.080316,230.597580,44.808781,42.596622,52.261143,149.279739,130.079742,133.351608,115.164612
2025-08-26,7.616206,98.289284,7.948635,230.010056,44.930981,42.529144,52.663456,150.815781,130.675919,134.183838,115.694321
2025-08-27,7.587688,98.968620,7.864748,228.149612,45.043407,43.006351,52.771389,150.796082,131.381378,134.105515,115.719070
2025-08-28,7.574379,98.541611,8.032520,231.919479,45.043407,43.334126,52.840076,151.061935,132.419739,133.576782,115.917084
2025-08-29,7.494529,98.172836,7.959363,231.674683,45.106949,43.570316,52.977455,149.673599,130.387787,134.555893,114.724007
2025-09-01,7.477418,98.541611,7.997405,234.220551,,,,,,,
2025-09-02,7.391864,98.211647,7.852069,223.939133,44.769669,43.632984,52.584953,148.245895,129.071213,134.683151,113.867561
2025-09-03,7.428938,100.036133,7.885232,224.673508,44.466618,42.654469,52.496643,147.497559,129.841278,134.046753,114.327957
2025-09-04,7.461258,100.851326,7.984725,225.261032,44.637695,42.938862,53.046139,149.161591,130.482178,134.555893,116.417099
2025-09-05,7.453653,100.909561,7.890110,221.295334,44.950531,42.109776,52.074707,148.610184,130.591461,135.016052,116.392342
2025-09-08,7.426086,99.298576,8.085192,225.848526,44.989639,42.013378,52.113956,148.944977,131.570175,134.967102,116.842842
2025-09-09,7.376655,99.046249,8.118356,223.743286,44.256424,42.215824,52.339645,147.940643,131.823547,135.691635,116.679474
2025-09-10,7.431789,97.765228,8.266619,223.645370,44.339527,42.953323,52.163021,149.033600,134.213196,134.457977,115.283417
2025-09-11,7.431789,98.774521,8.330997,224.281845,45.268257,42.962959,53.016701,150.451477,134.665314,136.798004,117.526009
2025-09-12,7.470764,95.931038,8.281250,223.792252,44.813667,42.707493,52.791016,149.250229,134.575882,135.221664,118.134941
2025-09-15,7.528751,94.776184,8.398299,225.407898,44.451950,42.562885,52.673264,149.939453,135.788101,134.066315,119.159683
2025-09-16,7.439395,94.019211,8.196389,221.344299,44.315083,43.276279,52.555519,149.496384,135.316132,134.066315,119.892372
2025-09-17,7.410876,93.728073,8.184685,220.560944,44.417740,43.377506,53.065769,148.816986,134.849121,134.330673,119.590393
2025-09-18,7.365248,93.844528,8.321242,223.253708,44.417740,43.242538,53.114826,150.402237,137.179153,134.595047,119.050789
2025-09-19,7.372853,94.882935,8.441217,223.645370,44.398182,42.668926,53.232578,150.766556,138.570236,134.418808,119.501282
2025-09-22,7.459357,95.397285,8.340750,222.323486,44.382957,42.619823,53.161694,151.270782,140.608765,134.384399,119.111984
2025-09-23,7.475517,94.640312,8.473406,224.232880,44.240536,43.353901,52.925419,151.310318,139.394989,134.689301,117.991188
2025-09-24,7.566775,94.941162,8.523152,221.638062,43.700298,43.917816,52.777748,150.529251,138.534424,134.148331,118.824348
2025-09-25,7.563923,95.106140,8.494865,219.141129,43.130592,44.311596,52.639923,149.510895,138.290680,131.925476,117.148109
2025-09-26,7.580083,95.494331,8.632400,223.988083,43.631538,44.719948,53.023872,150.855530,138.708527,133.272964,118.878906
2025-09-29,7.587688,96.125137,8.531930,221.491165,43.798523,43.898373,53.289677,151.320221,139.449707,133.666382,119.399620
2025-09-30,7.667539,97.163544,8.655807,224.428711,44.014614,43.431683,53.033714,152.486893,140.210831,136.882645,118.844193
2025-10-01,7.746439,100.948372,8.604111,226.631882,43.552956,43.431683,52.561161,152.061737,141.583771,141.111954,119.588074
2025-10-02,7.754043,100.948372,8.449020,236.178909,44.058819,42.994160,52.521790,152.457214,142.349838,140.836563,118.725159
2025-10-03,7.802524,102.112946,8.531930,236.178909,44.132484,43.222641,52.886044,152.664856,141.633514,142.439789,117.961426
2025-10-06,7.789216,102.675819,8.479259,238.186234,44.093197,43.436539,52.866352,153.376709,143.066162,141.751282,118.973122
2025-10-07,7.763549,102.054718,8.385620,237.256012,43.916389,43.504604,52.935265,152.506653,142.111053,141.859467,116.890221
2025-10-08,7.818684,103.355148,8.546562,240.144608,44.152130,43.251812,52.679302,153.831512,144.603287,142.134872,117.237381
2025-10-09,7.855757,103.471603,8.434390,241.319626,43.548046,42.663582,52.492249,151.557495,144.359528,141.820129,116.652184
2025-10-10,7.914694,101.860619,8.310513,237.256012,42.654202,41.428787,51.350262,148.205811,138.484695,139.774323,113.443527
2025-10-13,7.936559,101.414200,8.409029,240.976913,43.331951,41.992706,51.842495,149.748199,141.857376,139.616943,115.977730
2025-10-14,8.028767,100.967789,8.312464,233.388245,43.764145,41.987850,52.413494,151.508072,140.036713,140.000534,116.220718
2025-10-15,8.020211,100.967789,8.274422,235.640366,43.567692,41.963543,52.413494,150.875305,141.424591,140.216919,116.389343
2025-10-16,8.117171,101.258926,8.368062,239.165421,43.243549,41.457958,50.956467,149.886612,141.529053,139.980865,115.263573
2025-10-17,8.097209,101.142471,8.087144,232.947601,43.160057,41.798256,51.369946,150.015137,141.777786,140.915253,116.255432
2025-10-20,8.125729,101.064835,8.232479,238.137283,43.675739,42.240639,51.970478,151.784912,143.359665,142.410263,117.177864
2025-10-21,8.141888,101.472427,8.159324,236.864334,43.508755,42.143414,51.911411,153.129532,143.434265,142.744675,118.611099
2025-10-22,8.062037,101.763573,8.182734,236.962265,43.376156,42.683025,51.616066,151.142242,142.016556,143.561050,117.683716
2025-10-23,8.101012,101.433609,8.187611,234.661179,43.896744,43.251812,51.724365,153.030655,143.807373,143.639709,118.214348
2025-10-24,8.068691,101.006607,8.165176,238.528961,43.715031,42.814285,52.285511,153.159195,146.040909,143.629883,117.862244
2025-10-27,8.133331,100.113777,8.301734,241.662338,43.695385,42.916374,52.502098,154.029236,148.737091,143.964310,119.558319
2025-10-28,8.236947,95.950455,8.395373,241.123795,43.754311,42.469120,52.167377,152.931778,150.209518,143.059433,119.588074
2025-10-29,8.279724,95.591377,8.759202,240.634201,42.894848,42.785114,51.281349,153.327271,151.289001,141.613586,118.601173
2025-10-30,8.361476,95.960152,8.645575,241.858170,42.320232,42.532318,51.419174,152.941681,149.428543,141.928329,115.923164
2025-10-31,8.338663,96.338638,8.720668,240.438370,42.074669,42.843452,51.556995,153.307495,149.572800,141.879150,118.987999
2025-11-03,8.378588,96.561852,8.741417,242.054016,41.814377,42.848309,51.340416,152.654953,150.184662,142.075867,120.103836
2025-11-04,8.514524,98.483383,8.700906,239.116455,41.608105,42.386482,51.606224,150.885193,146.219986,142.715195,118.110214
2025-11-05,8.494560,98.580429,8.771059,239.899811,41.853664,42.498291,51.783428,151.468521,146.792053,143.265976,119.548409
2025-11-06,8.452734,98.910385,8.836271,236.570587,41.647392,42.911507,51.596378,150.865417,143.842194,143.541382,116.786087
2025-11-07,8.426117,98.988029,8.743393,232.360107,42.148338,43.528908,51.960629,151.597061,143.344727,143.738083,116.969574
2025-11-10,8.463190,99.182121,9.064514,240.585236,42.546150,43.922680,52.147682,152.457214,147.010941,144.859360,118.506958
2025-11-11,8.512622,101.006607,9.197904,242.249847,42.988163,44.496326,52.383961,152.496765,145.757385,148.203461,118.799553
2025-11-12,8.496462,101.608292,9.449861,245.187393,43.292660,43.874069,52.836819,152.645081,146.210052,150.308304,118.001106
2025-11-13,8.513573,102.617584,9.436028,222.274521,43.007805,43.985882,52.157528,150.282089,142.563751,150.229614,115.055298
2025-11-14,8.535437,101.336563,9.180119,225.554794,42.614906,44.734531,51.635757,150.291977,143.339767,149.334564,114.504814
2025-11-17,8.633348,102.656403,8.991398,218.357788,41.966621,43.917816,50.651279,148.818832,141.096268,149.206696,113.428650
2025-11-18,8.560152,98.988029,8.668300,213.608749,42.001003,44.267838,50.572521,148.156387,138.803040,150.082077,111.335831
2025-11-19,8.300638,99.201530,8.813546,214.049393,42.109047,43.694195,50.759579,148.650742,139.768097,149.826340,111.340797
2025-11-20,8.354822,97.454681,8.815522,216.497345,41.480415,43.198334,50.316563,146.159225,135.380585,148.931305,109.679443
2025-11-21,8.350070,99.842041,8.699919,214.587921,42.408634,43.470570,50.867863,147.938873,135.902924,152.068878,111.831757
2025-11-24,8.422315,99.958496,8.722644,218.357788,42.492123,43.349033,51.084450,148.304688,139.141296,152.708191,113.324501
2025-11-25,8.343415,101.491844,8.928162,222.274521,43.125675,43.076797,51.724365,150.203003,139.514389,156.160507,115.749588
2025-11-26,8.393796,102.190582,9.103049,223.351624,43.656094,43.402512,52.127998,151.073059,141.165924,155.816254,116.543076
2025-11-27,8.460339,101.550072,9.130715,222.813065,,,,,,,
2025-11-28,8.467943,101.394798,9.132691,223.547455,43.906567,43.971291,52.502098,151.952988,142.379684,155.058914,117.267143
2025-12-01,8.468895,101.181290,9.184071,221.491165,43.798523,44.394234,52.068928,149.728409,142.444366,152.737701,117.336571
2025-12-02,8.510720,103.064003,9.318447,222.568283,43.400711,43.820591,52.019707,151.033493,143.911835,151.822983,117.257210
2025-12-03,8.406155,104.228569,9.204820,223.988083,43.705208,44.642170,52.718681,152.467117,144.255066,152.531158,118.521835
2025-12-04,8.386191,103.723923,9.368839,225.407898,43.449821,44.831764,52.826977,153.258057,144.792313,151.370529,118.100288
2025-12-05,8.339612,103.918022,9.347101,228.590240,43.307396,44.647026,52.846661,152.832932,145.851868,150.741058,118.754913
2025-12-08,8.329156,103.491013,9.376743,229.471512,42.708218,44.160889,52.649765,152.645081,146.876617,148.941132,117.029091
2025-12-09,8.290181,103.665695,9.410337,229.177765,42.619820,44.433128,52.452873,151.527817,147.264648,147.495300,117.019173
2025-12-10,8.252157,102.307037,9.486418,226.778763,43.454735,44.899822,53.053402,154.296188,147.970993,149.639481,118.735077
2025-12-11,8.284478,102.850502,9.661305,233.877838,44.319111,44.685917,54.018188,155.947327,147.214905,151.055801,119.201248
2025-12-12,8.289231,102.384674,9.517049,232.115311,44.348583,44.248394,54.096943,154.968506,142.956741,151.527908,119.717010
2025-12-15,8.426117,104.073288,9.755173,234.171585,44.319111,43.937267,54.136330,155.215683,141.573822,153.534393,120.738632
2025-12-16,8.344366,104.306213,9.699841,232.555939,44.201241,42.595520,53.791759,154.296188,141.832504,151.537766,120.936996
2025-12-17,8.195122,104.772034,9.753197,227.806900,44.387871,43.538628,53.781918,151.794785,138.678665,151.262360,119.538483
2025-12-18,8.196072,104.558525,9.875716,230.891327,44.368225,42.906651,53.693314,152.783478,140.817688,151.380371,121.343658
2025-12-19,8.306341,105.315491,9.851015,231.087158,44.564674,42.906651,53.988655,154.098465,143.862091,152.393448,120.857643
2025-12-22,8.273070,105.509590,9.820385,231.723633,45.090912,43.350842,54.651550,155.806824,144.638275,153.397995,121.584129
2025-12-23,8.335811,106.848839,9.882632,232.849701,45.169899,43.635212,54.760220,155.747299,145.425446,153.091797,121.415184
2025-12-24,,,9.869788,,45.258759,43.507740,55.056595,156.253265,145.774185,153.891876,121.832588
2025-12-26,,,,,45.525337,43.341042,54.947922,155.965576,146.003357,154.138824,121.295937
2025-12-29,8.378588,106.654747,9.847062,232.115311,45.160030,43.752876,54.651550,155.628250,145.345734,153.901733,120.103340
2025-12-30,8.438475,106.363602,10.005154,234.171585,45.150154,44.086273,54.513241,155.181808,144.887390,153.773331,119.616371
2025-12-31,,,9.949821,,44.774971,43.841129,54.108192,153.892105,143.452560,152.904114,118.672241
